city,state,total_rows,pass_i1,pass_i3,pass_i4,ready,meets_threshold,pages_unlocked,filters
"Jacksonville",FL,55,54,54,55,53,true,59,"indoor outdoor free public lights"
"Seattle",WA,63,63,53,63,53,true,59,"indoor outdoor free public lights"
"Sacramento",CA,55,51,55,55,51,true,56,"indoor outdoor free public"
"Lincoln",NE,51,51,49,51,49,true,55,"indoor outdoor free public lights"
"Atlanta",GA,55,52,49,55,46,true,52,"indoor outdoor free public lights"
"Charlotte",NC,50,48,47,50,45,true,51,"indoor outdoor free public lights"
"Indianapolis",IN,46,46,44,46,44,true,50,"indoor outdoor free public lights"
"Honolulu",HI,43,43,43,43,43,true,49,"indoor outdoor free public lights"
"Wichita",KS,46,43,46,46,43,true,48,"indoor outdoor public lights"
"Portland",OR,51,51,42,51,42,true,48,"indoor outdoor free public lights"
"Houston",TX,54,51,44,54,41,true,47,"indoor outdoor free public lights"
"San Francisco",CA,39,39,39,39,39,true,45,"indoor outdoor free public lights"
"Denver",CO,45,43,41,45,39,true,45,"indoor outdoor free public lights"
"Omaha",NE,41,39,40,41,38,true,44,"indoor outdoor free public lights"
"San Diego",CA,39,39,37,39,37,true,43,"indoor outdoor free public lights"
"Washington",DC,36,36,36,36,36,true,42,"indoor outdoor free public lights"
"The Villages",FL,39,39,38,39,38,true,41,"outdoor public"
"Tucson",AZ,37,36,36,37,35,true,41,"indoor outdoor free public lights"
"Naples",FL,38,37,36,38,35,true,40,"indoor outdoor public lights"
"Las Vegas",NV,41,40,35,41,34,true,40,"indoor outdoor free public lights"
"Austin",TX,45,41,36,45,34,true,40,"indoor outdoor free public lights"
"Boise",ID,36,35,36,36,35,true,39,"indoor outdoor public"
"Madison",WI,37,36,34,37,33,true,38,"indoor outdoor public lights"
"Knoxville",TN,34,33,33,34,32,true,38,"indoor outdoor free public lights"
"Dallas",TX,43,41,34,43,32,true,38,"indoor outdoor free public lights"
"Colorado Springs",CO,34,32,33,34,31,true,37,"indoor outdoor free public lights"
"Alexandria",VA,31,30,31,31,30,true,36,"indoor outdoor free public lights"
"Spokane",WA,30,30,29,30,29,true,35,"indoor outdoor free public lights"
"Mesa",AZ,32,32,30,32,30,true,34,"outdoor public lights"
"Phoenix",AZ,31,31,28,31,28,true,34,"indoor outdoor free public lights"
"St. Louis",MO,30,30,28,30,28,true,34,"indoor outdoor free public lights"
"Roanoke",VA,28,28,28,28,28,true,34,"indoor outdoor free public lights"
"Aurora",CO,28,27,27,28,26,true,30,"indoor outdoor public"
"Fort Worth",TX,28,28,25,28,25,true,30,"indoor outdoor public lights"
"Louisville",KY,31,30,25,31,24,true,30,"indoor outdoor free public lights"
"San Antonio",TX,29,29,24,29,24,true,30,"indoor outdoor free public lights"
"Charlottesville",VA,25,24,24,25,24,true,29,"indoor outdoor public lights"
"Fort Wayne",IN,26,23,26,26,23,true,29,"indoor outdoor free public lights"
"Marietta",GA,24,24,24,24,24,true,28,"indoor outdoor public"
"Des Moines",IA,25,24,25,25,24,true,28,"indoor outdoor public"
"Nashville",TN,28,28,23,28,23,true,28,"indoor outdoor public lights"
"Appleton",WI,25,24,24,25,23,true,28,"indoor outdoor public lights"
"Virginia Beach",VA,23,23,22,23,22,true,28,"indoor outdoor free public lights"
"Raleigh",NC,24,24,21,24,21,true,27,"indoor outdoor free public lights"
"Richmond",VA,23,23,21,23,21,true,27,"indoor outdoor free public lights"
"Lewes",DE,22,22,22,22,22,true,26,"indoor outdoor public"
"Frederick",MD,24,24,22,24,22,true,26,"indoor outdoor public"
"St. Petersburg",FL,22,21,21,22,20,true,26,"indoor outdoor free public lights"
"Chicago",IL,22,21,21,22,20,true,26,"indoor outdoor free public lights"
"Melbourne",FL,20,20,20,20,20,true,25,"indoor outdoor public lights"
"Reno",NV,20,20,20,20,20,true,25,"indoor outdoor public lights"
"Tulsa",OK,20,20,20,20,20,true,25,"indoor outdoor public lights"
"Elk Grove",CA,21,21,19,21,19,true,25,"indoor outdoor free public lights"
"Springfield",MO,19,19,19,19,19,true,25,"indoor outdoor free public lights"
"Pittsburgh",PA,19,19,19,19,19,true,25,"indoor outdoor free public lights"
"Palm Desert",CA,20,19,19,20,19,true,24,"outdoor free public lights"
"Orlando",FL,23,23,19,23,19,true,24,"indoor outdoor public lights"
"Philadelphia",PA,20,20,19,20,19,true,24,"indoor outdoor public lights"
"Lexington",KY,22,21,19,22,18,true,24,"indoor outdoor free public lights"
"Asheville",NC,18,18,18,18,18,true,24,"indoor outdoor free public lights"
"Albuquerque",NM,21,20,19,21,18,true,24,"indoor outdoor free public lights"
"San Jose",CA,22,22,19,22,19,true,23,"outdoor free public"
"Anchorage",AK,23,19,22,23,18,true,23,"indoor outdoor free public"
"Ocala",FL,19,19,18,19,18,true,23,"indoor outdoor public lights"
"Columbus",OH,18,18,18,18,18,true,23,"indoor outdoor public lights"
"Vancouver",WA,24,24,18,24,18,true,23,"indoor outdoor public lights"
"Tampa",FL,17,17,17,17,17,true,23,"indoor outdoor free public lights"
"Cincinnati",OH,20,20,17,20,17,true,23,"indoor outdoor free public lights"
"Wilmington",DE,19,19,18,19,18,true,22,"indoor outdoor public"
"Boston",MA,21,21,18,21,18,true,22,"indoor outdoor public"
"Bradenton",FL,19,18,18,19,17,true,22,"indoor outdoor public lights"
"Rochester",NY,18,18,17,18,17,true,22,"indoor outdoor public lights"
"Salem",OR,18,17,18,18,17,true,22,"indoor outdoor public lights"
"Scottsdale",AZ,20,20,16,20,16,true,22,"indoor outdoor free public lights"
"Charleston",SC,17,17,16,17,16,true,22,"indoor outdoor free public lights"
"Plano",TX,18,18,16,18,16,true,22,"indoor outdoor free public lights"
"Fort Collins",CO,17,17,16,17,16,true,21,"indoor outdoor public lights"
"Carmel",IN,16,16,16,16,16,true,21,"indoor outdoor free public"
"Rockville",MD,18,17,17,18,16,true,21,"indoor outdoor public lights"
"Silver Spring",MD,21,20,17,21,16,true,21,"indoor outdoor public lights"
"Henderson",NV,18,18,16,18,16,true,21,"outdoor free public lights"
"Bellingham",WA,16,16,16,16,16,true,21,"indoor outdoor public lights"
"Sarasota",FL,23,23,15,23,15,true,21,"indoor outdoor free public lights"
"Cary",NC,16,16,15,16,15,true,21,"indoor outdoor free public lights"
"Tacoma",WA,16,15,16,16,15,true,21,"indoor outdoor free public lights"
"Miami",FL,17,17,17,17,17,true,20,"outdoor public"
"Huntsville",AL,25,18,23,25,16,true,20,"indoor outdoor public"
"Boynton Beach",FL,17,17,16,17,16,true,20,"indoor outdoor lights"
"Fort Myers",FL,17,17,16,17,16,true,20,"outdoor public lights"
"Nampa",ID,16,16,16,16,16,true,20,"indoor outdoor public"
"Minneapolis",MN,16,16,16,16,16,true,20,"indoor outdoor public"
"Gainesville",FL,19,17,17,19,15,true,20,"indoor outdoor public lights"
"Baton Rouge",LA,16,15,16,16,15,true,20,"indoor outdoor free public"
"New York",NY,17,15,17,17,15,true,20,"indoor outdoor public lights"
"Myrtle Beach",SC,15,15,15,15,15,true,20,"indoor outdoor public lights"
"Peoria",AZ,15,15,15,15,15,true,19,"indoor outdoor public"
"Roseville",CA,17,17,15,17,15,true,19,"indoor outdoor public"
"Baltimore",MD,15,15,15,15,15,true,19,"outdoor free public"
"Littleton",CO,15,15,14,15,14,true,19,"indoor outdoor public lights"
"Cedar Rapids",IA,16,15,15,16,14,true,19,"indoor outdoor free public"
"Klamath Falls",OR,14,14,14,14,14,true,19,"indoor outdoor public lights"
"Sioux Falls",SD,14,14,14,14,14,true,19,"indoor outdoor public lights"
"The Woodlands",TX,16,16,14,16,14,true,19,"indoor outdoor public lights"
"Orem",UT,16,15,15,16,14,true,19,"indoor outdoor public lights"
"Lynchburg",VA,16,15,15,16,14,true,19,"indoor outdoor public lights"
"Greensboro",NC,14,13,14,14,13,true,19,"indoor outdoor free public lights"
"Medford",OR,14,14,13,14,13,true,19,"indoor outdoor free public lights"
"El Paso",TX,19,18,14,19,13,true,19,"indoor outdoor free public lights"
"Meridian",ID,15,14,15,15,14,true,18,"indoor outdoor public"
"Newark",DE,15,14,14,15,13,true,18,"indoor outdoor free public"
"Tallahassee",FL,14,14,13,14,13,true,18,"indoor outdoor public lights"
"Poughkeepsie",NY,13,13,13,13,13,true,18,"indoor outdoor public lights"
"Arlington",TX,16,15,14,16,13,true,18,"indoor outdoor public lights"
"Katy",TX,17,17,13,17,13,true,18,"indoor outdoor public lights"
"Oshkosh",WI,14,13,14,14,13,true,18,"indoor outdoor public lights"
"Durham",NC,14,13,13,14,12,true,18,"indoor outdoor free public lights"
"Akron",OH,12,12,12,12,12,true,18,"indoor outdoor free public lights"
"Canton",OH,13,13,12,13,12,true,18,"indoor outdoor free public lights"
"Arlington",VA,12,12,12,12,12,true,18,"indoor outdoor free public lights"
"Redmond",WA,18,18,12,18,12,true,18,"indoor outdoor free public lights"
"Green Bay",WI,12,12,12,12,12,true,18,"indoor outdoor free public lights"
"Menifee",CA,14,13,14,14,13,true,17,"outdoor free public"
"West Des Moines",IA,16,14,15,16,13,true,17,"indoor outdoor public"
"Bakersfield",CA,13,12,13,13,12,true,17,"outdoor free public lights"
"Overland Park",KS,13,13,12,13,12,true,17,"indoor outdoor public lights"
"Santa Fe",NM,12,12,12,12,12,true,17,"indoor outdoor public lights"
"Chattanooga",TN,14,13,13,14,12,true,17,"indoor outdoor public lights"
"Corpus Christi",TX,18,17,13,18,12,true,17,"indoor outdoor public lights"
"Salt Lake City",UT,12,12,12,12,12,true,17,"indoor outdoor public lights"
"Manassas",VA,16,16,12,16,12,true,17,"indoor outdoor public lights"
"Birmingham",AL,13,12,12,13,11,true,17,"indoor outdoor free public lights"
"Columbia",SC,12,12,11,12,11,true,17,"indoor outdoor free public lights"
"Amarillo",TX,13,12,12,13,11,true,17,"indoor outdoor free public lights"
"St. Augustine",FL,13,13,13,13,13,true,16,"outdoor public"
"Flagstaff",AZ,13,12,13,13,12,true,16,"indoor outdoor public"
"Venice",FL,12,12,12,12,12,true,16,"indoor outdoor public"
"Cartersville",GA,12,12,12,12,12,true,16,"indoor outdoor public"
"Bloomington",IL,12,12,12,12,12,true,16,"indoor outdoor public"
"Green Valley",AZ,11,11,11,11,11,true,16,"outdoor free public lights"
"Yuma",AZ,12,12,11,12,11,true,16,"outdoor free public lights"
"Annapolis",MD,11,11,11,11,11,true,16,"indoor outdoor public lights"
"Columbia",MD,11,11,11,11,11,true,16,"indoor outdoor public lights"
"Cornelius",NC,14,13,12,14,11,true,16,"indoor outdoor public lights"
"Springfield",OH,11,11,11,11,11,true,16,"indoor outdoor public lights"
"Lancaster",PA,11,11,11,11,11,true,16,"indoor outdoor public lights"
"Mechanicsburg",PA,11,11,11,11,11,true,16,"outdoor free public lights"
"Memphis",TN,12,11,12,12,11,true,16,"indoor free public lights"
"Fredericksburg",VA,11,11,11,11,11,true,16,"indoor outdoor public lights"
"Bellevue",WA,24,23,12,24,11,true,16,"indoor outdoor public lights"
"Wheeling",WV,11,11,11,11,11,true,16,"indoor outdoor public lights"
"Apex",NC,10,10,10,10,10,true,16,"indoor outdoor free public lights"
"Chapel Hill",NC,10,10,10,10,10,true,16,"indoor outdoor free public lights"
"Las Cruces",NM,10,10,10,10,10,true,16,"indoor outdoor free public lights"
"Corvallis",OR,11,10,11,11,10,true,16,"indoor outdoor free public lights"
"Eugene",OR,12,11,11,12,10,true,16,"indoor outdoor free public lights"
"Logan",UT,12,10,12,12,10,true,16,"indoor outdoor free public lights"
"Peoria",IL,11,11,11,11,11,true,15,"indoor outdoor public"
"Ann Arbor",MI,11,11,11,11,11,true,15,"indoor outdoor public"
"Grand Rapids",MI,11,11,11,11,11,true,15,"indoor outdoor public"
"Muskegon County",MI,11,11,11,11,11,true,15,"indoor outdoor public"
"Wilmington",NC,14,14,11,14,11,true,15,"outdoor public lights"
"Long Beach",CA,11,10,11,11,10,true,15,"outdoor free public lights"
"Centennial",CO,10,10,10,10,10,true,15,"indoor outdoor public lights"
"Lakewood",CO,10,10,10,10,10,true,15,"indoor outdoor public lights"
"Longmont",CO,10,10,10,10,10,true,15,"indoor outdoor public lights"
"Fishers",IN,10,10,10,10,10,true,15,"indoor outdoor free public"
"Rochester",MN,11,10,11,11,10,true,15,"indoor outdoor free public"
"Huntersville",NC,11,10,11,11,10,true,15,"indoor outdoor public lights"
"Plattsburgh",NY,11,10,11,11,10,true,15,"indoor outdoor public lights"
"Broken Arrow",OK,11,11,10,11,10,true,15,"indoor outdoor public lights"
"Oklahoma City",OK,12,10,12,12,10,true,15,"indoor outdoor public lights"
"Bend",OR,13,13,10,13,10,true,15,"indoor outdoor public lights"
"West Chester",PA,10,10,10,10,10,true,15,"indoor outdoor public lights"
"Lubbock",TX,11,10,11,11,10,true,15,"indoor outdoor public lights"
"Fairfax",VA,11,11,10,11,10,true,15,"indoor outdoor public lights"
"Norfolk",VA,11,10,11,11,10,true,15,"indoor outdoor public lights"
"Milwaukee",WI,11,11,10,11,10,true,15,"indoor outdoor public lights"
"Naperville",IL,10,10,9,10,9,true,15,"indoor outdoor free public lights"
"Irvine",CA,11,11,10,11,10,true,14,"outdoor public lights"
"Jupiter",FL,12,10,12,12,10,true,14,"indoor outdoor public"
"Owensboro",KY,11,10,11,11,10,true,14,"indoor outdoor public"
"Peabody",MA,10,10,10,10,10,true,14,"indoor outdoor public"
"Detroit",MI,10,10,10,10,10,true,14,"indoor outdoor public"
"Kansas City",MO,14,13,11,14,10,true,14,"outdoor free public"
"Brooklyn",NY,12,11,10,12,10,true,14,"indoor outdoor public"
"Erie",PA,11,10,11,11,10,true,14,"indoor outdoor public"
"Hilton Head Island",SC,13,13,10,13,10,true,14,"outdoor public lights"
"Clarksville",TN,10,10,10,10,10,true,14,"indoor public lights"
"Mobile",AL,11,10,10,11,9,true,14,"indoor outdoor public lights"
"Gilbert",AZ,10,10,9,10,9,true,14,"indoor outdoor public lights"
"Sahuarita",AZ,10,9,10,10,9,true,14,"outdoor free public lights"
"Clearwater",FL,10,10,9,10,9,true,14,"indoor outdoor public lights"
"New Smyrna Beach",FL,9,9,9,9,9,true,14,"outdoor free public lights"
"Canton",GA,9,9,9,9,9,true,14,"indoor outdoor public lights"
"Decatur",GA,9,9,9,9,9,true,14,"indoor outdoor public lights"
"Albany",OR,9,9,9,9,9,true,14,"indoor outdoor public lights"
"Summerville",SC,10,10,9,10,9,true,14,"indoor outdoor public lights"
"Burlington",VT,10,10,9,10,9,true,14,"indoor outdoor public lights"
"Kent",WA,10,10,9,10,9,true,14,"indoor outdoor public lights"
"Yucaipa",CA,11,10,11,11,10,true,13,"outdoor public"
"Rehoboth Beach",DE,10,10,10,10,10,true,13,"outdoor public"
"Delray Beach",FL,10,10,10,10,10,true,13,"outdoor public"
"Viera",FL,10,10,10,10,10,true,13,"outdoor public"
"Eagle",ID,10,10,10,10,10,true,13,"indoor outdoor"
"Traverse City",MI,10,10,10,10,10,true,13,"outdoor public"
"Decatur",AL,10,9,10,10,9,true,13,"indoor outdoor public"
"Prescott",AZ,10,9,9,10,9,true,13,"indoor outdoor lights"
"Carlsbad",CA,11,11,9,11,9,true,13,"indoor outdoor public"
"Chula Vista",CA,9,9,9,9,9,true,13,"indoor outdoor public"
"Pueblo",CO,10,10,9,10,9,true,13,"indoor outdoor public"
"Bonita Springs",FL,9,9,9,9,9,true,13,"outdoor public lights"
"Douglasville",GA,11,9,11,11,9,true,13,"indoor outdoor public"
"Ankeny",IA,9,9,9,9,9,true,13,"indoor outdoor public"
"Belleville",IL,9,9,9,9,9,true,13,"indoor outdoor public"
"Westfield",MA,9,9,9,9,9,true,13,"indoor outdoor public"
"Eden Prairie",MN,9,9,9,9,9,true,13,"indoor outdoor public"
"Santa Clarita",CA,8,8,8,8,8,true,13,"indoor outdoor free public"
"Boulder",CO,10,10,8,10,8,true,13,"indoor outdoor public lights"
"Kissimmee",FL,10,10,8,10,8,true,13,"outdoor free public lights"
"West Palm Beach",FL,8,8,8,8,8,true,13,"indoor outdoor public lights"
"Alpharetta",GA,9,9,8,9,8,true,13,"indoor outdoor public lights"
"Greenville",NC,8,8,8,8,8,true,13,"indoor outdoor public lights"
"Hendersonville",NC,10,9,9,10,8,true,13,"indoor outdoor public lights"
"New Bern",NC,9,8,9,9,8,true,13,"indoor outdoor public lights"
"Dansville",NY,8,8,8,8,8,true,13,"indoor outdoor public lights"
"Cleveland",OH,8,8,8,8,8,true,13,"indoor outdoor free public"
"North Canton",OH,8,8,8,8,8,true,13,"indoor outdoor public lights"
"Grants Pass",OR,9,8,9,9,8,true,13,"indoor outdoor public lights"
"Greenville",SC,11,10,9,11,8,true,13,"outdoor free public lights"
"Cookeville",TN,9,9,8,9,8,true,13,"indoor outdoor public lights"
"Conroe",TX,8,8,8,8,8,true,13,"indoor outdoor public lights"
"McAllen",TX,8,8,8,8,8,true,13,"indoor outdoor public lights"
"Chesapeake",VA,9,8,9,9,8,true,13,"indoor outdoor public lights"
"South Burlington",VT,8,8,8,8,8,true,13,"indoor outdoor public lights"
"Auburn",WA,9,9,8,9,8,true,13,"outdoor free public lights"
"Marysville",WA,8,8,8,8,8,true,13,"outdoor free public lights"
"West Bend",WI,8,8,8,8,8,true,13,"indoor outdoor public lights"
"Athens",GA,7,7,7,7,7,true,13,"indoor outdoor free public lights"
"Columbus",GA,10,10,7,10,7,true,13,"indoor outdoor free public lights"
"Mooresville",NC,10,10,7,10,7,true,13,"indoor outdoor free public lights"
"Chambersburg",PA,7,7,7,7,7,true,13,"indoor outdoor free public lights"
"Apache Junction",AZ,11,11,9,11,9,true,12,"outdoor lights"
"Casa Grande",AZ,9,9,9,9,9,true,12,"outdoor lights"
"Miami Beach",FL,9,9,9,9,9,true,12,"outdoor public"
"Palm Coast",FL,10,9,9,10,9,true,12,"outdoor public"
"Punta Gorda",FL,10,9,10,10,9,true,12,"outdoor public"
"Brunswick",GA,9,9,9,9,9,true,12,"outdoor public"
"Surprise",AZ,8,8,8,8,8,true,12,"outdoor public lights"
"Stamford",CT,10,9,9,10,8,true,12,"indoor outdoor public"
"Fort Pierce",FL,9,8,9,9,8,true,12,"outdoor free public"
"Oviedo",FL,8,8,8,8,8,true,12,"indoor outdoor public"
"New Orleans",LA,8,8,8,8,8,true,12,"indoor free public"
"Newton",MA,9,8,9,9,8,true,12,"indoor public lights"
"Woburn",MA,8,8,8,8,8,true,12,"indoor outdoor public"
"Worcester",MA,8,8,8,8,8,true,12,"indoor outdoor public"
"Bowie",MD,9,9,8,9,8,true,12,"indoor outdoor public"
"Salisbury",MD,9,9,8,9,8,true,12,"indoor outdoor public"
"Saginaw",MI,8,8,8,8,8,true,12,"outdoor public lights"
"Woodbury",MN,11,8,11,11,8,true,12,"indoor outdoor public"
"Festus",MO,9,8,9,9,8,true,12,"indoor outdoor public"
"Bismarck",ND,8,8,8,8,8,true,12,"indoor outdoor public"
"Buffalo",NY,9,9,8,9,8,true,12,"indoor outdoor public"
"Norman",OK,10,9,9,10,8,true,12,"indoor public lights"
"State College",PA,8,8,8,8,8,true,12,"outdoor public lights"
"McKinney",TX,10,10,8,10,8,true,12,"indoor outdoor lights"
"Bennington",VT,9,8,8,9,8,true,12,"indoor outdoor public"
"Fond Du Lac",WI,8,8,8,8,8,true,12,"outdoor public lights"
"Racine",WI,10,8,10,10,8,true,12,"indoor outdoor public"
"Red Bluff",CA,7,7,7,7,7,true,12,"indoor outdoor public lights"
"Lenexa",KS,7,7,7,7,7,true,12,"indoor outdoor public lights"
"Paducah",KY,9,7,9,9,7,true,12,"outdoor free public lights"
"Burlington",NC,7,7,7,7,7,true,12,"indoor outdoor public lights"
"Grand Forks",ND,8,7,8,8,7,true,12,"indoor outdoor public lights"
"Concord",NH,7,7,7,7,7,true,12,"indoor outdoor public lights"
"Farmington",NM,8,7,8,8,7,true,12,"outdoor free public lights"
"Los Alamos",NM,7,7,7,7,7,true,12,"outdoor free public lights"
"North Las Vegas",NV,7,7,7,7,7,true,12,"outdoor free public lights"
"Staten Island",NY,8,8,7,8,7,true,12,"indoor outdoor public lights"
"Stillwater",OK,7,7,7,7,7,true,12,"indoor outdoor public lights"
"Beaverton",OR,13,13,7,13,7,true,12,"indoor outdoor public lights"
"Williamsport",PA,8,7,8,8,7,true,12,"indoor outdoor public lights"
"York",PA,7,7,7,7,7,true,12,"indoor outdoor public lights"
"Aiken",SC,7,7,7,7,7,true,12,"outdoor free public lights"
"Lexington",SC,7,7,7,7,7,true,12,"indoor outdoor public lights"
"Mount Pleasant",SC,8,8,7,8,7,true,12,"indoor outdoor public lights"
"Denton",TX,7,7,7,7,7,true,12,"indoor outdoor public lights"
"Irving",TX,8,8,7,8,7,true,12,"indoor outdoor public lights"
"Montgomery",TX,8,8,7,8,7,true,12,"indoor outdoor public lights"
"Nacogdoches",TX,7,7,7,7,7,true,12,"indoor outdoor public lights"
"Rockwall",TX,8,8,7,8,7,true,12,"indoor outdoor public lights"
"San Angelo",TX,8,7,8,8,7,true,12,"outdoor free public lights"
"Wichita Falls",TX,7,7,7,7,7,true,12,"indoor outdoor public lights"
"Harrisonburg",VA,7,7,7,7,7,true,12,"indoor outdoor public lights"
"Mechanicsville",VA,7,7,7,7,7,true,12,"indoor free public lights"
"Warrenton",VA,7,7,7,7,7,true,12,"indoor outdoor public lights"
"Williamsburg",VA,9,9,7,9,7,true,12,"indoor outdoor public lights"
"Kennewick",WA,10,10,7,10,7,true,12,"indoor outdoor public lights"
"Olympia",WA,7,7,7,7,7,true,12,"indoor outdoor public lights"
"Parkersburg",WV,7,7,7,7,7,true,12,"indoor outdoor public lights"
"Riverside",CA,7,6,7,7,6,true,12,"indoor outdoor free public lights"
"Port Townsend",WA,6,6,6,6,6,true,12,"indoor outdoor free public lights"
"Escondido",CA,8,8,8,8,8,true,11,"outdoor public"
"Monterey",CA,8,8,8,8,8,true,11,"outdoor public"
"Truckee",CA,8,8,8,8,8,true,11,"outdoor public"
"Evergreen",CO,8,8,8,8,8,true,11,"outdoor public"
"Boca Raton",FL,12,12,8,12,8,true,11,"outdoor public"
"Fernandina Beach",FL,8,8,8,8,8,true,11,"outdoor public"
"Vero Beach",FL,10,9,9,10,8,true,11,"outdoor public"
"Augusta",GA,8,8,8,8,8,true,11,"indoor public"
"Pearl City",HI,8,8,8,8,8,true,11,"outdoor public"
"Waipahu",HI,8,8,8,8,8,true,11,"outdoor public"
"Coeur d'Alene",ID,12,10,10,12,8,true,11,"outdoor public"
"El Cajon",CA,7,7,7,7,7,true,11,"indoor outdoor public"
"Fresno",CA,7,7,7,7,7,true,11,"outdoor free public"
"Hayward",CA,7,7,7,7,7,true,11,"indoor outdoor public"
"Rancho Mirage",CA,7,7,7,7,7,true,11,"outdoor public lights"
"San Clemente",CA,7,7,7,7,7,true,11,"indoor outdoor public"
"Loveland",CO,10,7,10,10,7,true,11,"indoor outdoor public"
"Windsor",CO,7,7,7,7,7,true,11,"indoor outdoor public"
"Milford",CT,8,8,7,8,7,true,11,"indoor outdoor public"
"Trumbull",CT,7,7,7,7,7,true,11,"indoor outdoor public"
"Lakewood Ranch",FL,8,8,7,8,7,true,11,"outdoor public lights"
"Cumming",GA,8,7,8,8,7,true,11,"indoor outdoor lights"
"Savannah",GA,10,9,8,10,7,true,11,"outdoor public lights"
"Ames",IA,7,7,7,7,7,true,11,"indoor outdoor public"
"Davenport",IA,9,7,9,9,7,true,11,"indoor outdoor public"
"Champaign",IL,7,7,7,7,7,true,11,"outdoor free public"
"Decatur",IL,9,7,9,9,7,true,11,"indoor outdoor public"
"Quincy",IL,7,7,7,7,7,true,11,"outdoor free public"
"Noblesville",IN,7,7,7,7,7,true,11,"indoor outdoor public"
"Topeka",KS,9,7,9,9,7,true,11,"indoor public lights"
"Beverly",MA,7,7,7,7,7,true,11,"indoor outdoor public"
"Danvers",MA,7,7,7,7,7,true,11,"indoor outdoor public"
"Mashpee",MA,7,7,7,7,7,true,11,"indoor outdoor public"
"Portland",ME,8,8,7,8,7,true,11,"indoor outdoor public"
"Livonia",MI,8,7,8,8,7,true,11,"indoor outdoor public"
"Marquette",MI,7,7,7,7,7,true,11,"indoor outdoor public"
"Eagan",MN,7,7,7,7,7,true,11,"indoor outdoor public"
"Moorhead",MN,7,7,7,7,7,true,11,"indoor outdoor public"
"Chesterfield",MO,8,7,8,8,7,true,11,"indoor outdoor lights"
"Jefferson City",MO,8,7,8,8,7,true,11,"outdoor free public"
"Pinehurst",NC,9,8,8,9,7,true,11,"outdoor public lights"
"Keene",NH,7,7,7,7,7,true,11,"outdoor public lights"
"Kingston",NY,7,7,7,7,7,true,11,"indoor public lights"
"Syracuse",NY,7,7,7,7,7,true,11,"outdoor public lights"
"Troy",NY,7,7,7,7,7,true,11,"outdoor public lights"
"Rapid City",SD,8,7,8,8,7,true,11,"indoor outdoor public"
"Cypress",TX,14,14,7,14,7,true,11,"indoor outdoor public"
"Granbury",TX,7,7,7,7,7,true,11,"indoor public lights"
"Little Elm",TX,7,7,7,7,7,true,11,"outdoor public lights"
"Spring",TX,12,12,7,12,7,true,11,"outdoor public lights"
"Waco",TX,8,8,7,8,7,true,11,"outdoor public lights"
"St. George",UT,7,7,7,7,7,true,11,"outdoor public lights"
"Falls Church",VA,7,7,7,7,7,true,11,"outdoor public lights"
"Ellensburg",WA,8,7,8,8,7,true,11,"indoor public lights"
"Everett",WA,10,8,8,10,7,true,11,"outdoor public lights"
"Sequim",WA,7,7,7,7,7,true,11,"indoor outdoor public"
"Eau Claire",WI,7,7,7,7,7,true,11,"indoor outdoor public"
"Charleston",WV,8,8,7,8,7,true,11,"indoor public lights"
"Tempe",AZ,8,7,7,8,6,true,11,"indoor outdoor public lights"
"Lakeland",FL,6,6,6,6,6,true,11,"indoor outdoor public lights"
"Clinton",IA,6,6,6,6,6,true,11,"indoor outdoor public lights"
"Bedford",MA,6,6,6,6,6,true,11,"indoor outdoor free public"
"Bel Air",MD,6,6,6,6,6,true,11,"indoor outdoor public lights"
"Blue Springs",MO,7,6,6,7,6,true,11,"outdoor free public lights"
"Winston Salem",NC,8,7,7,8,6,true,11,"indoor outdoor public lights"
"Madison",NJ,6,6,6,6,6,true,11,"outdoor free public lights"
"Sparks",NV,6,6,6,6,6,true,11,"outdoor free public lights"
"Binghamton",NY,7,7,6,7,6,true,11,"indoor outdoor public lights"
"Lockport",NY,6,6,6,6,6,true,11,"indoor outdoor public lights"
"Mcminnville",OR,7,6,7,7,6,true,11,"indoor outdoor public lights"
"Carlisle",PA,6,6,6,6,6,true,11,"indoor free public lights"
"Havertown",PA,6,6,6,6,6,true,11,"indoor outdoor public lights"
"Crossville",TN,9,7,8,9,6,true,11,"indoor outdoor public lights"
"League City",TX,7,6,7,7,6,true,11,"indoor outdoor free public"
"Tyler",TX,6,6,6,6,6,true,11,"indoor outdoor public lights"
"Salem",VA,6,6,6,6,6,true,11,"indoor outdoor public lights"
"Bremerton",WA,7,6,7,7,6,true,11,"indoor outdoor public lights"
"Longview",WA,6,6,6,6,6,true,11,"indoor outdoor public lights"
"Mercer Island",WA,6,6,6,6,6,true,11,"indoor outdoor public lights"
"Walla Walla",WA,6,6,6,6,6,true,11,"outdoor free public lights"
"Goodyear",AZ,10,10,7,10,7,true,10,"outdoor public"
"Oro Valley",AZ,8,8,7,8,7,true,10,"outdoor lights"
"Folsom",CA,7,7,7,7,7,true,10,"indoor outdoor"
"Hemet",CA,7,7,7,7,7,true,10,"outdoor public"
"Novato",CA,7,7,7,7,7,true,10,"outdoor public"
"Oceanside",CA,7,7,7,7,7,true,10,"outdoor public"
"Salinas",CA,7,7,7,7,7,true,10,"outdoor public"
"Tracy",CA,7,7,7,7,7,true,10,"outdoor public"
"Tustin",CA,7,7,7,7,7,true,10,"outdoor public"
"Westport",CT,7,7,7,7,7,true,10,"outdoor public"
"Fort Walton Beach",FL,7,7,7,7,7,true,10,"outdoor public"
"Orange Park",FL,7,7,7,7,7,true,10,"outdoor public"
"Panama City Beach",FL,8,8,7,8,7,true,10,"outdoor lights"
"Ponte Vedra",FL,7,7,7,7,7,true,10,"outdoor public"
"Cedar Falls",IA,7,7,7,7,7,true,10,"indoor public"
"Caldwell",ID,7,7,7,7,7,true,10,"outdoor public"
"Idaho Falls",ID,7,7,7,7,7,true,10,"indoor public"
"Mccall",ID,7,7,7,7,7,true,10,"outdoor public"
"Post Falls",ID,7,7,7,7,7,true,10,"outdoor public"
"Skokie",IL,7,7,7,7,7,true,10,"outdoor public"
"Springfield",IL,10,7,10,10,7,true,10,"indoor public"
"Evansville",IN,8,7,8,8,7,true,10,"indoor public"
"Battle Creek",MI,7,7,7,7,7,true,10,"indoor public"
"Saint Paul",MN,9,7,9,9,7,true,10,"indoor public"
"New Paltz",NY,7,7,7,7,7,true,10,"outdoor public"
"Hillsboro",OR,7,7,7,7,7,true,10,"outdoor public"
"North Bend",OR,7,7,7,7,7,true,10,"outdoor public"
"Allentown",PA,7,7,7,7,7,true,10,"outdoor public"
"Round Rock",TX,8,8,7,8,7,true,10,"indoor outdoor"
"Enterprise",AL,6,6,6,6,6,true,10,"outdoor public lights"
"Florence",AL,7,7,6,7,6,true,10,"indoor outdoor public"
"Little Rock",AR,7,6,7,7,6,true,10,"indoor outdoor public"
"Glendale",AZ,6,6,6,6,6,true,10,"indoor public lights"
"Davis",CA,6,6,6,6,6,true,10,"outdoor free public"
"Santa Rosa",CA,6,6,6,6,6,true,10,"outdoor free public"
"Arvada",CO,6,6,6,6,6,true,10,"indoor outdoor public"
"Parker",CO,8,8,6,8,6,true,10,"indoor public lights"
"Daytona Beach",FL,6,6,6,6,6,true,10,"outdoor public lights"
"Englewood",FL,7,7,6,7,6,true,10,"indoor public lights"
"Fort Lauderdale",FL,6,6,6,6,6,true,10,"indoor outdoor public"
"Palm Bay",FL,6,6,6,6,6,true,10,"indoor outdoor public"
"Lahaina",HI,7,7,6,7,6,true,10,"outdoor free public"
"Bettendorf",IA,8,6,8,8,6,true,10,"indoor outdoor public"
"Council Bluffs",IA,6,6,6,6,6,true,10,"indoor outdoor public"
"Marshalltown",IA,6,6,6,6,6,true,10,"indoor outdoor public"
"Ottumwa",IA,6,6,6,6,6,true,10,"indoor outdoor public"
"Rock Island",IL,7,6,7,7,6,true,10,"indoor outdoor public"
"Bloomington",IN,6,6,6,6,6,true,10,"indoor outdoor public"
"Andover",KS,7,6,7,7,6,true,10,"indoor outdoor public"
"Westford",MA,6,6,6,6,6,true,10,"outdoor free public"
"Hagerstown",MD,7,7,6,7,6,true,10,"indoor outdoor public"
"Havre De Grace",MD,6,6,6,6,6,true,10,"outdoor free public"
"Millersville",MD,6,6,6,6,6,true,10,"indoor outdoor public"
"Bloomington",MN,6,6,6,6,6,true,10,"indoor outdoor public"
"Detroit Lakes",MN,6,6,6,6,6,true,10,"indoor outdoor public"
"Edina",MN,7,6,7,7,6,true,10,"indoor outdoor public"
"St. Charles",MO,7,7,6,7,6,true,10,"outdoor public lights"
"Billings",MT,8,7,7,8,6,true,10,"indoor outdoor public"
"Brevard",NC,6,6,6,6,6,true,10,"indoor outdoor public"
"Franklin",NC,6,6,6,6,6,true,10,"indoor outdoor public"
"Fargo",ND,6,6,6,6,6,true,10,"indoor outdoor public"
"Cortland",NY,7,6,7,7,6,true,10,"indoor outdoor public"
"North Tonawanda",NY,6,6,6,6,6,true,10,"indoor public lights"
"Medina",OH,6,6,6,6,6,true,10,"outdoor free public"
"Hood River",OR,6,6,6,6,6,true,10,"indoor outdoor public"
"Beaufort",SC,6,6,6,6,6,true,10,"outdoor public lights"
"Sparta",TN,6,6,6,6,6,true,10,"outdoor public lights"
"Brownsville",TX,7,7,6,7,6,true,10,"outdoor public lights"
"Galveston",TX,7,7,6,7,6,true,10,"indoor outdoor public"
"Sugar Land",TX,8,7,7,8,6,true,10,"indoor outdoor public"
"Park City",UT,6,6,6,6,6,true,10,"outdoor public lights"
"Sandy",UT,8,8,6,8,6,true,10,"outdoor public lights"
"Chesterfield",VA,8,8,6,8,6,true,10,"outdoor public lights"
"Culpeper",VA,7,7,6,7,6,true,10,"indoor outdoor public"
"Henrico",VA,6,6,6,6,6,true,10,"indoor public lights"
"McLean",VA,6,6,6,6,6,true,10,"outdoor free public"
"Palmyra",VA,6,6,6,6,6,true,10,"outdoor public lights"
"Reston",VA,8,8,6,8,6,true,10,"indoor public lights"
"Rutland",VT,7,7,6,7,6,true,10,"indoor outdoor public"
"Anacortes",WA,6,6,6,6,6,true,10,"outdoor free public"
"Lacey",WA,6,6,6,6,6,true,10,"outdoor public lights"
"Spokane Valley",WA,7,7,6,7,6,true,10,"indoor public lights"
"Kenosha",WI,8,6,8,8,6,true,10,"indoor public lights"
"Sheridan",WY,6,6,6,6,6,true,10,"indoor outdoor public"
"Gainesville",GA,6,6,5,6,5,true,10,"outdoor free public lights"
"Oahu",HI,8,5,8,8,5,true,10,"outdoor free public lights"
"Biloxi",MS,6,5,6,6,5,true,10,"outdoor free public lights"
"Concord",NC,5,5,5,5,5,true,10,"indoor outdoor free public"
"Randolph",NJ,6,5,6,6,5,true,10,"indoor outdoor public lights"
"Dayton",OH,6,6,5,6,5,true,10,"indoor outdoor public lights"
"Dublin",OH,5,5,5,5,5,true,10,"indoor outdoor public lights"
"Pharr",TX,6,6,5,6,5,true,10,"indoor outdoor public lights"
"Burke",VA,5,5,5,5,5,true,10,"outdoor free public lights"
"Vienna",VA,7,6,6,7,5,true,10,"indoor outdoor public lights"
"Weirton",WV,5,5,5,5,5,true,10,"indoor outdoor public lights"
"Koloa",HI,7,7,7,7,7,true,9,"outdoor"
"Gulf Shores",AL,7,6,7,7,6,true,9,"outdoor public"
"Bullhead City",AZ,7,6,6,7,6,true,9,"indoor public"
"Chandler",AZ,9,8,7,9,6,true,9,"outdoor lights"
"Auburn",CA,6,6,6,6,6,true,9,"outdoor public"
"El Centro",CA,6,6,6,6,6,true,9,"indoor outdoor"
"Grass Valley",CA,8,7,7,8,6,true,9,"outdoor public"
"Redding",CA,6,6,6,6,6,true,9,"outdoor public"
"Santa Barbara",CA,6,6,6,6,6,true,9,"outdoor public"
"Englewood",CO,6,6,6,6,6,true,9,"outdoor public"
"Greeley",CO,6,6,6,6,6,true,9,"outdoor public"
"Wheat Ridge",CO,7,6,6,7,6,true,9,"indoor public"
"Danbury",CT,6,6,6,6,6,true,9,"indoor public"
"Greenwich",CT,7,7,6,7,6,true,9,"outdoor public"
"Simsbury",CT,7,7,6,7,6,true,9,"indoor public"
"Cape Coral",FL,6,6,6,6,6,true,9,"outdoor public"
"Estero",FL,7,7,6,7,6,true,9,"outdoor public"
"Wesley Chapel",FL,6,6,6,6,6,true,9,"outdoor lights"
"Wildwood",FL,6,6,6,6,6,true,9,"outdoor public"
"Macon",GA,6,6,6,6,6,true,9,"outdoor public"
"Powder Springs",GA,6,6,6,6,6,true,9,"indoor public"
"Mililani",HI,6,6,6,6,6,true,9,"outdoor public"
"Iowa City",IA,6,6,6,6,6,true,9,"outdoor public"
"Star",ID,6,6,6,6,6,true,9,"outdoor public"
"Evanston",IL,7,7,6,7,6,true,9,"indoor public"
"Normal",IL,7,6,7,7,6,true,9,"outdoor public"
"Lake Charles",LA,6,6,6,6,6,true,9,"indoor public"
"Quincy",MA,6,6,6,6,6,true,9,"outdoor public"
"Elkton",MD,6,6,6,6,6,true,9,"indoor public"
"Kalamazoo",MI,7,7,6,7,6,true,9,"indoor public"
"Lansing",MI,6,6,6,6,6,true,9,"indoor public"
"Royal Oak",MI,6,6,6,6,6,true,9,"outdoor public"
"St Louis",MO,6,6,6,6,6,true,9,"outdoor public"
"Missoula",MT,6,6,6,6,6,true,9,"outdoor public"
"Kernersville",NC,6,6,6,6,6,true,9,"outdoor lights"
"Leland",NC,6,6,6,6,6,true,9,"outdoor lights"
"Nashua",NH,6,6,6,6,6,true,9,"outdoor public"
"Summerlin",NV,6,6,6,6,6,true,9,"outdoor public"
"Bronx",NY,7,6,7,7,6,true,9,"indoor public"
"Niagara Falls",NY,7,6,7,7,6,true,9,"indoor public"
"Watertown",NY,6,6,6,6,6,true,9,"outdoor public"
"Bluffton",SC,6,6,6,6,6,true,9,"outdoor public"
"Bryan",TX,6,6,6,6,6,true,9,"outdoor public"
"Issaquah",WA,6,6,6,6,6,true,9,"outdoor public"
"Menomonee Falls",WI,6,6,6,6,6,true,9,"indoor lights"
"Neenah",WI,7,6,7,7,6,true,9,"outdoor public"
"New Richmond",WI,6,6,6,6,6,true,9,"indoor public"
"Waukesha",WI,6,6,6,6,6,true,9,"outdoor public"
"Madison",AL,5,5,5,5,5,true,9,"indoor outdoor public"
"Poway",CA,5,5,5,5,5,true,9,"outdoor free public"
"Stockton",CA,5,5,5,5,5,true,9,"indoor outdoor public"
"Torrance",CA,6,6,5,6,5,true,9,"outdoor free public"
"Palmetto",FL,5,5,5,5,5,true,9,"outdoor public lights"
"Pensacola",FL,6,6,5,6,5,true,9,"outdoor public lights"
"Port Orange",FL,5,5,5,5,5,true,9,"outdoor public lights"
"Rexburg",ID,5,5,5,5,5,true,9,"outdoor free public"
"Palatine",IL,5,5,5,5,5,true,9,"indoor outdoor public"
"Elkhart",IN,5,5,5,5,5,true,9,"indoor free public"
"Terre Haute",IN,6,5,6,6,5,true,9,"indoor outdoor public"
"Plymouth",MA,5,5,5,5,5,true,9,"outdoor public lights"
"Independence",MO,6,5,6,6,5,true,9,"indoor outdoor lights"
"Joplin",MO,5,5,5,5,5,true,9,"outdoor public lights"
"Gulfport",MS,5,5,5,5,5,true,9,"outdoor free public"
"Gastonia",NC,5,5,5,5,5,true,9,"indoor public lights"
"Holly Springs",NC,5,5,5,5,5,true,9,"outdoor public lights"
"Lincolnton",NC,5,5,5,5,5,true,9,"indoor public lights"
"Shelby",NC,5,5,5,5,5,true,9,"indoor free public"
"Fallon",NV,5,5,5,5,5,true,9,"outdoor public lights"
"Mesquite",NV,6,6,5,6,5,true,9,"outdoor public lights"
"Fishkill",NY,5,5,5,5,5,true,9,"outdoor public lights"
"Glens Falls",NY,5,5,5,5,5,true,9,"outdoor public lights"
"Red Hook",NY,5,5,5,5,5,true,9,"indoor public lights"
"Saratoga Springs",NY,6,6,5,6,5,true,9,"indoor outdoor public"
"Sayville",NY,5,5,5,5,5,true,9,"outdoor public lights"
"Ashland",OH,5,5,5,5,5,true,9,"outdoor public lights"
"Lima",OH,5,5,5,5,5,true,9,"indoor public lights"
"Uniontown",OH,5,5,5,5,5,true,9,"indoor public lights"
"Willoughby",OH,5,5,5,5,5,true,9,"indoor public lights"
"Edmond",OK,5,5,5,5,5,true,9,"outdoor public lights"
"Ashland",OR,5,5,5,5,5,true,9,"outdoor public lights"
"Astoria",OR,6,6,5,6,5,true,9,"indoor public lights"
"Easton",PA,7,5,6,7,5,true,9,"indoor public lights"
"Harrisburg",PA,6,5,6,6,5,true,9,"outdoor public lights"
"New Castle",PA,5,5,5,5,5,true,9,"indoor public lights"
"Spartanburg",SC,6,6,5,6,5,true,9,"outdoor public lights"
"Aberdeen",SD,5,5,5,5,5,true,9,"indoor public lights"
"Yankton",SD,6,6,5,6,5,true,9,"indoor public lights"
"Franklin",TN,6,6,5,6,5,true,9,"indoor public lights"
"Kingsport",TN,6,5,6,6,5,true,9,"indoor public lights"
"Murfreesboro",TN,7,6,6,7,5,true,9,"indoor public lights"
"Edinburg",TX,5,5,5,5,5,true,9,"indoor public lights"
"Goldthwaite",TX,5,5,5,5,5,true,9,"indoor public lights"
"Lewisville",TX,5,5,5,5,5,true,9,"indoor public lights"
"Weatherford",TX,7,5,7,7,5,true,9,"outdoor public lights"
"Ogden",UT,6,5,6,6,5,true,9,"outdoor public lights"
"Leesburg",VA,5,5,5,5,5,true,9,"indoor public lights"
"Newport News",VA,5,5,5,5,5,true,9,"indoor public lights"
"Winchester",VA,5,5,5,5,5,true,9,"indoor public lights"
"Ludlow",VT,5,5,5,5,5,true,9,"indoor outdoor public"
"Middlebury",VT,5,5,5,5,5,true,9,"indoor outdoor public"
"Prosser",WA,5,5,5,5,5,true,9,"indoor public lights"
"Renton",WA,7,7,5,7,5,true,9,"outdoor public lights"
"Marshfield",WI,5,5,5,5,5,true,9,"indoor outdoor public"
"West Allis",WI,5,5,5,5,5,true,9,"outdoor public lights"
"Potsdam",NY,4,4,4,4,4,true,9,"indoor outdoor public lights"
"Shoreline",WA,6,6,4,6,4,true,9,"outdoor free public lights"
"Lake Havasu City",AZ,6,6,6,6,6,true,8,"outdoor"
"Sedona",AZ,6,6,6,6,6,true,8,"outdoor"
"El Dorado Hills",CA,6,6,6,6,6,true,8,"outdoor"
"La Quinta",CA,7,6,7,7,6,true,8,"outdoor"
"Norwalk",CT,6,6,6,6,6,true,8,"public"
"Palm Beach Gardens",FL,6,6,6,6,6,true,8,"outdoor"
"Zephyrhills",FL,7,7,6,7,6,true,8,"outdoor"
"Northbrook",IL,6,6,6,6,6,true,8,"indoor"
"Troy",MI,7,6,7,7,6,true,8,"indoor"
"Fairbanks",AK,5,5,5,5,5,true,8,"indoor public"
"Homer",AK,5,5,5,5,5,true,8,"indoor public"
"Palmer",AK,5,5,5,5,5,true,8,"indoor public"
"Dothan",AL,8,8,5,8,5,true,8,"outdoor public"
"Burlingame",CA,5,5,5,5,5,true,8,"outdoor public"
"Camarillo",CA,5,5,5,5,5,true,8,"outdoor public"
"Citrus Heights",CA,6,6,5,6,5,true,8,"outdoor public"
"Corona",CA,5,5,5,5,5,true,8,"outdoor public"
"Encinitas",CA,5,5,5,5,5,true,8,"outdoor public"
"Fairfield",CA,6,6,5,6,5,true,8,"outdoor public"
"Fremont",CA,5,5,5,5,5,true,8,"outdoor public"
"Healdsburg",CA,5,5,5,5,5,true,8,"outdoor public"
"Huntington Beach",CA,6,6,5,6,5,true,8,"outdoor public"
"Jackson",CA,6,6,5,6,5,true,8,"outdoor public"
"Livermore",CA,6,6,5,6,5,true,8,"indoor public"
"Oakland",CA,8,7,6,8,5,true,8,"outdoor public"
"Ojai",CA,5,5,5,5,5,true,8,"outdoor public"
"Penn Valley",CA,5,5,5,5,5,true,8,"outdoor public"
"Piedmont",CA,5,5,5,5,5,true,8,"outdoor public"
"Santa Ana",CA,6,5,6,6,5,true,8,"outdoor public"
"Simi Valley",CA,7,7,5,7,5,true,8,"outdoor public"
"Vacaville",CA,5,5,5,5,5,true,8,"outdoor public"
"Victorville",CA,5,5,5,5,5,true,8,"outdoor public"
"Aspen",CO,6,6,5,6,5,true,8,"outdoor public"
"Durango",CO,5,5,5,5,5,true,8,"outdoor public"
"New Castle",CO,5,5,5,5,5,true,8,"outdoor public"
"Silverthorne",CO,5,5,5,5,5,true,8,"outdoor public"
"Westminster",CO,7,5,7,7,5,true,8,"indoor public"
"Newtown",CT,6,5,6,6,5,true,8,"outdoor public"
"Ridgefield",CT,5,5,5,5,5,true,8,"outdoor public"
"West Hartford",CT,6,5,6,6,5,true,8,"outdoor public"
"Middletown",DE,6,5,6,6,5,true,8,"outdoor public"
"Clermont",FL,7,7,5,7,5,true,8,"outdoor lights"
"Destin",FL,8,8,5,8,5,true,8,"indoor outdoor"
"Gulfport",FL,5,5,5,5,5,true,8,"outdoor public"
"Hollywood",FL,5,5,5,5,5,true,8,"outdoor public"
"Lake Worth",FL,6,6,5,6,5,true,8,"outdoor public"
"Marco Island",FL,5,5,5,5,5,true,8,"outdoor public"
"Nokomis",FL,5,5,5,5,5,true,8,"outdoor public"
"North Port",FL,5,5,5,5,5,true,8,"outdoor public"
"Okeechobee",FL,7,7,5,7,5,true,8,"outdoor public"
"Ormond Beach",FL,5,5,5,5,5,true,8,"outdoor public"
"Saint Augustine",FL,5,5,5,5,5,true,8,"outdoor public"
"Sebastian",FL,5,5,5,5,5,true,8,"outdoor public"
"Sebring",FL,7,6,6,7,5,true,8,"outdoor public"
"Winter Park",FL,5,5,5,5,5,true,8,"indoor public"
"Lafayette",GA,5,5,5,5,5,true,8,"indoor public"
"Woodstock",GA,5,5,5,5,5,true,8,"outdoor public"
"Aiea",HI,5,5,5,5,5,true,8,"outdoor public"
"Kailua",HI,5,5,5,5,5,true,8,"outdoor public"
"Grinnell",IA,5,5,5,5,5,true,8,"outdoor public"
"Mason City",IA,5,5,5,5,5,true,8,"indoor public"
"Mount Pleasant",IA,5,5,5,5,5,true,8,"outdoor public"
"North Liberty",IA,5,5,5,5,5,true,8,"indoor public"
"Pella",IA,7,6,6,7,5,true,8,"indoor public"
"Sioux City",IA,6,5,6,6,5,true,8,"indoor public"
"Urbandale",IA,6,5,6,6,5,true,8,"outdoor public"
"Sandpoint",ID,6,5,6,6,5,true,8,"outdoor public"
"Twin Falls",ID,6,6,5,6,5,true,8,"outdoor public"
"Galena",IL,6,5,6,6,5,true,8,"outdoor public"
"Loves Park",IL,5,5,5,5,5,true,8,"indoor public"
"Anderson",IN,5,5,5,5,5,true,8,"indoor public"
"Avon",IN,5,5,5,5,5,true,8,"outdoor public"
"Columbus",IN,6,5,6,6,5,true,8,"indoor public"
"Crown Point",IN,5,5,5,5,5,true,8,"outdoor public"
"Greenwood",IN,5,5,5,5,5,true,8,"indoor public"
"Plymouth",IN,5,5,5,5,5,true,8,"outdoor public"
"Zionsville",IN,6,5,6,6,5,true,8,"outdoor public"
"Bowling Green",KY,6,6,5,6,5,true,8,"outdoor public"
"Somerset",KY,5,5,5,5,5,true,8,"indoor public"
"Shreveport",LA,6,5,6,6,5,true,8,"indoor public"
"Medford",MA,5,5,5,5,5,true,8,"outdoor public"
"West Roxbury",MA,5,5,5,5,5,true,8,"indoor public"
"Bethesda",MD,5,5,5,5,5,true,8,"indoor outdoor"
"Easton",MD,5,5,5,5,5,true,8,"outdoor public"
"Gaithersburg",MD,5,5,5,5,5,true,8,"indoor public"
"Ocean City",MD,5,5,5,5,5,true,8,"outdoor public"
"Augusta",ME,5,5,5,5,5,true,8,"outdoor public"
"Bangor",ME,5,5,5,5,5,true,8,"indoor public"
"Grand Blanc",MI,5,5,5,5,5,true,8,"outdoor public"
"Grand Haven",MI,5,5,5,5,5,true,8,"indoor public"
"Jackson",MI,6,6,5,6,5,true,8,"indoor public"
"Northville",MI,5,5,5,5,5,true,8,"outdoor public"
"Petoskey",MI,6,5,6,6,5,true,8,"outdoor public"
"Alexandria",MN,5,5,5,5,5,true,8,"indoor public"
"Inver Grove Heights",MN,5,5,5,5,5,true,8,"outdoor public"
"Maple Grove",MN,6,5,6,6,5,true,8,"indoor public"
"Jackson",MO,5,5,5,5,5,true,8,"indoor public"
"St. Joseph",MO,7,7,5,7,5,true,8,"outdoor public"
"Hattiesburg",MS,5,5,5,5,5,true,8,"indoor lights"
"Clayton",NC,5,5,5,5,5,true,8,"indoor lights"
"Hoboken",NJ,5,5,5,5,5,true,8,"outdoor public"
"Albany",NY,6,6,5,6,5,true,8,"outdoor public"
"Ithaca",NY,6,6,5,6,5,true,8,"indoor public"
"Rhinebeck",NY,5,5,5,5,5,true,8,"outdoor public"
"Saranac Lake",NY,5,5,5,5,5,true,8,"outdoor public"
"Williamsville",NY,6,5,6,6,5,true,8,"indoor public"
"Marietta",OH,5,5,5,5,5,true,8,"indoor lights"
"Bartlesville",OK,5,5,5,5,5,true,8,"indoor lights"
"Keizer",OR,5,5,5,5,5,true,8,"outdoor public"
"Lake Oswego",OR,8,8,5,8,5,true,8,"outdoor public"
"Woodburn",OR,5,5,5,5,5,true,8,"outdoor public"
"Butler",PA,5,5,5,5,5,true,8,"outdoor public"
"Downingtown",PA,6,6,5,6,5,true,8,"outdoor public"
"Glen Mills",PA,5,5,5,5,5,true,8,"outdoor public"
"Wallingford",PA,5,5,5,5,5,true,8,"public lights"
"Wayne",PA,5,5,5,5,5,true,8,"outdoor public"
"Collierville",TN,5,5,5,5,5,true,8,"indoor lights"
"Garland",TX,5,5,5,5,5,true,8,"outdoor public"
"Harlingen",TX,7,6,6,7,5,true,8,"indoor lights"
"Haslet",TX,5,5,5,5,5,true,8,"outdoor public"
"New Braunfels",TX,6,5,6,6,5,true,8,"indoor public"
"Paris",TX,5,5,5,5,5,true,8,"outdoor public"
"Rockport",TX,5,5,5,5,5,true,8,"outdoor public"
"Brigham City",UT,5,5,5,5,5,true,8,"indoor public"
"Kaysville",UT,5,5,5,5,5,true,8,"outdoor public"
"Lehi",UT,5,5,5,5,5,true,8,"outdoor public"
"Brattleboro",VT,6,6,5,6,5,true,8,"outdoor public"
"Essex Junction",VT,6,5,6,6,5,true,8,"outdoor public"
"Camas",WA,6,6,5,6,5,true,8,"outdoor public"
"Chelan",WA,5,5,5,5,5,true,8,"outdoor public"
"Gig Harbor",WA,8,7,6,8,5,true,8,"outdoor public"
"Stanwood",WA,5,5,5,5,5,true,8,"outdoor public"
"Brookfield",WI,6,6,5,6,5,true,8,"outdoor public"
"Franklin",WI,5,5,5,5,5,true,8,"outdoor public"
"Menasha",WI,5,5,5,5,5,true,8,"outdoor public"
"Sturgeon Bay",WI,5,5,5,5,5,true,8,"outdoor public"
"Sun Prairie",WI,5,5,5,5,5,true,8,"indoor public"
"Verona",WI,5,5,5,5,5,true,8,"outdoor public"
"Morgantown",WV,5,5,5,5,5,true,8,"indoor public"
"Jackson",WY,5,5,5,5,5,true,8,"outdoor public"
"Riverton",WY,5,5,5,5,5,true,8,"outdoor public"
"Culver City",CA,4,4,4,4,4,true,8,"outdoor free public"
"San Pedro",CA,4,4,4,4,4,true,8,"outdoor free public"
"Palatka",FL,4,4,4,4,4,true,8,"outdoor free public"
"Newnan",GA,4,4,4,4,4,true,8,"outdoor public lights"
"Alton",IL,4,4,4,4,4,true,8,"indoor outdoor public"
"Westmont",IL,4,4,4,4,4,true,8,"outdoor free public"
"Hingham",MA,4,4,4,4,4,true,8,"outdoor free public"
"Kirksville",MO,4,4,4,4,4,true,8,"outdoor free public"
"Butte",MT,4,4,4,4,4,true,8,"outdoor free public"
"Goldsboro",NC,4,4,4,4,4,true,8,"indoor free public"
"Sanford",NC,5,4,5,5,4,true,8,"outdoor public lights"
"Statesville",NC,5,4,5,5,4,true,8,"indoor public lights"
"Wahoo",NE,4,4,4,4,4,true,8,"indoor public lights"
"Silver City",NM,4,4,4,4,4,true,8,"indoor public lights"
"Hopewell Junction",NY,4,4,4,4,4,true,8,"outdoor public lights"
"Oneonta",NY,4,4,4,4,4,true,8,"indoor public lights"
"Centerville",OH,5,5,4,5,4,true,8,"outdoor public lights"
"Chagrin Falls",OH,4,4,4,4,4,true,8,"indoor outdoor lights"
"Delaware",OH,4,4,4,4,4,true,8,"outdoor free public"
"Mansfield",OH,4,4,4,4,4,true,8,"outdoor public lights"
"Shawnee",OK,4,4,4,4,4,true,8,"outdoor free public"
"Newberg",OR,7,7,4,7,4,true,8,"indoor public lights"
"Seaside",OR,4,4,4,4,4,true,8,"outdoor public lights"
"Lansdale",PA,5,5,4,5,4,true,8,"outdoor public lights"
"Wakefield",RI,4,4,4,4,4,true,8,"indoor public lights"
"Bristol",TN,4,4,4,4,4,true,8,"outdoor public lights"
"Jackson",TN,4,4,4,4,4,true,8,"indoor free public"
"Tullahoma",TN,4,4,4,4,4,true,8,"indoor public lights"
"College Station",TX,4,4,4,4,4,true,8,"outdoor free public"
"Bountiful",UT,4,4,4,4,4,true,8,"outdoor public lights"
"Layton",UT,4,4,4,4,4,true,8,"outdoor public lights"
"Provo",UT,4,4,4,4,4,true,8,"outdoor public lights"
"Annandale",VA,4,4,4,4,4,true,8,"outdoor public lights"
"East Wenatchee",WA,5,5,4,5,4,true,8,"outdoor free public"
"Port Orchard",WA,4,4,4,4,4,true,8,"outdoor public lights"
"Platteville",WI,4,4,4,4,4,true,8,"outdoor public lights"
"Athens",AL,5,5,5,5,5,true,7,"public"
"Maricopa",AZ,5,5,5,5,5,true,7,"outdoor"
"Apple Valley",CA,5,5,5,5,5,true,7,"outdoor"
"Banning",CA,5,5,5,5,5,true,7,"outdoor"
"Carmichael",CA,5,5,5,5,5,true,7,"outdoor"
"Fair Oaks",CA,5,5,5,5,5,true,7,"outdoor"
"Leesburg",FL,7,5,7,7,5,true,7,"outdoor"
"North Fort Myers",FL,5,5,5,5,5,true,7,"outdoor"
"Burr Ridge",IL,5,5,5,5,5,true,7,"indoor"
"Franklin",IN,5,5,5,5,5,true,7,"public"
"South Portland",ME,5,5,5,5,5,true,7,"indoor"
"Waterville",ME,6,6,5,6,5,true,7,"indoor"
"Princeton",NJ,5,5,5,5,5,true,7,"indoor"
"Kodiak",AK,4,4,4,4,4,true,7,"indoor public"
"Fairhope",AL,4,4,4,4,4,true,7,"outdoor public"
"Foley",AL,4,4,4,4,4,true,7,"public lights"
"Jasper",AL,4,4,4,4,4,true,7,"outdoor public"
"Camp Verde",AZ,4,4,4,4,4,true,7,"outdoor public"
"Kingman",AZ,4,4,4,4,4,true,7,"outdoor public"
"Marana",AZ,4,4,4,4,4,true,7,"outdoor lights"
"Berkeley",CA,4,4,4,4,4,true,7,"outdoor public"
"Fallbrook",CA,4,4,4,4,4,true,7,"outdoor public"
"Garden Grove",CA,5,4,4,5,4,true,7,"indoor public"
"Lake Forest",CA,4,4,4,4,4,true,7,"outdoor public"
"Los Angeles",CA,6,6,4,6,4,true,7,"outdoor public"
"Los Banos",CA,5,5,4,5,4,true,7,"outdoor public"
"Murrieta",CA,4,4,4,4,4,true,7,"outdoor public"
"Oakdale",CA,4,4,4,4,4,true,7,"outdoor public"
"Paradise",CA,4,4,4,4,4,true,7,"indoor public"
"Redwood City",CA,4,4,4,4,4,true,7,"indoor public"
"Rocklin",CA,5,5,4,5,4,true,7,"outdoor public"
"San Luis Obispo",CA,5,5,4,5,4,true,7,"outdoor public"
"San Marcos",CA,4,4,4,4,4,true,7,"outdoor public"
"San Mateo",CA,4,4,4,4,4,true,7,"outdoor public"
"Seal Beach",CA,5,5,4,5,4,true,7,"outdoor public"
"South San Francisco",CA,5,5,4,5,4,true,7,"outdoor public"
"Turlock",CA,4,4,4,4,4,true,7,"outdoor public"
"Vallejo",CA,4,4,4,4,4,true,7,"outdoor public"
"Yuba City",CA,4,4,4,4,4,true,7,"outdoor public"
"Carbondale",CO,4,4,4,4,4,true,7,"outdoor public"
"Castle Rock",CO,5,5,4,5,4,true,7,"outdoor public"
"Estes Park",CO,4,4,4,4,4,true,7,"outdoor public"
"Monument",CO,4,4,4,4,4,true,7,"indoor public"
"Bloomfield",CT,4,4,4,4,4,true,7,"outdoor lights"
"Bridgeport",CT,4,4,4,4,4,true,7,"indoor public"
"Stratford",CT,4,4,4,4,4,true,7,"outdoor public"
"Milton",DE,4,4,4,4,4,true,7,"outdoor public"
"Cocoa Beach",FL,5,5,4,5,4,true,7,"outdoor public"
"Coral Gables",FL,4,4,4,4,4,true,7,"outdoor public"
"Dade City",FL,4,4,4,4,4,true,7,"outdoor public"
"DeLand",FL,5,5,4,5,4,true,7,"outdoor public"
"Green Cove Springs",FL,4,4,4,4,4,true,7,"outdoor public"
"Hialeah",FL,4,4,4,4,4,true,7,"outdoor public"
"Homestead",FL,4,4,4,4,4,true,7,"outdoor public"
"Key Largo",FL,5,5,4,5,4,true,7,"outdoor public"
"Lake Worth Beach",FL,4,4,4,4,4,true,7,"outdoor public"
"Melbourne Beach",FL,4,4,4,4,4,true,7,"outdoor public"
"Mims",FL,5,4,5,5,4,true,7,"outdoor public"
"Miramar Beach",FL,4,4,4,4,4,true,7,"outdoor public"
"Oakland Park",FL,4,4,4,4,4,true,7,"outdoor public"
"Port St Joe",FL,4,4,4,4,4,true,7,"outdoor public"
"Port St. Lucie",FL,5,5,4,5,4,true,7,"outdoor lights"
"Rockledge",FL,4,4,4,4,4,true,7,"outdoor public"
"Sanford",FL,4,4,4,4,4,true,7,"outdoor public"
"St Augustine",FL,4,4,4,4,4,true,7,"indoor public"
"Tequesta",FL,4,4,4,4,4,true,7,"outdoor public"
"Weston",FL,4,4,4,4,4,true,7,"outdoor public"
"Chamblee",GA,4,4,4,4,4,true,7,"outdoor public"
"Dallas",GA,5,4,5,5,4,true,7,"outdoor public"
"Greensboro",GA,4,4,4,4,4,true,7,"outdoor lights"
"Norcross",GA,4,4,4,4,4,true,7,"outdoor public"
"Peachtree City",GA,5,5,4,5,4,true,7,"outdoor public"
"Roswell",GA,5,4,5,5,4,true,7,"indoor public"
"Stockbridge",GA,5,4,5,5,4,true,7,"indoor lights"
"Ewa Beach",HI,4,4,4,4,4,true,7,"outdoor public"
"Kapaa",HI,4,4,4,4,4,true,7,"outdoor public"
"Princeville",HI,4,4,4,4,4,true,7,"outdoor public"
"Clive",IA,4,4,4,4,4,true,7,"outdoor public"
"Muscatine",IA,4,4,4,4,4,true,7,"indoor public"
"Moscow",ID,4,4,4,4,4,true,7,"outdoor public"
"Buffalo Grove",IL,4,4,4,4,4,true,7,"outdoor public"
"Dixon",IL,4,4,4,4,4,true,7,"outdoor public"
"Frankfort",IL,4,4,4,4,4,true,7,"outdoor public"
"Freeport",IL,4,4,4,4,4,true,7,"indoor public"
"Geneseo",IL,4,4,4,4,4,true,7,"outdoor public"
"New Lenox",IL,4,4,4,4,4,true,7,"outdoor public"
"Niles",IL,5,5,4,5,4,true,7,"indoor public"
"Schaumburg",IL,6,5,4,6,4,true,7,"indoor public"
"Woodridge",IL,4,4,4,4,4,true,7,"indoor public"
"Marion",IN,4,4,4,4,4,true,7,"indoor public"
"Mishawaka",IN,6,6,4,6,4,true,7,"outdoor public"
"Lafayette",LA,5,4,5,5,4,true,7,"outdoor public"
"Metairie",LA,4,4,4,4,4,true,7,"outdoor public"
"Belmont",MA,5,4,5,5,4,true,7,"outdoor public"
"Franklin",MA,6,4,6,6,4,true,7,"indoor public"
"Leominster",MA,6,4,6,6,4,true,7,"indoor public"
"Lynn",MA,4,4,4,4,4,true,7,"outdoor public"
"Milford",MA,4,4,4,4,4,true,7,"outdoor public"
"Pittsfield",MA,4,4,4,4,4,true,7,"outdoor public"
"Salem",MA,4,4,4,4,4,true,7,"outdoor public"
"Winchester",MA,5,5,4,5,4,true,7,"outdoor public"
"Laurel",MD,4,4,4,4,4,true,7,"outdoor public"
"Brunswick",ME,4,4,4,4,4,true,7,"indoor public"
"Scarborough",ME,5,5,4,5,4,true,7,"outdoor public"
"Frankfort",MI,4,4,4,4,4,true,7,"outdoor public"
"Niles",MI,6,5,5,6,4,true,7,"indoor public"
"Oxford",MI,4,4,4,4,4,true,7,"outdoor public"
"Whitehall",MI,4,4,4,4,4,true,7,"outdoor public"
"Prior Lake",MN,4,4,4,4,4,true,7,"outdoor public"
"St. Paul",MN,4,4,4,4,4,true,7,"indoor public"
"Willmar",MN,4,4,4,4,4,true,7,"indoor public"
"Bridgeton",MO,4,4,4,4,4,true,7,"outdoor public"
"Cape Girardeau",MO,4,4,4,4,4,true,7,"indoor lights"
"St. James",MO,4,4,4,4,4,true,7,"outdoor public"
"Ocean Springs",MS,4,4,4,4,4,true,7,"free public"
"Vicksburg",MS,4,4,4,4,4,true,7,"indoor public"
"Black Mountain",NC,4,4,4,4,4,true,7,"outdoor public"
"Fayetteville",NC,5,5,4,5,4,true,7,"public lights"
"High Point",NC,4,4,4,4,4,true,7,"public lights"
"Mayodan",NC,4,4,4,4,4,true,7,"indoor public"
"Morganton",NC,4,4,4,4,4,true,7,"outdoor public"
"Salisbury",NC,4,4,4,4,4,true,7,"indoor public"
"Wake Forest",NC,4,4,4,4,4,true,7,"indoor lights"
"Lebanon",NH,4,4,4,4,4,true,7,"indoor public"
"Cherry Hill",NJ,6,6,4,6,4,true,7,"outdoor public"
"Florham Park",NJ,4,4,4,4,4,true,7,"outdoor lights"
"Summit",NJ,4,4,4,4,4,true,7,"indoor lights"
"Tinton Falls",NJ,4,4,4,4,4,true,7,"indoor lights"
"Vineland",NJ,4,4,4,4,4,true,7,"outdoor lights"
"Angel Fire",NM,5,4,5,5,4,true,7,"outdoor public"
"Taos",NM,5,5,4,5,4,true,7,"outdoor public"
"Pahrump",NV,4,4,4,4,4,true,7,"outdoor public"
"Dryden",NY,4,4,4,4,4,true,7,"outdoor public"
"Lewiston",NY,5,4,5,5,4,true,7,"free public"
"Liverpool",NY,5,5,4,5,4,true,7,"outdoor public"
"New Hyde Park",NY,4,4,4,4,4,true,7,"outdoor free"
"Peekskill",NY,5,5,4,5,4,true,7,"outdoor public"
"Staatsburg",NY,4,4,4,4,4,true,7,"outdoor public"
"Avon",OH,5,5,4,5,4,true,7,"indoor lights"
"Cuyahoga Falls",OH,4,4,4,4,4,true,7,"public lights"
"Geneva",OH,4,4,4,4,4,true,7,"public lights"
"Lakewood",OH,5,5,4,5,4,true,7,"indoor public"
"Strongsville",OH,5,5,4,5,4,true,7,"outdoor public"
"Ardmore",OK,4,4,4,4,4,true,7,"free public"
"McAlester",OK,4,4,4,4,4,true,7,"indoor public"
"Dallas",OR,4,4,4,4,4,true,7,"outdoor public"
"Redmond",OR,4,4,4,4,4,true,7,"outdoor public"
"The Dalles",OR,4,4,4,4,4,true,7,"indoor lights"
"West Linn",OR,6,6,4,6,4,true,7,"public lights"
"Lititz",PA,4,4,4,4,4,true,7,"outdoor public"
"Chapin",SC,4,4,4,4,4,true,7,"outdoor public"
"Hollywood",SC,4,4,4,4,4,true,7,"outdoor public"
"Sumter",SC,4,4,4,4,4,true,7,"indoor public"
"Brentwood",TN,5,5,4,5,4,true,7,"outdoor public"
"Oak Ridge",TN,4,4,4,4,4,true,7,"outdoor public"
"Abilene",TX,4,4,4,4,4,true,7,"indoor public"
"Beaumont",TX,6,5,4,6,4,true,7,"outdoor public"
"Decatur",TX,4,4,4,4,4,true,7,"outdoor public"
"Horseshoe Bay",TX,5,5,4,5,4,true,7,"outdoor public"
"Richmond",TX,7,7,4,7,4,true,7,"outdoor public"
"South Padre Island",TX,5,5,4,5,4,true,7,"outdoor public"
"Weslaco",TX,4,4,4,4,4,true,7,"outdoor public"
"Alpine",UT,4,4,4,4,4,true,7,"outdoor public"
"Murray",UT,4,4,4,4,4,true,7,"outdoor public"
"Roy",UT,4,4,4,4,4,true,7,"outdoor public"
"Bedford",VA,4,4,4,4,4,true,7,"public lights"
"Danville",VA,5,4,5,5,4,true,7,"public lights"
"Portsmouth",VA,4,4,4,4,4,true,7,"public lights"
"Rocky Mount",VA,4,4,4,4,4,true,7,"public lights"
"Springfield",VA,5,5,4,5,4,true,7,"free public"
"Suffolk",VA,4,4,4,4,4,true,7,"outdoor public"
"Woodbridge",VA,12,12,4,12,4,true,7,"outdoor public"
"Montpelier",VT,4,4,4,4,4,true,7,"outdoor public"
"Burien",WA,4,4,4,4,4,true,7,"outdoor public"
"Kirkland",WA,9,9,4,9,4,true,7,"outdoor public"
"Manson",WA,4,4,4,4,4,true,7,"outdoor public"
"Monroe",WA,5,4,5,5,4,true,7,"outdoor public"
"Mount Vernon",WA,5,5,4,5,4,true,7,"public lights"
"Wenatchee",WA,4,4,4,4,4,true,7,"outdoor public"
"Yakima",WA,6,5,5,6,4,true,7,"indoor lights"
"Hudson",WI,4,4,4,4,4,true,7,"outdoor public"
"Oregon",WI,4,4,4,4,4,true,7,"outdoor public"
"Sheboygan",WI,4,4,4,4,4,true,7,"outdoor public"
"Huntington",WV,4,4,4,4,4,true,7,"outdoor public"
"Cheyenne",WY,6,4,6,6,4,true,7,"indoor public"
"Laramie",WY,4,4,4,4,4,true,7,"indoor public"
"Manhattan Beach",CA,4,4,3,4,3,true,7,"outdoor free public"
"Gaylord",MI,3,3,3,3,3,true,7,"indoor free public"
"Pass Christian",MS,3,3,3,3,3,true,7,"free public lights"
"Cleveland Heights",OH,3,3,3,3,3,true,7,"outdoor free public"
"Grove City",OH,3,3,3,3,3,true,7,"outdoor public lights"
"Hazleton",PA,3,3,3,3,3,true,7,"outdoor free public"
"Perkasie",PA,3,3,3,3,3,true,7,"outdoor public lights"
"Ponce",PR,3,3,3,3,3,true,7,"outdoor public lights"
"Corsicana",TX,3,3,3,3,3,true,7,"outdoor public lights"
"Taylorsville",UT,3,3,3,3,3,true,7,"outdoor public lights"
"Frisco",TX,7,7,5,7,5,true,6,""
"Tuscaloosa",AL,5,5,4,5,4,true,6,"public"
"Rogers",AR,5,4,5,5,4,true,6,"indoor"
"Rio Verde",AZ,4,4,4,4,4,true,6,"outdoor"
"Alameda",CA,4,4,4,4,4,true,6,"outdoor"
"Arcata",CA,4,4,4,4,4,true,6,"public"
"Beaumont",CA,4,4,4,4,4,true,6,"outdoor"
"Carmel",CA,4,4,4,4,4,true,6,"outdoor"
"Coronado",CA,4,4,4,4,4,true,6,"outdoor"
"Desert Hot Springs",CA,4,4,4,4,4,true,6,"outdoor"
"Fountain Valley",CA,4,4,4,4,4,true,6,"outdoor"
"Goleta",CA,6,5,5,6,4,true,6,"outdoor"
"Lincoln",CA,4,4,4,4,4,true,6,"outdoor"
"Napa",CA,4,4,4,4,4,true,6,"outdoor"
"Tahoe City",CA,4,4,4,4,4,true,6,"outdoor"
"Temecula",CA,5,5,4,5,4,true,6,"public"
"Visalia",CA,4,4,4,4,4,true,6,"outdoor"
"Walnut Creek",CA,4,4,4,4,4,true,6,"outdoor"
"Crested Butte",CO,4,4,4,4,4,true,6,"public"
"Grand Junction",CO,5,4,5,5,4,true,6,"public"
"Snowmass Village",CO,4,4,4,4,4,true,6,"outdoor"
"Thornton",CO,6,5,5,6,4,true,6,"outdoor"
"Manchester",CT,4,4,4,4,4,true,6,"indoor"
"Frankford",DE,4,4,4,4,4,true,6,"public"
"Fort Myers Beach",FL,4,4,4,4,4,true,6,"outdoor"
"Oldsmar",FL,4,4,4,4,4,true,6,"public"
"Sanibel",FL,4,4,4,4,4,true,6,"outdoor"
"Seminole",FL,4,4,4,4,4,true,6,"outdoor"
"Winter Haven",FL,4,4,4,4,4,true,6,"outdoor"
"Peachtree Corners",GA,4,4,4,4,4,true,6,"indoor"
"Tucker",GA,4,4,4,4,4,true,6,"public"
"Hilo",HI,4,4,4,4,4,true,6,"public"
"Clear Lake",IA,4,4,4,4,4,true,6,"public"
"Sheldon",IA,4,4,4,4,4,true,6,"public"
"Waukee",IA,4,4,4,4,4,true,6,"public"
"Hailey",ID,4,4,4,4,4,true,6,"public"
"Middleton",ID,4,4,4,4,4,true,6,"public"
"Pocatello",ID,5,4,4,5,4,true,6,"indoor"
"Arlington Heights",IL,4,4,4,4,4,true,6,"indoor"
"Dekalb",IL,4,4,4,4,4,true,6,"public"
"East Moline",IL,5,4,5,5,4,true,6,"public"
"Edwardsville",IL,4,4,4,4,4,true,6,"public"
"Galesburg",IL,4,4,4,4,4,true,6,"indoor"
"Mokena",IL,5,5,4,5,4,true,6,"public"
"Orland Park",IL,5,5,4,5,4,true,6,"public"
"Washington",IL,4,4,4,4,4,true,6,"public"
"Elizabethtown",KY,4,4,4,4,4,true,6,"public"
"Hopkinsville",KY,4,4,4,4,4,true,6,"public"
"Bossier City",LA,5,5,4,5,4,true,6,"lights"
"Andover",MA,4,4,4,4,4,true,6,"indoor"
"Marblehead",MA,5,5,4,5,4,true,6,"public"
"Natick",MA,4,4,4,4,4,true,6,"public"
"Northborough",MA,4,4,4,4,4,true,6,"public"
"Reading",MA,5,4,5,5,4,true,6,"public"
"Roslindale",MA,4,4,4,4,4,true,6,"public"
"Southbridge",MA,4,4,4,4,4,true,6,"public"
"Winthrop",MA,4,4,4,4,4,true,6,"public"
"Chevy Chase",MD,4,4,4,4,4,true,6,"public"
"New Market",MD,4,4,4,4,4,true,6,"public"
"Falmouth",ME,5,5,4,5,4,true,6,"indoor"
"East Lansing",MI,4,4,4,4,4,true,6,"outdoor"
"Holland",MI,5,5,4,5,4,true,6,"public"
"Ludington",MI,4,4,4,4,4,true,6,"public"
"Midland",MI,4,4,4,4,4,true,6,"public"
"Rockford",MI,4,4,4,4,4,true,6,"public"
"Sterling Heights",MI,5,5,4,5,4,true,6,"public"
"Zeeland",MI,4,4,4,4,4,true,6,"public"
"Aitkin",MN,4,4,4,4,4,true,6,"public"
"Chanhassen",MN,4,4,4,4,4,true,6,"indoor"
"Crosby",MN,4,4,4,4,4,true,6,"public"
"Duluth",MN,5,4,4,5,4,true,6,"public"
"Hopkins",MN,4,4,4,4,4,true,6,"indoor"
"Isle",MN,4,4,4,4,4,true,6,"outdoor"
"Mankato",MN,5,5,4,5,4,true,6,"indoor"
"Branson",MO,4,4,4,4,4,true,6,"public"
"O'Fallon",MO,6,4,6,6,4,true,6,"public"
"s Summit",MO,4,4,4,4,4,true,6,"public"
"Washington",MO,4,4,4,4,4,true,6,"public"
"Pascagoula",MS,4,4,4,4,4,true,6,"public"
"Great Falls",MT,5,4,5,5,4,true,6,"public"
"Papillion",NE,5,4,5,5,4,true,6,"outdoor"
"Lincoln",NH,4,4,4,4,4,true,6,"public"
"Manchester",NH,4,4,4,4,4,true,6,"public"
"New London",NH,4,4,4,4,4,true,6,"indoor"
"Morristown",NJ,4,4,4,4,4,true,6,"public"
"Wayne",NJ,4,4,4,4,4,true,6,"outdoor"
"Elmira",NY,4,4,4,4,4,true,6,"public"
"Massena",NY,4,4,4,4,4,true,6,"public"
"Schenectady",NY,4,4,4,4,4,true,6,"public"
"Barberton",OH,4,4,4,4,4,true,6,"public"
"Beachwood",OH,4,4,4,4,4,true,6,"indoor"
"Jackson",OH,4,4,4,4,4,true,6,"public"
"Kettering",OH,5,4,5,5,4,true,6,"indoor"
"Massillon",OH,4,4,4,4,4,true,6,"public"
"Warren",OH,4,4,4,4,4,true,6,"public"
"Zanesville",OH,5,4,5,5,4,true,6,"public"
"Sisters",OR,5,5,4,5,4,true,6,"public"
"Sunriver",OR,6,6,4,6,4,true,6,"outdoor"
"Ambler",PA,4,4,4,4,4,true,6,"outdoor"
"Bethlehem",PA,4,4,4,4,4,true,6,"indoor"
"Indiana",PA,4,4,4,4,4,true,6,"public"
"Lock Haven",PA,4,4,4,4,4,true,6,"public"
"Fort Mill",SC,4,4,4,4,4,true,6,"lights"
"Georgetown",SC,4,4,4,4,4,true,6,"public"
"Vermillion",SD,4,4,4,4,4,true,6,"public"
"Cleveland",TN,5,5,4,5,4,true,6,"public"
"Germantown",TN,4,4,4,4,4,true,6,"public"
"Burleson",TX,4,4,4,4,4,true,6,"public"
"Carrollton",TX,5,5,4,5,4,true,6,"indoor"
"Flower Mound",TX,4,4,4,4,4,true,6,"indoor"
"Georgetown",TX,7,7,4,7,4,true,6,"outdoor"
"Grand Prairie",TX,8,5,7,8,4,true,6,"indoor"
"Mansfield",TX,6,5,5,6,4,true,6,"indoor"
"Pearland",TX,4,4,4,4,4,true,6,"indoor"
"Portland",TX,4,4,4,4,4,true,6,"lights"
"Sherman",TX,4,4,4,4,4,true,6,"indoor"
"Spring Branch",TX,4,4,4,4,4,true,6,"lights"
"Heber City",UT,5,5,4,5,4,true,6,"public"
"Gainesville",VA,4,4,4,4,4,true,6,"outdoor"
"Louisa",VA,5,4,5,5,4,true,6,"public"
"Springfield",VT,4,4,4,4,4,true,6,"public"
"Woodstock",VT,4,4,4,4,4,true,6,"outdoor"
"Ridgefield",WA,4,4,4,4,4,true,6,"public"
"Cedarburg",WI,4,4,4,4,4,true,6,"public"
"Fort Atkinson",WI,4,4,4,4,4,true,6,"indoor"
"La Crosse",WI,4,4,4,4,4,true,6,"public"
"Lodi",WI,4,4,4,4,4,true,6,"public"
"Monroe",WI,5,5,4,5,4,true,6,"public"
"Stevens Point",WI,4,4,4,4,4,true,6,"public"
"Wauwatosa",WI,5,5,4,5,4,true,6,"public"
"Elkins",WV,4,4,4,4,4,true,6,"public"
"Auburn",AL,3,3,3,3,3,true,6,"outdoor public"
"Cullman",AL,3,3,3,3,3,true,6,"outdoor public"
"Rogersville",AL,3,3,3,3,3,true,6,"outdoor public"
"Clarkdale",AZ,3,3,3,3,3,true,6,"outdoor public"
"Fountain Hills",AZ,3,3,3,3,3,true,6,"outdoor lights"
"Aptos",CA,3,3,3,3,3,true,6,"outdoor public"
"Burbank",CA,4,3,4,4,3,true,6,"outdoor public"
"Calistoga",CA,3,3,3,3,3,true,6,"outdoor public"
"Corte Madera",CA,3,3,3,3,3,true,6,"outdoor public"
"Discovery Bay",CA,3,3,3,3,3,true,6,"outdoor public"
"Encino",CA,3,3,3,3,3,true,6,"outdoor public"
"Fort Bragg",CA,3,3,3,3,3,true,6,"outdoor public"
"Hawthorne",CA,3,3,3,3,3,true,6,"outdoor public"
"La Mesa",CA,3,3,3,3,3,true,6,"outdoor public"
"Manteca",CA,3,3,3,3,3,true,6,"outdoor public"
"Mill Valley",CA,4,4,3,4,3,true,6,"outdoor public"
"Newbury Park",CA,4,4,3,4,3,true,6,"outdoor public"
"Orangevale",CA,3,3,3,3,3,true,6,"outdoor public"
"Oroville",CA,3,3,3,3,3,true,6,"outdoor public"
"Pacifica",CA,3,3,3,3,3,true,6,"outdoor public"
"Paso Robles",CA,3,3,3,3,3,true,6,"outdoor public"
"Petaluma",CA,3,3,3,3,3,true,6,"outdoor public"
"Sausalito",CA,3,3,3,3,3,true,6,"outdoor public"
"Seaside",CA,3,3,3,3,3,true,6,"outdoor public"
"Vista",CA,3,3,3,3,3,true,6,"outdoor lights"
"Weaverville",CA,3,3,3,3,3,true,6,"outdoor public"
"Yorba Linda",CA,3,3,3,3,3,true,6,"outdoor public"
"Avon",CO,3,3,3,3,3,true,6,"outdoor public"
"Paonia",CO,3,3,3,3,3,true,6,"outdoor public"
"Timnath",CO,3,3,3,3,3,true,6,"outdoor public"
"Trinidad",CO,3,3,3,3,3,true,6,"outdoor public"
"New Fairfield",CT,3,3,3,3,3,true,6,"indoor public"
"Sherman",CT,3,3,3,3,3,true,6,"outdoor public"
"Long Neck",DE,3,3,3,3,3,true,6,"outdoor public"
"Milford",DE,3,3,3,3,3,true,6,"outdoor public"
"Millsboro",DE,4,4,3,4,3,true,6,"outdoor public"
"Brandon",FL,3,3,3,3,3,true,6,"outdoor public"
"Doral",FL,3,3,3,3,3,true,6,"outdoor public"
"Gulf Breeze",FL,3,3,3,3,3,true,6,"outdoor public"
"Hudson",FL,4,3,4,4,3,true,6,"outdoor public"
"Keystone Heights",FL,3,3,3,3,3,true,6,"outdoor public"
"Niceville",FL,3,3,3,3,3,true,6,"outdoor public"
"Oxford",FL,4,4,3,4,3,true,6,"outdoor public"
"Pembroke Pines",FL,3,3,3,3,3,true,6,"outdoor public"
"St. Cloud",FL,3,3,3,3,3,true,6,"outdoor lights"
"Griffin",GA,3,3,3,3,3,true,6,"outdoor public"
"Milledgeville",GA,4,4,3,4,3,true,6,"outdoor public"
"Thomasville",GA,3,3,3,3,3,true,6,"outdoor public"
"Woodbine",GA,3,3,3,3,3,true,6,"outdoor public"
"Kapolei",HI,3,3,3,3,3,true,6,"outdoor public"
"Lanai City",HI,3,3,3,3,3,true,6,"outdoor public"
"Carroll",IA,3,3,3,3,3,true,6,"outdoor public"
"Coralville",IA,3,3,3,3,3,true,6,"indoor public"
"Dubuque",IA,3,3,3,3,3,true,6,"outdoor public"
"Oskaloosa",IA,3,3,3,3,3,true,6,"indoor public"
"Washington",IA,3,3,3,3,3,true,6,"outdoor public"
"Grayslake",IL,3,3,3,3,3,true,6,"outdoor public"
"Brownsburg",IN,3,3,3,3,3,true,6,"outdoor public"
"Logansport",IN,3,3,3,3,3,true,6,"outdoor public"
"Bel Aire",KS,3,3,3,3,3,true,6,"indoor public"
"Concordia",KS,3,3,3,3,3,true,6,"outdoor public"
"Benton",KY,3,3,3,3,3,true,6,"outdoor public"
"Frankfort",KY,4,4,3,4,3,true,6,"outdoor public"
"Athol",MA,4,3,4,4,3,true,6,"outdoor public"
"Attleboro",MA,4,3,4,4,3,true,6,"outdoor public"
"Cambridge",MA,3,3,3,3,3,true,6,"outdoor public"
"Hatfield",MA,3,3,3,3,3,true,6,"free public"
"Hull",MA,3,3,3,3,3,true,6,"outdoor public"
"Marshfield",MA,3,3,3,3,3,true,6,"outdoor public"
"Provincetown",MA,3,3,3,3,3,true,6,"outdoor public"
"Pasadena",MD,3,3,3,3,3,true,6,"outdoor public"
"Thurmont",MD,4,3,4,4,3,true,6,"outdoor public"
"Sorrento",ME,3,3,3,3,3,true,6,"outdoor public"
"Charlevoix",MI,3,3,3,3,3,true,6,"outdoor public"
"New Buffalo",MI,3,3,3,3,3,true,6,"outdoor public"
"Shelby Township",MI,4,3,4,4,3,true,6,"outdoor public"
"Forest Lake",MN,3,3,3,3,3,true,6,"outdoor public"
"Cassville",MO,3,3,3,3,3,true,6,"free public"
"Columbia",MO,3,3,3,3,3,true,6,"public lights"
"Sedalia",MO,3,3,3,3,3,true,6,"outdoor public"
"Lake Lure",NC,3,3,3,3,3,true,6,"outdoor public"
"Pittsboro",NC,3,3,3,3,3,true,6,"free public"
"Bellevue",NE,3,3,3,3,3,true,6,"public lights"
"Laconia",NH,3,3,3,3,3,true,6,"outdoor public"
"Avalon",NJ,3,3,3,3,3,true,6,"outdoor public"
"Sea Isle City",NJ,4,4,3,4,3,true,6,"outdoor public"
"Somerset",NJ,4,4,3,4,3,true,6,"outdoor public"
"Clovis",NM,3,3,3,3,3,true,6,"outdoor public"
"Laughlin",NV,3,3,3,3,3,true,6,"outdoor public"
"Camillus",NY,3,3,3,3,3,true,6,"outdoor public"
"Lindenhurst",NY,3,3,3,3,3,true,6,"outdoor public"
"Melville",NY,3,3,3,3,3,true,6,"outdoor public"
"Saugerties",NY,3,3,3,3,3,true,6,"public lights"
"Ticonderoga",NY,3,3,3,3,3,true,6,"outdoor public"
"Athens",OH,3,3,3,3,3,true,6,"indoor public"
"Dover",OH,3,3,3,3,3,true,6,"public lights"
"Elyria",OH,4,3,4,4,3,true,6,"free public"
"Rocky River",OH,4,3,4,4,3,true,6,"outdoor public"
"Jenks",OK,3,3,3,3,3,true,6,"free public"
"Gresham",OR,4,4,3,4,3,true,6,"outdoor public"
"Tualatin",OR,6,6,3,6,3,true,6,"outdoor public"
"Berwyn",PA,4,4,3,4,3,true,6,"outdoor lights"
"Bryn Mawr",PA,3,3,3,3,3,true,6,"outdoor public"
"Monroeville",PA,3,3,3,3,3,true,6,"public lights"
"Wexford",PA,3,3,3,3,3,true,6,"public lights"
"Bristol",RI,3,3,3,3,3,true,6,"outdoor public"
"Narragansett",RI,3,3,3,3,3,true,6,"outdoor public"
"Newport",RI,3,3,3,3,3,true,6,"outdoor public"
"Groton",SD,3,3,3,3,3,true,6,"public lights"
"Spearfish",SD,3,3,3,3,3,true,6,"outdoor public"
"Cordova",TN,4,4,3,4,3,true,6,"public lights"
"Dayton",TN,3,3,3,3,3,true,6,"outdoor public"
"Mcminnville",TN,3,3,3,3,3,true,6,"public lights"
"Canyon Lake",TX,4,4,3,4,3,true,6,"indoor public"
"Seabrook",TX,3,3,3,3,3,true,6,"outdoor public"
"Temple",TX,3,3,3,3,3,true,6,"outdoor lights"
"Bluffdale",UT,7,7,3,7,3,true,6,"outdoor public"
"Pleasant Grove",UT,3,3,3,3,3,true,6,"public lights"
"Price",UT,3,3,3,3,3,true,6,"public lights"
"Salem",UT,3,3,3,3,3,true,6,"public lights"
"Smithfield",UT,3,3,3,3,3,true,6,"public lights"
"St George",UT,3,3,3,3,3,true,6,"public lights"
"Abingdon",VA,3,3,3,3,3,true,6,"outdoor public"
"Blacksburg",VA,3,3,3,3,3,true,6,"outdoor public"
"Chester",VA,3,3,3,3,3,true,6,"public lights"
"Haymarket",VA,5,5,3,5,3,true,6,"outdoor lights"
"Radford",VA,3,3,3,3,3,true,6,"public lights"
"North Hero",VT,3,3,3,3,3,true,6,"outdoor public"
"Shelburne",VT,4,3,4,4,3,true,6,"outdoor public"
"Battle Ground",WA,5,5,3,5,3,true,6,"public lights"
"Bothell",WA,8,8,3,8,3,true,6,"outdoor public"
"Cle Elum",WA,3,3,3,3,3,true,6,"outdoor public"
"Lynnwood",WA,3,3,3,3,3,true,6,"public lights"
"Snoqualmie",WA,5,5,3,5,3,true,6,"outdoor public"
"Sumner",WA,3,3,3,3,3,true,6,"outdoor public"
"Washburn",WI,3,3,3,3,3,true,6,"outdoor public"
"Gunnison",CO,4,4,4,4,4,true,5,""
"Acworth",GA,4,4,4,4,4,true,5,""
"Lawrenceville",GA,4,4,4,4,4,true,5,""
"Sandy Springs",GA,5,4,5,5,4,true,5,""
"Gurnee",IL,4,4,4,4,4,true,5,""
"Hyde Park",MA,4,4,4,4,4,true,5,""
"Upper Marlboro",MD,4,4,4,4,4,true,5,""
"Harbor Springs",MI,4,4,4,4,4,true,5,""
"Rochester Hills",MI,4,4,4,4,4,true,5,""
"Coon Rapids",MN,4,4,4,4,4,true,5,""
"Plymouth",MN,4,4,4,4,4,true,5,""
"Rosemount",MN,4,4,4,4,4,true,5,""
"Florissant",MO,4,4,4,4,4,true,5,""
"Kirkwood",MO,4,4,4,4,4,true,5,""
"Helena",MT,5,4,5,5,4,true,5,""
"Denver",NC,4,4,4,4,4,true,5,""
"Washington",NC,4,4,4,4,4,true,5,""
"Mount Laurel",NJ,4,4,4,4,4,true,5,""
"New York City",NY,4,4,4,4,4,true,5,""
"Utica",NY,4,4,4,4,4,true,5,""
"Mentor",OH,5,4,5,5,4,true,5,""
"Twinsburg",OH,4,4,4,4,4,true,5,""
"Washington",PA,4,4,4,4,4,true,5,""
"Kerrville",TX,4,4,4,4,4,true,5,""
"Westlake",TX,4,4,4,4,4,true,5,""
"Superior",WI,4,4,4,4,4,true,5,""
"Juneau",AK,4,4,3,4,3,true,5,"public"
"Anniston",AL,4,3,4,4,3,true,5,"public"
"Hartselle",AL,3,3,3,3,3,true,5,"indoor"
"Northport",AL,4,4,3,4,3,true,5,"public"
"Lowell",AR,3,3,3,3,3,true,5,"outdoor"
"Avondale",AZ,4,3,4,4,3,true,5,"public"
"Benson",AZ,3,3,3,3,3,true,5,"outdoor"
"Cottonwood",AZ,3,3,3,3,3,true,5,"outdoor"
"Gold Canyon",AZ,3,3,3,3,3,true,5,"outdoor"
"Show Low",AZ,3,3,3,3,3,true,5,"outdoor"
"Sun Lakes",AZ,3,3,3,3,3,true,5,"outdoor"
"Tubac",AZ,3,3,3,3,3,true,5,"outdoor"
"Albany",CA,3,3,3,3,3,true,5,"public"
"Anaheim",CA,3,3,3,3,3,true,5,"outdoor"
"Atascadero",CA,3,3,3,3,3,true,5,"public"
"Big Bear Lake",CA,3,3,3,3,3,true,5,"public"
"Borrego Springs",CA,3,3,3,3,3,true,5,"outdoor"
"Cerritos",CA,3,3,3,3,3,true,5,"public"
"Costa Mesa",CA,3,3,3,3,3,true,5,"public"
"El Segundo",CA,3,3,3,3,3,true,5,"public"
"Fowler",CA,3,3,3,3,3,true,5,"outdoor"
"Indio",CA,4,3,4,4,3,true,5,"outdoor"
"Laguna Hills",CA,3,3,3,3,3,true,5,"outdoor"
"Los Alamitos",CA,3,3,3,3,3,true,5,"public"
"Los Gatos",CA,3,3,3,3,3,true,5,"public"
"Mammoth Lakes",CA,3,3,3,3,3,true,5,"outdoor"
"Nipomo",CA,3,3,3,3,3,true,5,"outdoor"
"Patterson",CA,3,3,3,3,3,true,5,"public"
"Ramona",CA,3,3,3,3,3,true,5,"outdoor"
"Rancho Cordova",CA,3,3,3,3,3,true,5,"outdoor"
"Rancho Santa Margarita",CA,3,3,3,3,3,true,5,"outdoor"
"Redlands",CA,3,3,3,3,3,true,5,"public"
"Richmond",CA,3,3,3,3,3,true,5,"public"
"Rohnert Park",CA,3,3,3,3,3,true,5,"outdoor"
"San Leandro",CA,3,3,3,3,3,true,5,"outdoor"
"San Ramon",CA,3,3,3,3,3,true,5,"public"
"South Lake Tahoe",CA,3,3,3,3,3,true,5,"public"
"Stallion Springs",CA,3,3,3,3,3,true,5,"public"
"Templeton",CA,3,3,3,3,3,true,5,"outdoor"
"Breckenridge",CO,3,3,3,3,3,true,5,"outdoor"
"Canon City",CO,3,3,3,3,3,true,5,"outdoor"
"Cortez",CO,3,3,3,3,3,true,5,"public"
"Erie",CO,3,3,3,3,3,true,5,"public"
"Golden",CO,3,3,3,3,3,true,5,"lights"
"Grand Lake",CO,3,3,3,3,3,true,5,"public"
"Lafayette",CO,3,3,3,3,3,true,5,"indoor"
"Pagosa Springs",CO,4,3,4,4,3,true,5,"public"
"Steamboat Springs",CO,3,3,3,3,3,true,5,"outdoor"
"Shelton",CT,3,3,3,3,3,true,5,"public"
"Tolland",CT,3,3,3,3,3,true,5,"public"
"West Redding",CT,3,3,3,3,3,true,5,"public"
"Georgetown",DE,3,3,3,3,3,true,5,"outdoor"
"Big Pine Key",FL,3,3,3,3,3,true,5,"outdoor"
"Brooksville",FL,6,6,3,6,3,true,5,"outdoor"
"Chiefland",FL,3,3,3,3,3,true,5,"outdoor"
"Cocoa",FL,3,3,3,3,3,true,5,"public"
"Coral Springs",FL,4,4,3,4,3,true,5,"outdoor"
"Edgewater",FL,3,3,3,3,3,true,5,"outdoor"
"Hallandale Beach",FL,3,3,3,3,3,true,5,"outdoor"
"Lake Placid",FL,3,3,3,3,3,true,5,"outdoor"
"Lake Wales",FL,3,3,3,3,3,true,5,"public"
"Lutz",FL,3,3,3,3,3,true,5,"public"
"Palm Harbor",FL,4,4,3,4,3,true,5,"outdoor"
"Pompano Beach",FL,3,3,3,3,3,true,5,"public"
"Port Saint Lucie",FL,4,3,4,4,3,true,5,"lights"
"Saint Lucie West",FL,3,3,3,3,3,true,5,"outdoor"
"Stuart",FL,4,4,3,4,3,true,5,"outdoor"
"Summerfield",FL,3,3,3,3,3,true,5,"outdoor"
"Wellington",FL,3,3,3,3,3,true,5,"public"
"Adairsville",GA,3,3,3,3,3,true,5,"public"
"Blue Ridge",GA,3,3,3,3,3,true,5,"outdoor"
"East Point",GA,4,4,3,4,3,true,5,"public"
"Hephzibah",GA,3,3,3,3,3,true,5,"indoor"
"Hiawassee",GA,3,3,3,3,3,true,5,"public"
"Hiram",GA,3,3,3,3,3,true,5,"outdoor"
"Jonesboro",GA,3,3,3,3,3,true,5,"public"
"Pooler",GA,3,3,3,3,3,true,5,"public"
"Rome",GA,3,3,3,3,3,true,5,"public"
"Smyrna",GA,4,4,3,4,3,true,5,"public"
"Trenton",GA,3,3,3,3,3,true,5,"public"
"Tybee Island",GA,5,5,3,5,3,true,5,"public"
"Valdosta",GA,3,3,3,3,3,true,5,"public"
"Villa Rica",GA,3,3,3,3,3,true,5,"public"
"Warner Robins",GA,3,3,3,3,3,true,5,"public"
"Winder",GA,3,3,3,3,3,true,5,"public"
"Kona",HI,3,3,3,3,3,true,5,"outdoor"
"Kula",HI,3,3,3,3,3,true,5,"outdoor"
"Lihue",HI,3,3,3,3,3,true,5,"outdoor"
"Waimea",HI,3,3,3,3,3,true,5,"outdoor"
"Altoona",IA,4,4,3,4,3,true,5,"public"
"Boone",IA,3,3,3,3,3,true,5,"public"
"DeWitt",IA,3,3,3,3,3,true,5,"public"
"Dysart",IA,3,3,3,3,3,true,5,"public"
"Eldridge",IA,3,3,3,3,3,true,5,"public"
"Fairfield",IA,4,3,4,4,3,true,5,"public"
"Garner",IA,3,3,3,3,3,true,5,"public"
"Jefferson",IA,3,3,3,3,3,true,5,"public"
"Johnston",IA,3,3,3,3,3,true,5,"public"
"Le Mars",IA,3,3,3,3,3,true,5,"public"
"Solon",IA,3,3,3,3,3,true,5,"public"
"Waterloo",IA,3,3,3,3,3,true,5,"indoor"
"Aurora",IL,3,3,3,3,3,true,5,"indoor"
"Belvidere",IL,3,3,3,3,3,true,5,"public"
"Carbondale",IL,3,3,3,3,3,true,5,"public"
"Glenview",IL,3,3,3,3,3,true,5,"public"
"Lindenhurst",IL,3,3,3,3,3,true,5,"public"
"Lockport",IL,3,3,3,3,3,true,5,"indoor"
"Marion",IL,3,3,3,3,3,true,5,"public"
"Moline",IL,4,3,4,4,3,true,5,"indoor"
"Mount Prospect",IL,3,3,3,3,3,true,5,"outdoor"
"Murphysboro",IL,3,3,3,3,3,true,5,"public"
"Oregon",IL,3,3,3,3,3,true,5,"public"
"Ottawa",IL,3,3,3,3,3,true,5,"public"
"Rockford",IL,4,3,4,4,3,true,5,"public"
"Savoy",IL,3,3,3,3,3,true,5,"public"
"Sheffield",IL,3,3,3,3,3,true,5,"public"
"Warrenville",IL,3,3,3,3,3,true,5,"indoor"
"Wheeling",IL,3,3,3,3,3,true,5,"public"
"Jeffersonville",IN,3,3,3,3,3,true,5,"indoor"
"Winamac",IN,3,3,3,3,3,true,5,"public"
"Goddard",KS,3,3,3,3,3,true,5,"indoor"
"Hays",KS,3,3,3,3,3,true,5,"public"
"Mulvane",KS,3,3,3,3,3,true,5,"public"
"Alexandria",KY,3,3,3,3,3,true,5,"public"
"Calvert City",KY,3,3,3,3,3,true,5,"public"
"Florence",KY,3,3,3,3,3,true,5,"indoor"
"Paris",KY,3,3,3,3,3,true,5,"outdoor"
"Gonzales",LA,3,3,3,3,3,true,5,"public"
"Ponchatoula",LA,3,3,3,3,3,true,5,"public"
"Bourne",MA,3,3,3,3,3,true,5,"outdoor"
"Burlington",MA,3,3,3,3,3,true,5,"indoor"
"Charlton",MA,3,3,3,3,3,true,5,"outdoor"
"Concord",MA,3,3,3,3,3,true,5,"public"
"Eastham",MA,3,3,3,3,3,true,5,"outdoor"
"Fitchburg",MA,3,3,3,3,3,true,5,"indoor"
"Gardner",MA,3,3,3,3,3,true,5,"outdoor"
"Greenfield",MA,3,3,3,3,3,true,5,"public"
"Lexington",MA,3,3,3,3,3,true,5,"public"
"Malden",MA,3,3,3,3,3,true,5,"public"
"Melrose",MA,3,3,3,3,3,true,5,"public"
"Nantucket",MA,3,3,3,3,3,true,5,"public"
"New Bedford",MA,3,3,3,3,3,true,5,"outdoor"
"North Andover",MA,3,3,3,3,3,true,5,"indoor"
"Sturbridge",MA,3,3,3,3,3,true,5,"public"
"Wellesley",MA,3,3,3,3,3,true,5,"public"
"Wenham",MA,3,3,3,3,3,true,5,"public"
"Westborough",MA,3,3,3,3,3,true,5,"public"
"Arnold",MD,3,3,3,3,3,true,5,"public"
"Cumberland",MD,3,3,3,3,3,true,5,"outdoor"
"Germantown",MD,3,3,3,3,3,true,5,"indoor"
"Wheaton",MD,3,3,3,3,3,true,5,"public"
"Calais",ME,3,3,3,3,3,true,5,"public"
"Orono",ME,3,3,3,3,3,true,5,"outdoor"
"Presque Isle",ME,3,3,3,3,3,true,5,"public"
"Wells",ME,3,3,3,3,3,true,5,"public"
"Bad Axe",MI,3,3,3,3,3,true,5,"public"
"Bay City",MI,3,3,3,3,3,true,5,"public"
"Belleville",MI,3,3,3,3,3,true,5,"public"
"Ionia",MI,3,3,3,3,3,true,5,"public"
"Lake Ann",MI,3,3,3,3,3,true,5,"public"
"Manistee",MI,3,3,3,3,3,true,5,"public"
"Marshall",MI,3,3,3,3,3,true,5,"public"
"Pentwater",MI,3,3,3,3,3,true,5,"outdoor"
"Riverview",MI,3,3,3,3,3,true,5,"public"
"Swartz Creek",MI,3,3,3,3,3,true,5,"public"
"Anoka",MN,3,3,3,3,3,true,5,"public"
"Glenwood",MN,3,3,3,3,3,true,5,"public"
"Luverne",MN,3,3,3,3,3,true,5,"public"
"McGregor",MN,3,3,3,3,3,true,5,"public"
"Northfield",MN,3,3,3,3,3,true,5,"public"
"Owatonna",MN,3,3,3,3,3,true,5,"public"
"Park Rapids",MN,3,3,3,3,3,true,5,"public"
"Pine City",MN,3,3,3,3,3,true,5,"public"
"Pine Island",MN,3,3,3,3,3,true,5,"outdoor"
"Sartell",MN,4,3,4,4,3,true,5,"public"
"Winona",MN,3,3,3,3,3,true,5,"indoor"
"Crestwood",MO,4,3,4,4,3,true,5,"public"
"Fenton",MO,3,3,3,3,3,true,5,"public"
"Republic",MO,3,3,3,3,3,true,5,"public"
"Rolla",MO,4,3,4,4,3,true,5,"public"
"Tupelo",MS,6,3,6,6,3,true,5,"public"
"Bozeman",MT,4,4,3,4,3,true,5,"outdoor"
"Polson",MT,3,3,3,3,3,true,5,"outdoor"
"Stevensville",MT,3,3,3,3,3,true,5,"outdoor"
"Albemarle",NC,3,3,3,3,3,true,5,"indoor"
"Columbus",NC,3,3,3,3,3,true,5,"indoor"
"Davidson",NC,3,3,3,3,3,true,5,"outdoor"
"Garner",NC,3,3,3,3,3,true,5,"indoor"
"Havelock",NC,3,3,3,3,3,true,5,"public"
"Hickory",NC,4,4,3,4,3,true,5,"public"
"Hillsborough",NC,3,3,3,3,3,true,5,"public"
"Indian Trail",NC,4,4,3,4,3,true,5,"lights"
"Jacksonville",NC,3,3,3,3,3,true,5,"lights"
"Kill Devil Hills",NC,3,3,3,3,3,true,5,"lights"
"Lexington",NC,3,3,3,3,3,true,5,"public"
"Marion",NC,3,3,3,3,3,true,5,"lights"
"Matthews",NC,3,3,3,3,3,true,5,"lights"
"Mocksville",NC,3,3,3,3,3,true,5,"indoor"
"Morrisville",NC,3,3,3,3,3,true,5,"lights"
"Reidsville",NC,4,3,4,4,3,true,5,"public"
"Roanoke Rapids",NC,3,3,3,3,3,true,5,"public"
"Rocky Mount",NC,3,3,3,3,3,true,5,"public"
"Taylorsville",NC,3,3,3,3,3,true,5,"public"
"Waxhaw",NC,3,3,3,3,3,true,5,"outdoor"
"West Fargo",ND,3,3,3,3,3,true,5,"public"
"Crofton",NE,4,3,4,4,3,true,5,"public"
"Elkhorn",NE,5,4,4,5,3,true,5,"public"
"Jackson",NE,3,3,3,3,3,true,5,"public"
"Kearney",NE,4,4,3,4,3,true,5,"public"
"Norfolk",NE,3,3,3,3,3,true,5,"lights"
"North Platte",NE,6,3,6,6,3,true,5,"indoor"
"Alton",NH,3,3,3,3,3,true,5,"public"
"Goffstown",NH,3,3,3,3,3,true,5,"public"
"Hillsboro",NH,3,3,3,3,3,true,5,"public"
"Hillsborough",NJ,3,3,3,3,3,true,5,"indoor"
"Whippany",NJ,3,3,3,3,3,true,5,"public"
"Gallup",NM,3,3,3,3,3,true,5,"outdoor"
"Gardnerville",NV,3,3,3,3,3,true,5,"public"
"Caledonia",NY,3,3,3,3,3,true,5,"public"
"Canandaigua",NY,3,3,3,3,3,true,5,"public"
"Clifton Park",NY,4,4,3,4,3,true,5,"public"
"Cottekill",NY,3,3,3,3,3,true,5,"public"
"Endicott",NY,3,3,3,3,3,true,5,"outdoor"
"Fairport",NY,3,3,3,3,3,true,5,"public"
"Ghent",NY,3,3,3,3,3,true,5,"public"
"Hornell",NY,3,3,3,3,3,true,5,"lights"
"Huntington",NY,3,3,3,3,3,true,5,"public"
"Lake Grove",NY,3,3,3,3,3,true,5,"outdoor"
"Manhattan",NY,3,3,3,3,3,true,5,"lights"
"Oswego",NY,3,3,3,3,3,true,5,"public"
"Rome",NY,3,3,3,3,3,true,5,"public"
"Saranac",NY,3,3,3,3,3,true,5,"public"
"Skaneateles",NY,3,3,3,3,3,true,5,"public"
"Stanfordville",NY,3,3,3,3,3,true,5,"public"
"West Hempstead",NY,3,3,3,3,3,true,5,"public"
"Westbury",NY,4,4,3,4,3,true,5,"indoor"
"Westhampton",NY,3,3,3,3,3,true,5,"outdoor"
"Ashtabula",OH,3,3,3,3,3,true,5,"public"
"Bay Village",OH,3,3,3,3,3,true,5,"public"
"Broadview Heights",OH,5,5,3,5,3,true,5,"outdoor"
"Mayfield Heights",OH,3,3,3,3,3,true,5,"lights"
"North Royalton",OH,3,3,3,3,3,true,5,"lights"
"Seven Hills",OH,3,3,3,3,3,true,5,"public"
"Westlake",OH,4,4,3,4,3,true,5,"lights"
"Worthington",OH,3,3,3,3,3,true,5,"lights"
"Central Point",OR,3,3,3,3,3,true,5,"public"
"Coos Bay",OR,3,3,3,3,3,true,5,"public"
"Coquille",OR,3,3,3,3,3,true,5,"public"
"Lincoln City",OR,3,3,3,3,3,true,5,"public"
"Monmouth",OR,3,3,3,3,3,true,5,"public"
"Nehalem",OR,3,3,3,3,3,true,5,"public"
"Newport",OR,3,3,3,3,3,true,5,"public"
"Roseburg",OR,4,4,3,4,3,true,5,"indoor"
"Altoona",PA,4,3,4,4,3,true,5,"lights"
"Corry",PA,3,3,3,3,3,true,5,"public"
"DuBois",PA,3,3,3,3,3,true,5,"lights"
"Exton",PA,3,3,3,3,3,true,5,"outdoor"
"Greensburg",PA,3,3,3,3,3,true,5,"indoor"
"Johnstown",PA,3,3,3,3,3,true,5,"public"
"King Of Prussia",PA,3,3,3,3,3,true,5,"indoor"
"Media",PA,3,3,3,3,3,true,5,"outdoor"
"Milton",PA,3,3,3,3,3,true,5,"public"
"Nazareth",PA,3,3,3,3,3,true,5,"public"
"New Kensington",PA,3,3,3,3,3,true,5,"public"
"Quakertown",PA,3,3,3,3,3,true,5,"public"
"Barrington",RI,4,4,3,4,3,true,5,"public"
"East Providence",RI,3,3,3,3,3,true,5,"public"
"Providence",RI,3,3,3,3,3,true,5,"outdoor"
"South Kingstown",RI,3,3,3,3,3,true,5,"public"
"Camden",SC,3,3,3,3,3,true,5,"public"
"Goose Creek",SC,3,3,3,3,3,true,5,"indoor"
"Greenwood",SC,3,3,3,3,3,true,5,"public"
"Greer",SC,3,3,3,3,3,true,5,"public"
"Hardeeville",SC,3,3,3,3,3,true,5,"outdoor"
"Mitchell",SD,3,3,3,3,3,true,5,"public"
"Columbia",TN,5,4,4,5,3,true,5,"public"
"Elizabethton",TN,3,3,3,3,3,true,5,"public"
"Milan",TN,3,3,3,3,3,true,5,"public"
"Mt Juliet",TN,3,3,3,3,3,true,5,"public"
"Addison",TX,3,3,3,3,3,true,5,"outdoor"
"Aledo",TX,3,3,3,3,3,true,5,"public"
"Brownwood",TX,3,3,3,3,3,true,5,"public"
"Burnet",TX,3,3,3,3,3,true,5,"public"
"Friendswood",TX,3,3,3,3,3,true,5,"outdoor"
"Harker Heights",TX,3,3,3,3,3,true,5,"indoor"
"Humble",TX,4,4,3,4,3,true,5,"indoor"
"Live Oak",TX,3,3,3,3,3,true,5,"public"
"Marble Falls",TX,3,3,3,3,3,true,5,"public"
"Mission",TX,3,3,3,3,3,true,5,"public"
"Highland",UT,3,3,3,3,3,true,5,"indoor"
"Moab",UT,3,3,3,3,3,true,5,"outdoor"
"West Jordan",UT,3,3,3,3,3,true,5,"public"
"Chantilly",VA,8,8,3,8,3,true,5,"public"
"Dumfries",VA,5,5,3,5,3,true,5,"outdoor"
"Forest",VA,3,3,3,3,3,true,5,"outdoor"
"Lorton",VA,3,3,3,3,3,true,5,"public"
"Pittsford",VT,3,3,3,3,3,true,5,"public"
"Wilmington",VT,4,4,3,4,3,true,5,"public"
"Blaine",WA,3,3,3,3,3,true,5,"outdoor"
"Federal Way",WA,4,4,3,4,3,true,5,"public"
"Pasco",WA,3,3,3,3,3,true,5,"indoor"
"Port Ludlow",WA,3,3,3,3,3,true,5,"outdoor"
"Winthrop",WA,3,3,3,3,3,true,5,"public"
"Altoona",WI,3,3,3,3,3,true,5,"public"
"Crandon",WI,3,3,3,3,3,true,5,"public"
"Frederic",WI,3,3,3,3,3,true,5,"public"
"Hartford",WI,3,3,3,3,3,true,5,"public"
"Hartland",WI,3,3,3,3,3,true,5,"public"
"Menomonie",WI,4,4,3,4,3,true,5,"public"
"Oconomowoc",WI,4,4,3,4,3,true,5,"public"
"Prescott",WI,3,3,3,3,3,true,5,"public"
"Sheboygan Falls",WI,3,3,3,3,3,true,5,"public"
"Shell Lake",WI,3,3,3,3,3,true,5,"public"
"Stoughton",WI,3,3,3,3,3,true,5,"public"
"Sussex",WI,3,3,3,3,3,true,5,"public"
"Tomahawk",WI,3,3,3,3,3,true,5,"public"
"Webster",WI,4,4,3,4,3,true,5,"public"
"Wisconsin Dells",WI,3,3,3,3,3,true,5,"public"
"Martinsburg",WV,3,3,3,3,3,true,5,"public"
"Vienna",WV,3,3,3,3,3,true,5,"public"
"Gillette",WY,3,3,3,3,3,true,5,"public"
"Wasilla",AK,4,4,3,4,3,true,4,""
"Bentonville",AR,4,3,4,4,3,true,4,""
"Hot Springs Village",AR,4,3,4,4,3,true,4,""
"Springdale",AR,3,3,3,3,3,true,4,""
"Florence",AZ,3,3,3,3,3,true,4,""
"Benicia",CA,3,3,3,3,3,true,4,""
"Cathedral City",CA,3,3,3,3,3,true,4,""
"Chico",CA,4,3,4,4,3,true,4,""
"La Jolla",CA,4,4,3,4,3,true,4,""
"Laguna Niguel",CA,4,3,4,4,3,true,4,""
"Lakeside",CA,3,3,3,3,3,true,4,""
"Merced",CA,3,3,3,3,3,true,4,""
"Pleasanton",CA,3,3,3,3,3,true,4,""
"San Rafael",CA,4,4,3,4,3,true,4,""
"Sunnyvale",CA,3,3,3,3,3,true,4,""
"Tarzana",CA,3,3,3,3,3,true,4,""
"Tehachapi",CA,3,3,3,3,3,true,4,""
"Ukiah",CA,3,3,3,3,3,true,4,""
"Broomfield",CO,4,4,3,4,3,true,4,""
"Buena Vista",CO,3,3,3,3,3,true,4,""
"Eaton",CO,3,3,3,3,3,true,4,""
"Johnstown",CO,3,3,3,3,3,true,4,""
"La Veta",CO,3,3,3,3,3,true,4,""
"Louisville",CO,3,3,3,3,3,true,4,""
"Vail",CO,3,3,3,3,3,true,4,""
"New Canaan",CT,3,3,3,3,3,true,4,""
"New Milford",CT,3,3,3,3,3,true,4,""
"Dover",DE,3,3,3,3,3,true,4,""
"Davenport",FL,3,3,3,3,3,true,4,""
"Deerfield Beach",FL,3,3,3,3,3,true,4,""
"Madison",FL,3,3,3,3,3,true,4,""
"Parkland",FL,3,3,3,3,3,true,4,""
"Ponte Vedra Beach",FL,3,3,3,3,3,true,4,""
"Port Charlotte",FL,3,3,3,3,3,true,4,""
"Spring Hill",FL,3,3,3,3,3,true,4,""
"Sunrise",FL,3,3,3,3,3,true,4,""
"Tarpon Springs",FL,3,3,3,3,3,true,4,""
"Titusville",FL,3,3,3,3,3,true,4,""
"Albany",GA,3,3,3,3,3,true,4,""
"Austell",GA,3,3,3,3,3,true,4,""
"Dublin",GA,3,3,3,3,3,true,4,""
"Johns Creek",GA,3,3,3,3,3,true,4,""
"Kennesaw",GA,3,3,3,3,3,true,4,""
"Mableton",GA,3,3,3,3,3,true,4,""
"Sugar Hill",GA,3,3,3,3,3,true,4,""
"Atlantic",IA,4,3,4,4,3,true,4,""
"Cresco",IA,3,3,3,3,3,true,4,""
"Keokuk",IA,3,3,3,3,3,true,4,""
"Marion",IA,3,3,3,3,3,true,4,""
"Sioux Center",IA,3,3,3,3,3,true,4,""
"Ketchum",ID,3,3,3,3,3,true,4,""
"Algonquin",IL,3,3,3,3,3,true,4,""
"Des Plaines",IL,3,3,3,3,3,true,4,""
"East Peoria",IL,3,3,3,3,3,true,4,""
"Glen Ellyn",IL,3,3,3,3,3,true,4,""
"Hinsdale",IL,3,3,3,3,3,true,4,""
"Hoffman Estates",IL,3,3,3,3,3,true,4,""
"Huntley",IL,3,3,3,3,3,true,4,""
"Jacksonville",IL,3,3,3,3,3,true,4,""
"Mundelein",IL,4,3,4,4,3,true,4,""
"Oak Brook",IL,3,3,3,3,3,true,4,""
"Park Ridge",IL,4,3,4,4,3,true,4,""
"Sterling",IL,3,3,3,3,3,true,4,""
"Sycamore",IL,3,3,3,3,3,true,4,""
"Danville",IN,3,3,3,3,3,true,4,""
"Hobart",IN,3,3,3,3,3,true,4,""
"Lafayette",IN,3,3,3,3,3,true,4,""
"Lebanon",IN,4,3,4,4,3,true,4,""
"Derby",KS,3,3,3,3,3,true,4,""
"Emporia",KS,3,3,3,3,3,true,4,""
"Shawnee",KS,3,3,3,3,3,true,4,""
"Ashland",KY,3,3,3,3,3,true,4,""
"Henderson",KY,3,3,3,3,3,true,4,""
"Brookline",MA,3,3,3,3,3,true,4,""
"Holyoke",MA,3,3,3,3,3,true,4,""
"North Easton",MA,3,3,3,3,3,true,4,""
"Shelburne Falls",MA,3,3,3,3,3,true,4,""
"Upton",MA,3,3,3,3,3,true,4,""
"Waltham",MA,3,3,3,3,3,true,4,""
"Wayland",MA,3,3,3,3,3,true,4,""
"West Boylston",MA,3,3,3,3,3,true,4,""
"Glen Burnie",MD,3,3,3,3,3,true,4,""
"Montgomery Village",MD,3,3,3,3,3,true,4,""
"Pocomoke",MD,3,3,3,3,3,true,4,""
"Severna Park",MD,3,3,3,3,3,true,4,""
"Westminster",MD,3,3,3,3,3,true,4,""
"Bethel",ME,3,3,3,3,3,true,4,""
"Hampden",ME,3,3,3,3,3,true,4,""
"Rockport",ME,3,3,3,3,3,true,4,""
"Saco",ME,3,3,3,3,3,true,4,""
"Birmingham",MI,3,3,3,3,3,true,4,""
"Brighton",MI,3,3,3,3,3,true,4,""
"Byron Center",MI,3,3,3,3,3,true,4,""
"Clinton Township",MI,3,3,3,3,3,true,4,""
"Escanaba",MI,3,3,3,3,3,true,4,""
"Farmington Hills",MI,3,3,3,3,3,true,4,""
"Greenville",MI,3,3,3,3,3,true,4,""
"Linden",MI,3,3,3,3,3,true,4,""
"Port Huron",MI,3,3,3,3,3,true,4,""
"Portage",MI,6,4,5,6,3,true,4,""
"South Haven",MI,4,3,4,4,3,true,4,""
"Spring Lake",MI,3,3,3,3,3,true,4,""
"West Bloomfield Township",MI,3,3,3,3,3,true,4,""
"Baxter",MN,3,3,3,3,3,true,4,""
"Bemidji",MN,3,3,3,3,3,true,4,""
"Brainerd",MN,3,3,3,3,3,true,4,""
"Cushing",MN,3,3,3,3,3,true,4,""
"Hastings",MN,3,3,3,3,3,true,4,""
"Melrose",MN,3,3,3,3,3,true,4,""
"Minnetonka",MN,3,3,3,3,3,true,4,""
"Morris",MN,3,3,3,3,3,true,4,""
"Red Wing",MN,3,3,3,3,3,true,4,""
"Savage",MN,4,3,4,4,3,true,4,""
"Shakopee",MN,3,3,3,3,3,true,4,""
"Stillwater",MN,4,3,4,4,3,true,4,""
"Creve Coeur",MO,3,3,3,3,3,true,4,""
"Lake St. Louis",MO,3,3,3,3,3,true,4,""
"Maryland Heights",MO,3,3,3,3,3,true,4,""
"Moberly",MO,3,3,3,3,3,true,4,""
"Olive Branch",MS,3,3,3,3,3,true,4,""
"Kalispell",MT,3,3,3,3,3,true,4,""
"Monroe",NC,3,3,3,3,3,true,4,""
"Morehead City",NC,4,3,4,4,3,true,4,""
"Warrenton",NC,3,3,3,3,3,true,4,""
"Wilkesboro",NC,3,3,3,3,3,true,4,""
"Minot",ND,3,3,3,3,3,true,4,""
"Grantham",NH,3,3,3,3,3,true,4,""
"Litchfield",NH,3,3,3,3,3,true,4,""
"Egg Harbor Township",NJ,3,3,3,3,3,true,4,""
"Fair Lawn",NJ,3,3,3,3,3,true,4,""
"Marlton",NJ,3,3,3,3,3,true,4,""
"Middletown",NJ,3,3,3,3,3,true,4,""
"Moorestown",NJ,3,3,3,3,3,true,4,""
"Ramsey",NJ,3,3,3,3,3,true,4,""
"Sicklerville",NJ,3,3,3,3,3,true,4,""
"West Milford",NJ,3,3,3,3,3,true,4,""
"Amsterdam",NY,3,3,3,3,3,true,4,""
"Chatham",NY,3,3,3,3,3,true,4,""
"East Aurora",NY,3,3,3,3,3,true,4,""
"Hamburg",NY,3,3,3,3,3,true,4,""
"Huntington Station",NY,3,3,3,3,3,true,4,""
"Kenmore",NY,3,3,3,3,3,true,4,""
"Montauk",NY,3,3,3,3,3,true,4,""
"Nesconset",NY,3,3,3,3,3,true,4,""
"Port Washington",NY,3,3,3,3,3,true,4,""
"Scotia",NY,3,3,3,3,3,true,4,""
"Yonkers",NY,3,3,3,3,3,true,4,""
"Boardman",OH,3,3,3,3,3,true,4,""
"Lexington",OH,3,3,3,3,3,true,4,""
"Lorain",OH,4,4,3,4,3,true,4,""
"Louisville",OH,3,3,3,3,3,true,4,""
"Lyndhurst",OH,3,3,3,3,3,true,4,""
"Maumee",OH,3,3,3,3,3,true,4,""
"Newark",OH,3,3,3,3,3,true,4,""
"North Ridgeville",OH,3,3,3,3,3,true,4,""
"Piqua",OH,3,3,3,3,3,true,4,""
"Rossford",OH,3,3,3,3,3,true,4,""
"Sidney",OH,3,3,3,3,3,true,4,""
"Troy",OH,3,3,3,3,3,true,4,""
"Wadsworth",OH,3,3,3,3,3,true,4,""
"Wooster",OH,3,3,3,3,3,true,4,""
"Youngstown",OH,3,3,3,3,3,true,4,""
"Brookings",OR,3,3,3,3,3,true,4,""
"Eagle Point",OR,3,3,3,3,3,true,4,""
"Florence",OR,3,3,3,3,3,true,4,""
"Springfield",OR,4,3,4,4,3,true,4,""
"Bethel Park",PA,3,3,3,3,3,true,4,""
"Camp Hill",PA,3,3,3,3,3,true,4,""
"Cranberry Township",PA,3,3,3,3,3,true,4,""
"Hanover",PA,3,3,3,3,3,true,4,""
"Jersey Shore",PA,3,3,3,3,3,true,4,""
"Kittanning",PA,3,3,3,3,3,true,4,""
"Meadville",PA,3,3,3,3,3,true,4,""
"Phoenixville",PA,4,3,4,4,3,true,4,""
"Pottstown",PA,3,3,3,3,3,true,4,""
"Springfield",PA,3,3,3,3,3,true,4,""
"Warren",PA,3,3,3,3,3,true,4,""
"Clover",SC,3,3,3,3,3,true,4,""
"Hanahan",SC,3,3,3,3,3,true,4,""
"Lancaster",SC,3,3,3,3,3,true,4,""
"Hot Springs",SD,3,3,3,3,3,true,4,""
"Madison",SD,3,3,3,3,3,true,4,""
"Arlington",TN,3,3,3,3,3,true,4,""
"Morristown",TN,5,5,3,5,3,true,4,""
"Alamo",TX,3,3,3,3,3,true,4,""
"Allen",TX,6,6,3,6,3,true,4,""
"Benbrook",TX,3,3,3,3,3,true,4,""
"Brenham",TX,3,3,3,3,3,true,4,""
"Cedar Park",TX,5,5,3,5,3,true,4,""
"Hurst",TX,3,3,3,3,3,true,4,""
"Lufkin",TX,3,3,3,3,3,true,4,""
"North Richland Hills",TX,3,3,3,3,3,true,4,""
"Pflugerville",TX,4,4,3,4,3,true,4,""
"San Marcos",TX,3,3,3,3,3,true,4,""
"Victoria",TX,3,3,3,3,3,true,4,""
"South Jordan",UT,4,4,3,4,3,true,4,""
"Woods Cross",UT,3,3,3,3,3,true,4,""
"Ashburn",VA,4,4,3,4,3,true,4,""
"Crozet",VA,3,3,3,3,3,true,4,""
"Gloucester",VA,3,3,3,3,3,true,4,""
"Herndon",VA,3,3,3,3,3,true,4,""
"Midlothian",VA,6,6,3,6,3,true,4,""
"Pulaski",VA,4,3,4,4,3,true,4,""
"Purcellville",VA,4,3,4,4,3,true,4,""
"Stafford",VA,3,3,3,3,3,true,4,""
"Staunton",VA,3,3,3,3,3,true,4,""
"Waynesboro",VA,3,3,3,3,3,true,4,""
"Newport",VT,3,3,3,3,3,true,4,""
"Eastsound",WA,3,3,3,3,3,true,4,""
"Friday Harbor",WA,4,4,3,4,3,true,4,""
"Lakewood",WA,3,3,3,3,3,true,4,""
"Poulsbo",WA,7,7,3,7,3,true,4,""
"Sammamish",WA,5,5,3,5,3,true,4,""
"SeaTac",WA,3,3,3,3,3,true,4,""
"Silverdale",WA,5,5,3,5,3,true,4,""
"Beloit",WI,3,3,3,3,3,true,4,""
"Chippewa Falls",WI,4,3,4,4,3,true,4,""
"Glendale",WI,3,3,3,3,3,true,4,""
"Greenville",WI,3,3,3,3,3,true,4,""
"Hayward",WI,5,5,3,5,3,true,4,""
"Jackson",WI,3,3,3,3,3,true,4,""
"Janesville",WI,3,3,3,3,3,true,4,""
"Manitowoc",WI,3,3,3,3,3,true,4,""
"New Berlin",WI,3,3,3,3,3,true,4,""
"Rhinelander",WI,3,3,3,3,3,true,4,""
"Westfield",WI,3,3,3,3,3,true,4,""
"Windsor",WI,3,3,3,3,3,true,4,""
"Casper",WY,5,5,3,5,3,true,4,""
"Craig",AK,2,2,2,2,2,false,0,""
"Eagle River",AK,2,2,2,2,2,false,0,""
"Metlakatla",AK,2,2,2,2,2,false,0,""
"Sitka",AK,3,2,3,3,2,false,0,""
"Valdez",AK,2,2,2,2,2,false,0,""
"Willow",AK,2,2,2,2,2,false,0,""
"Arab",AL,2,2,2,2,2,false,0,""
"Centre",AL,2,2,2,2,2,false,0,""
"Daphne",AL,2,2,2,2,2,false,0,""
"Hazel Green",AL,2,2,2,2,2,false,0,""
"Hoover",AL,2,2,2,2,2,false,0,""
"Millbrook",AL,2,2,2,2,2,false,0,""
"Montgomery",AL,2,2,2,2,2,false,0,""
"Moulton",AL,2,2,2,2,2,false,0,""
"Muscle Shoals",AL,2,2,2,2,2,false,0,""
"Ozark",AL,2,2,2,2,2,false,0,""
"Pell City",AL,2,2,2,2,2,false,0,""
"Prattville",AL,2,2,2,2,2,false,0,""
"Rainbow City",AL,2,2,2,2,2,false,0,""
"Red Bay",AL,2,2,2,2,2,false,0,""
"Scottsboro",AL,2,2,2,2,2,false,0,""
"Vestavia Hills",AL,2,2,2,2,2,false,0,""
"Alma",AR,2,2,2,2,2,false,0,""
"Bella Vista",AR,2,2,2,2,2,false,0,""
"Fort Smith",AR,2,2,2,2,2,false,0,""
"Hot Springs",AR,3,2,3,3,2,false,0,""
"Magnolia",AR,3,2,3,3,2,false,0,""
"Mountain Home",AR,2,2,2,2,2,false,0,""
"North Little Rock",AR,2,2,2,2,2,false,0,""
"Plainview",AR,2,2,2,2,2,false,0,""
"Russellville",AR,3,2,3,3,2,false,0,""
"Searcy",AR,2,2,2,2,2,false,0,""
"Sherwood",AR,2,2,2,2,2,false,0,""
"Bisbee",AZ,2,2,2,2,2,false,0,""
"Buckeye",AZ,3,3,2,3,2,false,0,""
"Dewey",AZ,2,2,2,2,2,false,0,""
"Eloy",AZ,2,2,2,2,2,false,0,""
"Overgaard",AZ,2,2,2,2,2,false,0,""
"Prescott Valley",AZ,2,2,2,2,2,false,0,""
"San Tan Valley",AZ,2,2,2,2,2,false,0,""
"Sierra Vista",AZ,2,2,2,2,2,false,0,""
"Sun City West",AZ,2,2,2,2,2,false,0,""
"Sun City",AZ,2,2,2,2,2,false,0,""
"Vail",AZ,2,2,2,2,2,false,0,""
"Wellton",AZ,2,2,2,2,2,false,0,""
"Wickenburg",AZ,2,2,2,2,2,false,0,""
"Williams",AZ,2,2,2,2,2,false,0,""
"Aguanga",CA,2,2,2,2,2,false,0,""
"Alamo",CA,2,2,2,2,2,false,0,""
"Arcadia",CA,2,2,2,2,2,false,0,""
"Arnold",CA,2,2,2,2,2,false,0,""
"Arroyo Grande",CA,2,2,2,2,2,false,0,""
"Beverly Hills",CA,2,2,2,2,2,false,0,""
"Big Bear City",CA,2,2,2,2,2,false,0,""
"Cameron Park",CA,2,2,2,2,2,false,0,""
"Canyon Lake",CA,2,2,2,2,2,false,0,""
"Carson",CA,2,2,2,2,2,false,0,""
"Castro Valley",CA,3,2,3,3,2,false,0,""
"Chino Hills",CA,2,2,2,2,2,false,0,""
"Cloverdale",CA,2,2,2,2,2,false,0,""
"Clovis",CA,2,2,2,2,2,false,0,""
"Concord",CA,3,3,2,3,2,false,0,""
"Covina",CA,2,2,2,2,2,false,0,""
"Crescent City",CA,2,2,2,2,2,false,0,""
"Cupertino",CA,2,2,2,2,2,false,0,""
"Cypress",CA,2,2,2,2,2,false,0,""
"Daly City",CA,2,2,2,2,2,false,0,""
"Dana Point",CA,3,3,2,3,2,false,0,""
"Eastvale",CA,2,2,2,2,2,false,0,""
"Etna",CA,2,2,2,2,2,false,0,""
"Eureka",CA,2,2,2,2,2,false,0,""
"Fontana",CA,2,2,2,2,2,false,0,""
"Fortuna",CA,2,2,2,2,2,false,0,""
"Gilroy",CA,2,2,2,2,2,false,0,""
"Glendale",CA,2,2,2,2,2,false,0,""
"Glendora",CA,3,3,2,3,2,false,0,""
"Gold River",CA,2,2,2,2,2,false,0,""
"Groveland",CA,2,2,2,2,2,false,0,""
"Half Moon Bay",CA,2,2,2,2,2,false,0,""
"Hanford",CA,2,2,2,2,2,false,0,""
"Hesperia",CA,2,2,2,2,2,false,0,""
"Kingsburg",CA,2,2,2,2,2,false,0,""
"La Habra",CA,2,2,2,2,2,false,0,""
"La Mirada",CA,2,2,2,2,2,false,0,""
"La Puente",CA,2,2,2,2,2,false,0,""
"Laguna Beach",CA,2,2,2,2,2,false,0,""
"Laguna Woods",CA,2,2,2,2,2,false,0,""
"Lake Isabella",CA,2,2,2,2,2,false,0,""
"Lakewood",CA,2,2,2,2,2,false,0,""
"Lewiston",CA,2,2,2,2,2,false,0,""
"Lodi",CA,3,2,3,3,2,false,0,""
"Los Osos",CA,2,2,2,2,2,false,0,""
"Marina Del Rey",CA,2,2,2,2,2,false,0,""
"Marina",CA,2,2,2,2,2,false,0,""
"McArthur",CA,2,2,2,2,2,false,0,""
"Mission Viejo",CA,3,3,2,3,2,false,0,""
"Montague",CA,2,2,2,2,2,false,0,""
"Monterey Park",CA,2,2,2,2,2,false,0,""
"Moorpark",CA,3,2,3,3,2,false,0,""
"Morgan Hill",CA,3,2,3,3,2,false,0,""
"Mountain View",CA,2,2,2,2,2,false,0,""
"Mt. Shasta",CA,2,2,2,2,2,false,0,""
"Newport Beach",CA,4,4,2,4,2,false,0,""
"Newport Coast",CA,2,2,2,2,2,false,0,""
"Olympic Valley",CA,2,2,2,2,2,false,0,""
"Ontario",CA,2,2,2,2,2,false,0,""
"Orange",CA,4,4,2,4,2,false,0,""
"Orland",CA,2,2,2,2,2,false,0,""
"Palm Springs",CA,3,3,2,3,2,false,0,""
"Palmdale",CA,2,2,2,2,2,false,0,""
"Pasadena",CA,3,2,3,3,2,false,0,""
"Pebble Beach",CA,2,2,2,2,2,false,0,""
"Pismo Beach",CA,3,3,2,3,2,false,0,""
"Placentia",CA,2,2,2,2,2,false,0,""
"Porterville",CA,2,2,2,2,2,false,0,""
"Portola Valley",CA,2,2,2,2,2,false,0,""
"Rancho Cucamonga",CA,2,2,2,2,2,false,0,""
"Rancho Mission Viejo",CA,2,2,2,2,2,false,0,""
"Rio Linda",CA,2,2,2,2,2,false,0,""
"Ripon",CA,2,2,2,2,2,false,0,""
"Riverbank",CA,2,2,2,2,2,false,0,""
"Rolling Hills Estates",CA,2,2,2,2,2,false,0,""
"San Jacinto",CA,2,2,2,2,2,false,0,""
"Santa Cruz",CA,2,2,2,2,2,false,0,""
"Santa Maria",CA,2,2,2,2,2,false,0,""
"Santa Monica",CA,2,2,2,2,2,false,0,""
"Santee",CA,2,2,2,2,2,false,0,""
"Saratoga",CA,2,2,2,2,2,false,0,""
"Sebastopol",CA,2,2,2,2,2,false,0,""
"Selma",CA,2,2,2,2,2,false,0,""
"Sherman Oaks",CA,2,2,2,2,2,false,0,""
"Shingle Springs",CA,2,2,2,2,2,false,0,""
"Sonoma",CA,2,2,2,2,2,false,0,""
"South Pasadena",CA,2,2,2,2,2,false,0,""
"Spring Valley",CA,2,2,2,2,2,false,0,""
"Susanville",CA,2,2,2,2,2,false,0,""
"Thousand Oaks",CA,4,3,3,4,2,false,0,""
"Venice",CA,2,2,2,2,2,false,0,""
"Watsonville",CA,2,2,2,2,2,false,0,""
"West Hollywood",CA,2,2,2,2,2,false,0,""
"West Sacramento",CA,3,3,2,3,2,false,0,""
"Westlake Village",CA,2,2,2,2,2,false,0,""
"Westminster",CA,2,2,2,2,2,false,0,""
"Westwood",CA,2,2,2,2,2,false,0,""
"Winchester",CA,2,2,2,2,2,false,0,""
"Windsor",CA,2,2,2,2,2,false,0,""
"Woodland Hills",CA,2,2,2,2,2,false,0,""
"Woodland",CA,3,2,3,3,2,false,0,""
"Yountville",CA,2,2,2,2,2,false,0,""
"Yreka",CA,2,2,2,2,2,false,0,""
"Yucca Valley",CA,2,2,2,2,2,false,0,""
"Bayfield",CO,2,2,2,2,2,false,0,""
"Berthoud",CO,2,2,2,2,2,false,0,""
"Brighton",CO,2,2,2,2,2,false,0,""
"Cedaredge",CO,2,2,2,2,2,false,0,""
"Commerce City",CO,2,2,2,2,2,false,0,""
"Craig",CO,3,2,3,3,2,false,0,""
"Dillon",CO,2,2,2,2,2,false,0,""
"Edwards",CO,2,2,2,2,2,false,0,""
"El Jebel",CO,2,2,2,2,2,false,0,""
"Evans",CO,2,2,2,2,2,false,0,""
"Firestone",CO,2,2,2,2,2,false,0,""
"Fort Lupton",CO,2,2,2,2,2,false,0,""
"Frederick",CO,2,2,2,2,2,false,0,""
"Frisco",CO,2,2,2,2,2,false,0,""
"Glendale",CO,2,2,2,2,2,false,0,""
"Gypsum",CO,2,2,2,2,2,false,0,""
"Highlands Ranch",CO,2,2,2,2,2,false,0,""
"Las Animas",CO,2,2,2,2,2,false,0,""
"Leadville",CO,2,2,2,2,2,false,0,""
"Lone Tree",CO,2,2,2,2,2,false,0,""
"Manitou Springs",CO,3,3,2,3,2,false,0,""
"Meeker",CO,3,3,2,3,2,false,0,""
"Nederland",CO,2,2,2,2,2,false,0,""
"Northglenn",CO,2,2,2,2,2,false,0,""
"Ordway",CO,2,2,2,2,2,false,0,""
"Palisade",CO,2,2,2,2,2,false,0,""
"Palmer Lake",CO,2,2,2,2,2,false,0,""
"Peyton",CO,2,2,2,2,2,false,0,""
"Poncha Springs",CO,2,2,2,2,2,false,0,""
"Pueblo West",CO,2,2,2,2,2,false,0,""
"Ridgway",CO,2,2,2,2,2,false,0,""
"Salida",CO,4,2,4,4,2,false,0,""
"South Fork",CO,2,2,2,2,2,false,0,""
"Bristol",CT,2,2,2,2,2,false,0,""
"Brookfield",CT,2,2,2,2,2,false,0,""
"Cheshire",CT,3,2,3,3,2,false,0,""
"Darien",CT,2,2,2,2,2,false,0,""
"East Hartford",CT,2,2,2,2,2,false,0,""
"Fairfield",CT,3,3,2,3,2,false,0,""
"Glastonbury",CT,3,3,2,3,2,false,0,""
"Groton",CT,2,2,2,2,2,false,0,""
"Guilford",CT,2,2,2,2,2,false,0,""
"Harwinton",CT,2,2,2,2,2,false,0,""
"Meriden",CT,2,2,2,2,2,false,0,""
"Monroe",CT,2,2,2,2,2,false,0,""
"Mystic",CT,2,2,2,2,2,false,0,""
"Niantic",CT,2,2,2,2,2,false,0,""
"North Haven",CT,2,2,2,2,2,false,0,""
"Oakdale",CT,2,2,2,2,2,false,0,""
"Redding",CT,2,2,2,2,2,false,0,""
"Rocky Hill",CT,3,3,2,3,2,false,0,""
"South Windsor",CT,3,2,3,3,2,false,0,""
"Waterford",CT,2,2,2,2,2,false,0,""
"Westbrook",CT,3,3,2,3,2,false,0,""
"Wilton",CT,2,2,2,2,2,false,0,""
"Dagsboro",DE,2,2,2,2,2,false,0,""
"Dewey Beach",DE,2,2,2,2,2,false,0,""
"Hockessin",DE,2,2,2,2,2,false,0,""
"Millville",DE,2,2,2,2,2,false,0,""
"New Castle",DE,2,2,2,2,2,false,0,""
"Ocean View",DE,2,2,2,2,2,false,0,""
"Selbyville",DE,2,2,2,2,2,false,0,""
"Altamonte Springs",FL,2,2,2,2,2,false,0,""
"Atlantic Beach",FL,2,2,2,2,2,false,0,""
"Auburndale",FL,2,2,2,2,2,false,0,""
"Avon Park",FL,2,2,2,2,2,false,0,""
"Bradenton Beach",FL,2,2,2,2,2,false,0,""
"Bunnell",FL,2,2,2,2,2,false,0,""
"Cape Canaveral",FL,3,3,2,3,2,false,0,""
"Coconut Creek",FL,3,3,2,3,2,false,0,""
"Cooper City",FL,2,2,2,2,2,false,0,""
"Crescent City",FL,2,2,2,2,2,false,0,""
"Crestview",FL,2,2,2,2,2,false,0,""
"Davie",FL,2,2,2,2,2,false,0,""
"Daytona Beach Shores",FL,2,2,2,2,2,false,0,""
"Dunnellon",FL,3,2,3,3,2,false,0,""
"Ellenton",FL,2,2,2,2,2,false,0,""
"Eustis",FL,2,2,2,2,2,false,0,""
"Flagler Beach",FL,2,2,2,2,2,false,0,""
"Fleming Island",FL,2,2,2,2,2,false,0,""
"Holly Hill",FL,2,2,2,2,2,false,0,""
"Indian Rocks Beach",FL,2,2,2,2,2,false,0,""
"Islamorada",FL,2,2,2,2,2,false,0,""
"Jensen Beach",FL,3,3,2,3,2,false,0,""
"Key Biscayne",FL,2,2,2,2,2,false,0,""
"Key West",FL,3,3,2,3,2,false,0,""
"Lady Lake",FL,2,2,2,2,2,false,0,""
"Land O Lakes",FL,2,2,2,2,2,false,0,""
"Land O' Lakes",FL,2,2,2,2,2,false,0,""
"Largo",FL,3,3,2,3,2,false,0,""
"Lehigh Acres",FL,2,2,2,2,2,false,0,""
"Lithia",FL,2,2,2,2,2,false,0,""
"Loxahatchee",FL,2,2,2,2,2,false,0,""
"Maitland",FL,2,2,2,2,2,false,0,""
"Marathon",FL,3,3,2,3,2,false,0,""
"Margate",FL,2,2,2,2,2,false,0,""
"Merritt Island",FL,3,2,3,3,2,false,0,""
"Mexico Beach",FL,2,2,2,2,2,false,0,""
"Middleburg",FL,2,2,2,2,2,false,0,""
"Moore Haven",FL,2,2,2,2,2,false,0,""
"Mount Dora",FL,2,2,2,2,2,false,0,""
"North Palm Beach",FL,2,2,2,2,2,false,0,""
"Odessa",FL,2,2,2,2,2,false,0,""
"Palm Beach",FL,2,2,2,2,2,false,0,""
"Palm City",FL,2,2,2,2,2,false,0,""
"Palmetto Bay",FL,2,2,2,2,2,false,0,""
"Panama City",FL,2,2,2,2,2,false,0,""
"Pinecrest",FL,2,2,2,2,2,false,0,""
"Pinellas Park",FL,2,2,2,2,2,false,0,""
"Plant City",FL,3,3,2,3,2,false,0,""
"Plantation",FL,2,2,2,2,2,false,0,""
"Port St Lucie",FL,2,2,2,2,2,false,0,""
"Saint Johns",FL,2,2,2,2,2,false,0,""
"Santa Rosa Beach",FL,4,4,2,4,2,false,0,""
"Satellite Beach",FL,3,3,2,3,2,false,0,""
"Sharpes",FL,2,2,2,2,2,false,0,""
"St. Pete Beach",FL,2,2,2,2,2,false,0,""
"Sun City Center",FL,2,2,2,2,2,false,0,""
"Tavares",FL,2,2,2,2,2,false,0,""
"Temple Terrace",FL,2,2,2,2,2,false,0,""
"Valrico",FL,2,2,2,2,2,false,0,""
"West Melbourne",FL,2,2,2,2,2,false,0,""
"Winter Springs",FL,2,2,2,2,2,false,0,""
"Avondale Estates",GA,2,2,2,2,2,false,0,""
"Blairsville",GA,2,2,2,2,2,false,0,""
"Bowdon",GA,2,2,2,2,2,false,0,""
"Braselton",GA,2,2,2,2,2,false,0,""
"Bremen",GA,2,2,2,2,2,false,0,""
"Buford",GA,2,2,2,2,2,false,0,""
"Carrollton",GA,4,2,4,4,2,false,0,""
"Clarkesville",GA,2,2,2,2,2,false,0,""
"Cochran",GA,2,2,2,2,2,false,0,""
"Dacula",GA,3,2,3,3,2,false,0,""
"Douglas",GA,2,2,2,2,2,false,0,""
"Duluth",GA,2,2,2,2,2,false,0,""
"Eatonton",GA,3,3,2,3,2,false,0,""
"Ellijay",GA,3,3,2,3,2,false,0,""
"Evans",GA,2,2,2,2,2,false,0,""
"Fayetteville",GA,3,2,3,3,2,false,0,""
"Flowery Branch",GA,2,2,2,2,2,false,0,""
"Fort Oglethorpe",GA,2,2,2,2,2,false,0,""
"Hinesville",GA,2,2,2,2,2,false,0,""
"Hoschton",GA,2,2,2,2,2,false,0,""
"Jasper",GA,2,2,2,2,2,false,0,""
"Lagrange",GA,2,2,2,2,2,false,0,""
"Loganville",GA,2,2,2,2,2,false,0,""
"Monroe",GA,2,2,2,2,2,false,0,""
"Richmond Hill",GA,2,2,2,2,2,false,0,""
"Ringgold",GA,2,2,2,2,2,false,0,""
"Saint Simons Island",GA,2,2,2,2,2,false,0,""
"Scottdale",GA,2,2,2,2,2,false,0,""
"Snellville",GA,2,2,2,2,2,false,0,""
"St Simons Island",GA,2,2,2,2,2,false,0,""
"Statesboro",GA,2,2,2,2,2,false,0,""
"Stone Mountain",GA,2,2,2,2,2,false,0,""
"Stonecrest",GA,2,2,2,2,2,false,0,""
"Thomaston",GA,2,2,2,2,2,false,0,""
"Kailua Kona",HI,2,2,2,2,2,false,0,""
"Kailua-kona",HI,2,2,2,2,2,false,0,""
"Kalaheo",HI,2,2,2,2,2,false,0,""
"Kaneohe",HI,2,2,2,2,2,false,0,""
"Kihei",HI,2,2,2,2,2,false,0,""
"Makawao",HI,2,2,2,2,2,false,0,""
"Naalehu",HI,2,2,2,2,2,false,0,""
"Volcano",HI,2,2,2,2,2,false,0,""
"Wahiawa",HI,2,2,2,2,2,false,0,""
"Wai'anae",HI,8,2,8,8,2,false,0,""
"Waialua",HI,2,2,2,2,2,false,0,""
"Wailuku",HI,2,2,2,2,2,false,0,""
"Waimanalo",HI,2,2,2,2,2,false,0,""
"Adel",IA,2,2,2,2,2,false,0,""
"Beaman",IA,2,2,2,2,2,false,0,""
"Burlington",IA,2,2,2,2,2,false,0,""
"Charles City",IA,2,2,2,2,2,false,0,""
"Clarinda",IA,2,2,2,2,2,false,0,""
"Creston",IA,2,2,2,2,2,false,0,""
"Decorah",IA,2,2,2,2,2,false,0,""
"Elkader",IA,2,2,2,2,2,false,0,""
"Fort Dodge",IA,2,2,2,2,2,false,0,""
"Glenwood",IA,3,2,3,3,2,false,0,""
"Guttenberg",IA,2,2,2,2,2,false,0,""
"Hampton",IA,2,2,2,2,2,false,0,""
"Hawarden",IA,2,2,2,2,2,false,0,""
"Hiawatha",IA,2,2,2,2,2,false,0,""
"Huxley",IA,2,2,2,2,2,false,0,""
"Ida Grove",IA,2,2,2,2,2,false,0,""
"Indianola",IA,2,2,2,2,2,false,0,""
"Kalona",IA,2,2,2,2,2,false,0,""
"Maquoketa",IA,2,2,2,2,2,false,0,""
"Mount Vernon",IA,2,2,2,2,2,false,0,""
"Nevada",IA,2,2,2,2,2,false,0,""
"Newton",IA,2,2,2,2,2,false,0,""
"Norwalk",IA,2,2,2,2,2,false,0,""
"Okoboji",IA,2,2,2,2,2,false,0,""
"Orange City",IA,2,2,2,2,2,false,0,""
"Panora",IA,2,2,2,2,2,false,0,""
"Pleasant Hill",IA,2,2,2,2,2,false,0,""
"Red Oak",IA,2,2,2,2,2,false,0,""
"Sergeant Bluff",IA,3,2,3,3,2,false,0,""
"Spirit Lake",IA,2,2,2,2,2,false,0,""
"Toledo",IA,2,2,2,2,2,false,0,""
"Vinton",IA,2,2,2,2,2,false,0,""
"Winterset",IA,2,2,2,2,2,false,0,""
"Blanchard",ID,2,2,2,2,2,false,0,""
"Bonners Ferry",ID,2,2,2,2,2,false,0,""
"Cascade",ID,2,2,2,2,2,false,0,""
"Donnelly",ID,3,2,3,3,2,false,0,""
"Driggs",ID,2,2,2,2,2,false,0,""
"Emmett",ID,2,2,2,2,2,false,0,""
"Garden City",ID,2,2,2,2,2,false,0,""
"Kuna",ID,2,2,2,2,2,false,0,""
"Mountain Home",ID,2,2,2,2,2,false,0,""
"New Meadows",ID,2,2,2,2,2,false,0,""
"Rathdrum",ID,2,2,2,2,2,false,0,""
"Rigby",ID,2,2,2,2,2,false,0,""
"Rupert",ID,2,2,2,2,2,false,0,""
"Anna",IL,2,2,2,2,2,false,0,""
"Byron",IL,2,2,2,2,2,false,0,""
"Carlyle",IL,2,2,2,2,2,false,0,""
"Cerro Gordo",IL,2,2,2,2,2,false,0,""
"Charleston",IL,2,2,2,2,2,false,0,""
"Clinton",IL,2,2,2,2,2,false,0,""
"Coal Valley",IL,2,2,2,2,2,false,0,""
"Columbia",IL,3,2,3,3,2,false,0,""
"Cottage Hills",IL,2,2,2,2,2,false,0,""
"Dahinda",IL,2,2,2,2,2,false,0,""
"Danville",IL,2,2,2,2,2,false,0,""
"Elk Grove Village",IL,2,2,2,2,2,false,0,""
"Elmhurst",IL,2,2,2,2,2,false,0,""
"Fairview Heights",IL,2,2,2,2,2,false,0,""
"Glen Carbon",IL,2,2,2,2,2,false,0,""
"Glencoe",IL,2,2,2,2,2,false,0,""
"Harrisburg",IL,2,2,2,2,2,false,0,""
"Kankakee",IL,2,2,2,2,2,false,0,""
"Lemont",IL,2,2,2,2,2,false,0,""
"Libertyville",IL,2,2,2,2,2,false,0,""
"Litchfield",IL,2,2,2,2,2,false,0,""
"Maroa",IL,2,2,2,2,2,false,0,""
"Mascoutah",IL,2,2,2,2,2,false,0,""
"Monmouth",IL,2,2,2,2,2,false,0,""
"Morrison",IL,2,2,2,2,2,false,0,""
"Morton",IL,2,2,2,2,2,false,0,""
"Moweaqua",IL,2,2,2,2,2,false,0,""
"O'Fallon",IL,8,2,8,8,2,false,0,""
"Oak Lawn",IL,2,2,2,2,2,false,0,""
"Palos Heights",IL,2,2,2,2,2,false,0,""
"Pecatonica",IL,2,2,2,2,2,false,0,""
"Peru",IL,3,2,3,3,2,false,0,""
"Plainfield",IL,2,2,2,2,2,false,0,""
"Pontiac",IL,2,2,2,2,2,false,0,""
"Rochelle",IL,2,2,2,2,2,false,0,""
"Rockton",IL,2,2,2,2,2,false,0,""
"Romeoville",IL,2,2,2,2,2,false,0,""
"Savanna",IL,2,2,2,2,2,false,0,""
"Sesser",IL,2,2,2,2,2,false,0,""
"Swansea",IL,2,2,2,2,2,false,0,""
"Tremont",IL,2,2,2,2,2,false,0,""
"Troy",IL,2,2,2,2,2,false,0,""
"Urbana",IL,2,2,2,2,2,false,0,""
"Vernon Hills",IL,2,2,2,2,2,false,0,""
"Villa Park",IL,2,2,2,2,2,false,0,""
"Waterloo",IL,2,2,2,2,2,false,0,""
"Waukegan",IL,2,2,2,2,2,false,0,""
"West Frankfort",IL,2,2,2,2,2,false,0,""
"Winnebago",IL,2,2,2,2,2,false,0,""
"Zion",IL,2,2,2,2,2,false,0,""
"Corydon",IN,2,2,2,2,2,false,0,""
"Frankfort",IN,2,2,2,2,2,false,0,""
"Goshen",IN,2,2,2,2,2,false,0,""
"Greenfield",IN,2,2,2,2,2,false,0,""
"Jasper",IN,2,2,2,2,2,false,0,""
"Kokomo",IN,3,2,3,3,2,false,0,""
"Lawrenceburg",IN,2,2,2,2,2,false,0,""
"Madison",IN,2,2,2,2,2,false,0,""
"Martinsville",IN,2,2,2,2,2,false,0,""
"New Albany",IN,2,2,2,2,2,false,0,""
"Plainfield",IN,3,2,3,3,2,false,0,""
"South Bend",IN,2,2,2,2,2,false,0,""
"Valparaiso",IN,3,3,2,3,2,false,0,""
"West Lafayette",IN,2,2,2,2,2,false,0,""
"Westfield",IN,3,3,2,3,2,false,0,""
"Whitestown",IN,2,2,2,2,2,false,0,""
"Abilene",KS,2,2,2,2,2,false,0,""
"Augusta",KS,2,2,2,2,2,false,0,""
"Clay Center",KS,2,2,2,2,2,false,0,""
"El Dorado",KS,2,2,2,2,2,false,0,""
"Gridley",KS,2,2,2,2,2,false,0,""
"Haysville",KS,2,2,2,2,2,false,0,""
"Lawrence",KS,2,2,2,2,2,false,0,""
"Leawood",KS,2,2,2,2,2,false,0,""
"Merriam",KS,3,3,2,3,2,false,0,""
"Newton",KS,2,2,2,2,2,false,0,""
"Olathe",KS,3,3,2,3,2,false,0,""
"Salina",KS,2,2,2,2,2,false,0,""
"Valley Center",KS,2,2,2,2,2,false,0,""
"Winfield",KS,2,2,2,2,2,false,0,""
"Buckner",KY,2,2,2,2,2,false,0,""
"Corbin",KY,2,2,2,2,2,false,0,""
"Covington",KY,2,2,2,2,2,false,0,""
"Danville",KY,2,2,2,2,2,false,0,""
"Georgetown",KY,2,2,2,2,2,false,0,""
"Newport",KY,2,2,2,2,2,false,0,""
"Springfield",KY,2,2,2,2,2,false,0,""
"West Paducah",KY,2,2,2,2,2,false,0,""
"Wilder",KY,2,2,2,2,2,false,0,""
"Baker",LA,2,2,2,2,2,false,0,""
"Berwick",LA,2,2,2,2,2,false,0,""
"Broussard",LA,2,2,2,2,2,false,0,""
"Eunice",LA,2,2,2,2,2,false,0,""
"Hammond",LA,2,2,2,2,2,false,0,""
"Leesville",LA,2,2,2,2,2,false,0,""
"Lockport",LA,3,3,2,3,2,false,0,""
"Mandeville",LA,2,2,2,2,2,false,0,""
"Monroe",LA,2,2,2,2,2,false,0,""
"New Iberia",LA,2,2,2,2,2,false,0,""
"New Roads",LA,2,2,2,2,2,false,0,""
"Slidell",LA,2,2,2,2,2,false,0,""
"Sulphur",LA,2,2,2,2,2,false,0,""
"Vidalia",LA,2,2,2,2,2,false,0,""
"West Monroe",LA,2,2,2,2,2,false,0,""
"Youngsville",LA,2,2,2,2,2,false,0,""
"Zachary",LA,2,2,2,2,2,false,0,""
"Acton",MA,2,2,2,2,2,false,0,""
"Agawam",MA,2,2,2,2,2,false,0,""
"Arlington",MA,2,2,2,2,2,false,0,""
"Ashland",MA,2,2,2,2,2,false,0,""
"Auburndale",MA,2,2,2,2,2,false,0,""
"Auburn",MA,2,2,2,2,2,false,0,""
"Baldwinville",MA,2,2,2,2,2,false,0,""
"Belchertown",MA,2,2,2,2,2,false,0,""
"Billerica",MA,2,2,2,2,2,false,0,""
"Boxford",MA,2,2,2,2,2,false,0,""
"Brewster",MA,2,2,2,2,2,false,0,""
"Brighton",MA,2,2,2,2,2,false,0,""
"Brockton",MA,2,2,2,2,2,false,0,""
"Chatham",MA,2,2,2,2,2,false,0,""
"Chelsea",MA,2,2,2,2,2,false,0,""
"Cherry Valley",MA,2,2,2,2,2,false,0,""
"Dartmouth",MA,2,2,2,2,2,false,0,""
"Duxbury",MA,2,2,2,2,2,false,0,""
"East Boston",MA,2,2,2,2,2,false,0,""
"Easton",MA,2,2,2,2,2,false,0,""
"Edgartown",MA,2,2,2,2,2,false,0,""
"Fairhaven",MA,2,2,2,2,2,false,0,""
"Fall River",MA,2,2,2,2,2,false,0,""
"Florence",MA,2,2,2,2,2,false,0,""
"Grafton",MA,2,2,2,2,2,false,0,""
"Hanover",MA,2,2,2,2,2,false,0,""
"Haverhill",MA,2,2,2,2,2,false,0,""
"Holden",MA,3,3,2,3,2,false,0,""
"Ipswich",MA,3,3,2,3,2,false,0,""
"Kingston",MA,2,2,2,2,2,false,0,""
"Leicester",MA,2,2,2,2,2,false,0,""
"Longmeadow",MA,2,2,2,2,2,false,0,""
"Lowell",MA,2,2,2,2,2,false,0,""
"Lunenburg",MA,2,2,2,2,2,false,0,""
"Mansfield",MA,2,2,2,2,2,false,0,""
"Marlborough",MA,3,2,3,3,2,false,0,""
"Methuen",MA,2,2,2,2,2,false,0,""
"Needham",MA,2,2,2,2,2,false,0,""
"Newburyport",MA,2,2,2,2,2,false,0,""
"North Falmouth",MA,2,2,2,2,2,false,0,""
"Oak Bluffs",MA,2,2,2,2,2,false,0,""
"Raynham",MA,2,2,2,2,2,false,0,""
"Rehoboth",MA,2,2,2,2,2,false,0,""
"Revere",MA,2,2,2,2,2,false,0,""
"Rockport",MA,2,2,2,2,2,false,0,""
"Saugus",MA,2,2,2,2,2,false,0,""
"Sharon",MA,2,2,2,2,2,false,0,""
"Shrewsbury",MA,2,2,2,2,2,false,0,""
"Somerville",MA,2,2,2,2,2,false,0,""
"South Dennis",MA,2,2,2,2,2,false,0,""
"South Yarmouth",MA,2,2,2,2,2,false,0,""
"Springfield",MA,3,2,3,3,2,false,0,""
"Sterling",MA,2,2,2,2,2,false,0,""
"Stoughton",MA,2,2,2,2,2,false,0,""
"Swampscott",MA,2,2,2,2,2,false,0,""
"Wakefield",MA,2,2,2,2,2,false,0,""
"Walpole",MA,2,2,2,2,2,false,0,""
"Wareham",MA,2,2,2,2,2,false,0,""
"Webster",MA,2,2,2,2,2,false,0,""
"Wellfleet",MA,2,2,2,2,2,false,0,""
"Weymouth",MA,2,2,2,2,2,false,0,""
"Whitinsville",MA,2,2,2,2,2,false,0,""
"Winchendon",MA,2,2,2,2,2,false,0,""
"Beltsville",MD,2,2,2,2,2,false,0,""
"Brookeville",MD,2,2,2,2,2,false,0,""
"Burtonsville",MD,2,2,2,2,2,false,0,""
"Cambridge",MD,3,2,3,3,2,false,0,""
"Catonsville",MD,2,2,2,2,2,false,0,""
"Churchville",MD,2,2,2,2,2,false,0,""
"College Park",MD,2,2,2,2,2,false,0,""
"Damascus",MD,2,2,2,2,2,false,0,""
"Eldersburg",MD,3,3,2,3,2,false,0,""
"Ellicott City",MD,2,2,2,2,2,false,0,""
"Fort Washington",MD,2,2,2,2,2,false,0,""
"Middletown",MD,2,2,2,2,2,false,0,""
"Ocean Pines",MD,2,2,2,2,2,false,0,""
"Olney",MD,2,2,2,2,2,false,0,""
"Oxford",MD,2,2,2,2,2,false,0,""
"Phoenix",MD,2,2,2,2,2,false,0,""
"Poolesville",MD,2,2,2,2,2,false,0,""
"Randallstown",MD,2,2,2,2,2,false,0,""
"Sandy Spring",MD,2,2,2,2,2,false,0,""
"Stevensville",MD,2,2,2,2,2,false,0,""
"Takoma Park",MD,2,2,2,2,2,false,0,""
"Taneytown",MD,2,2,2,2,2,false,0,""
"Auburn",ME,2,2,2,2,2,false,0,""
"Baileyville",ME,2,2,2,2,2,false,0,""
"Bar Harbor",ME,2,2,2,2,2,false,0,""
"Belfast",ME,2,2,2,2,2,false,0,""
"Biddeford",ME,2,2,2,2,2,false,0,""
"Boothbay Harbor",ME,2,2,2,2,2,false,0,""
"Brewer",ME,2,2,2,2,2,false,0,""
"Cape Elizabeth",ME,2,2,2,2,2,false,0,""
"Caribou",ME,2,2,2,2,2,false,0,""
"Casco",ME,2,2,2,2,2,false,0,""
"Ellsworth",ME,2,2,2,2,2,false,0,""
"Farmington",ME,2,2,2,2,2,false,0,""
"Fryeburg",ME,2,2,2,2,2,false,0,""
"Gorham",ME,2,2,2,2,2,false,0,""
"Houlton",ME,2,2,2,2,2,false,0,""
"Kennebunkport",ME,2,2,2,2,2,false,0,""
"Lewiston",ME,2,2,2,2,2,false,0,""
"Lincoln",ME,2,2,2,2,2,false,0,""
"Millinocket",ME,2,2,2,2,2,false,0,""
"Ogunquit",ME,2,2,2,2,2,false,0,""
"Orland",ME,2,2,2,2,2,false,0,""
"Rangeley",ME,2,2,2,2,2,false,0,""
"Sanford",ME,2,2,2,2,2,false,0,""
"Southwest Harbor",ME,2,2,2,2,2,false,0,""
"Stockton Springs",ME,2,2,2,2,2,false,0,""
"Waldoboro",ME,2,2,2,2,2,false,0,""
"Westbrook",ME,3,2,3,3,2,false,0,""
"Wilton",ME,2,2,2,2,2,false,0,""
"Adrian",MI,2,2,2,2,2,false,0,""
"Auburn Hills",MI,2,2,2,2,2,false,0,""
"Bay View",MI,2,2,2,2,2,false,0,""
"Bear Lake",MI,2,2,2,2,2,false,0,""
"Berrien Springs",MI,2,2,2,2,2,false,0,""
"Cadillac",MI,2,2,2,2,2,false,0,""
"Caledonia",MI,2,2,2,2,2,false,0,""
"Canadian Lakes",MI,2,2,2,2,2,false,0,""
"Cedar Springs",MI,2,2,2,2,2,false,0,""
"Chelsea",MI,2,2,2,2,2,false,0,""
"Clarkston",MI,2,2,2,2,2,false,0,""
"Coldwater",MI,2,2,2,2,2,false,0,""
"Davison",MI,2,2,2,2,2,false,0,""
"Flint",MI,2,2,2,2,2,false,0,""
"Grandville",MI,2,2,2,2,2,false,0,""
"Hancock",MI,2,2,2,2,2,false,0,""
"Haslett",MI,2,2,2,2,2,false,0,""
"Howell",MI,2,2,2,2,2,false,0,""
"Iron Mountain",MI,2,2,2,2,2,false,0,""
"Iron River",MI,2,2,2,2,2,false,0,""
"Kentwood",MI,2,2,2,2,2,false,0,""
"Kewadin",MI,2,2,2,2,2,false,0,""
"Lake Odessa",MI,3,2,3,3,2,false,0,""
"Lake Orion",MI,3,2,3,3,2,false,0,""
"Lowell",MI,2,2,2,2,2,false,0,""
"Macomb",MI,2,2,2,2,2,false,0,""
"Mears",MI,2,2,2,2,2,false,0,""
"Mecosta",MI,3,3,2,3,2,false,0,""
"Monroe",MI,2,2,2,2,2,false,0,""
"Muskegon",MI,2,2,2,2,2,false,0,""
"New Baltimore",MI,2,2,2,2,2,false,0,""
"North Street",MI,2,2,2,2,2,false,0,""
"Onekama",MI,2,2,2,2,2,false,0,""
"Owosso",MI,3,2,3,3,2,false,0,""
"Plymouth",MI,2,2,2,2,2,false,0,""
"Pontiac",MI,2,2,2,2,2,false,0,""
"Port Austin",MI,2,2,2,2,2,false,0,""
"Richland",MI,2,2,2,2,2,false,0,""
"Rochester",MI,2,2,2,2,2,false,0,""
"Romeo",MI,2,2,2,2,2,false,0,""
"Saline",MI,2,2,2,2,2,false,0,""
"St Joseph",MI,2,2,2,2,2,false,0,""
"St. Clair Shores",MI,2,2,2,2,2,false,0,""
"St. Joseph",MI,2,2,2,2,2,false,0,""
"Three Rivers",MI,3,2,3,3,2,false,0,""
"Wayland",MI,2,2,2,2,2,false,0,""
"Williamston",MI,2,2,2,2,2,false,0,""
"Woodhaven",MI,2,2,2,2,2,false,0,""
"Ypsilanti",MI,2,2,2,2,2,false,0,""
"Akeley",MN,2,2,2,2,2,false,0,""
"Brooklyn Park",MN,2,2,2,2,2,false,0,""
"Buffalo",MN,2,2,2,2,2,false,0,""
"Burnsville",MN,2,2,2,2,2,false,0,""
"Byron",MN,2,2,2,2,2,false,0,""
"Chaska",MN,3,2,3,3,2,false,0,""
"Clear Lake",MN,2,2,2,2,2,false,0,""
"Cohasset",MN,2,2,2,2,2,false,0,""
"Cold Spring",MN,2,2,2,2,2,false,0,""
"Cottage Grove",MN,3,2,2,3,2,false,0,""
"Crosslake",MN,2,2,2,2,2,false,0,""
"Crystal",MN,2,2,2,2,2,false,0,""
"Deerwood",MN,2,2,2,2,2,false,0,""
"Delano",MN,2,2,2,2,2,false,0,""
"Elk River",MN,2,2,2,2,2,false,0,""
"Ely",MN,2,2,2,2,2,false,0,""
"Glenville",MN,2,2,2,2,2,false,0,""
"Hackensack",MN,2,2,2,2,2,false,0,""
"Hibbing",MN,2,2,2,2,2,false,0,""
"Hutchinson",MN,2,2,2,2,2,false,0,""
"Lake Elmo",MN,2,2,2,2,2,false,0,""
"Lakeville",MN,2,2,2,2,2,false,0,""
"Lindstrom",MN,2,2,2,2,2,false,0,""
"Little Falls",MN,2,2,2,2,2,false,0,""
"Mora",MN,3,2,3,3,2,false,0,""
"New Hope",MN,3,2,2,3,2,false,0,""
"Onamia",MN,2,2,2,2,2,false,0,""
"Otsego",MN,3,2,3,3,2,false,0,""
"Palisade",MN,2,2,2,2,2,false,0,""
"Perham",MN,2,2,2,2,2,false,0,""
"Rogers",MN,2,2,2,2,2,false,0,""
"Roseville",MN,2,2,2,2,2,false,0,""
"Sauk Centre",MN,2,2,2,2,2,false,0,""
"Shoreview",MN,2,2,2,2,2,false,0,""
"Spicer",MN,2,2,2,2,2,false,0,""
"St Louis Park",MN,2,2,2,2,2,false,0,""
"St. Cloud",MN,4,2,4,4,2,false,0,""
"Tofte",MN,2,2,2,2,2,false,0,""
"Wabasha",MN,2,2,2,2,2,false,0,""
"Waconia",MN,2,2,2,2,2,false,0,""
"Wadena",MN,2,2,2,2,2,false,0,""
"Waite Park",MN,2,2,2,2,2,false,0,""
"Walker",MN,2,2,2,2,2,false,0,""
"Arnold",MO,2,2,2,2,2,false,0,""
"Ballwin",MO,3,3,2,3,2,false,0,""
"Camdenton",MO,3,2,3,3,2,false,0,""
"Carl Junction",MO,2,2,2,2,2,false,0,""
"Carrollton",MO,2,2,2,2,2,false,0,""
"Dardenne Prairie",MO,2,2,2,2,2,false,0,""
"DeSoto",MO,2,2,2,2,2,false,0,""
"Ellisville",MO,2,2,2,2,2,false,0,""
"Eureka",MO,2,2,2,2,2,false,0,""
"Farmington",MO,2,2,2,2,2,false,0,""
"Fort Leonard Wood",MO,2,2,2,2,2,false,0,""
"Fulton",MO,2,2,2,2,2,false,0,""
"Hannibal",MO,2,2,2,2,2,false,0,""
"Houston",MO,2,2,2,2,2,false,0,""
"Kimberling City",MO,2,2,2,2,2,false,0,""
"Lebanon",MO,2,2,2,2,2,false,0,""
"Lees Summit",MO,2,2,2,2,2,false,0,""
"Macon",MO,3,2,3,3,2,false,0,""
"Mountain Grove",MO,2,2,2,2,2,false,0,""
"Nevada",MO,2,2,2,2,2,false,0,""
"Nixa",MO,3,2,3,3,2,false,0,""
"North Kansas City",MO,3,2,3,3,2,false,0,""
"Osage Beach",MO,2,2,2,2,2,false,0,""
"Raymore",MO,2,2,2,2,2,false,0,""
"Raytown",MO,2,2,2,2,2,false,0,""
"Shrewsbury",MO,2,2,2,2,2,false,0,""
"St. Ann",MO,2,2,2,2,2,false,0,""
"St. Peters",MO,2,2,2,2,2,false,0,""
"Stockton",MO,2,2,2,2,2,false,0,""
"Sunset Hills",MO,2,2,2,2,2,false,0,""
"Webster Groves",MO,3,3,2,3,2,false,0,""
"Wentzville",MO,2,2,2,2,2,false,0,""
"West Plains",MO,2,2,2,2,2,false,0,""
"Willard",MO,2,2,2,2,2,false,0,""
"Clarksdale",MS,2,2,2,2,2,false,0,""
"Greenwood",MS,2,2,2,2,2,false,0,""
"Jackson",MS,2,2,2,2,2,false,0,""
"Meridian",MS,4,4,2,4,2,false,0,""
"Oxford",MS,2,2,2,2,2,false,0,""
"Ridgeland",MS,2,2,2,2,2,false,0,""
"Southaven",MS,2,2,2,2,2,false,0,""
"Vancleave",MS,2,2,2,2,2,false,0,""
"Anaconda",MT,2,2,2,2,2,false,0,""
"Big Sky",MT,2,2,2,2,2,false,0,""
"Bigfork",MT,2,2,2,2,2,false,0,""
"Eureka",MT,3,3,2,3,2,false,0,""
"Hamilton",MT,3,2,3,3,2,false,0,""
"Red Lodge",MT,2,2,2,2,2,false,0,""
"Townsend",MT,2,2,2,2,2,false,0,""
"Whitefish",MT,2,2,2,2,2,false,0,""
"Andrews",NC,2,2,2,2,2,false,0,""
"Beech Mountain",NC,3,3,2,3,2,false,0,""
"Belmont",NC,2,2,2,2,2,false,0,""
"Bessemer City",NC,2,2,2,2,2,false,0,""
"Bolivia",NC,2,2,2,2,2,false,0,""
"Boone",NC,2,2,2,2,2,false,0,""
"Bryson City",NC,2,2,2,2,2,false,0,""
"Candler",NC,2,2,2,2,2,false,0,""
"Carolina Beach",NC,3,3,2,3,2,false,0,""
"Cashiers",NC,2,2,2,2,2,false,0,""
"Conover",NC,2,2,2,2,2,false,0,""
"Denton",NC,2,2,2,2,2,false,0,""
"Eden",NC,2,2,2,2,2,false,0,""
"Edneyville",NC,2,2,2,2,2,false,0,""
"Elkin",NC,2,2,2,2,2,false,0,""
"Fletcher",NC,2,2,2,2,2,false,0,""
"Graham",NC,2,2,2,2,2,false,0,""
"Hampstead",NC,2,2,2,2,2,false,0,""
"Holden Beach",NC,2,2,2,2,2,false,0,""
"Hope Mills",NC,2,2,2,2,2,false,0,""
"Kinston",NC,2,2,2,2,2,false,0,""
"Kure Beach",NC,2,2,2,2,2,false,0,""
"Linville",NC,2,2,2,2,2,false,0,""
"Louisburg",NC,2,2,2,2,2,false,0,""
"Lumberton",NC,2,2,2,2,2,false,0,""
"Mebane",NC,2,2,2,2,2,false,0,""
"Mint Hill",NC,2,2,2,2,2,false,0,""
"Mount Airy",NC,3,2,3,3,2,false,0,""
"Mt. Airy",NC,2,2,2,2,2,false,0,""
"Murphy",NC,2,2,2,2,2,false,0,""
"Newland",NC,2,2,2,2,2,false,0,""
"Norlina",NC,2,2,2,2,2,false,0,""
"Oak Island",NC,2,2,2,2,2,false,0,""
"Ocean Isle Beach",NC,2,2,2,2,2,false,0,""
"Robbinsville",NC,3,3,2,3,2,false,0,""
"Roxboro",NC,2,2,2,2,2,false,0,""
"Sapphire",NC,3,3,2,3,2,false,0,""
"Southern Pines",NC,2,2,2,2,2,false,0,""
"Southport",NC,2,2,2,2,2,false,0,""
"Surf City",NC,2,2,2,2,2,false,0,""
"Sylva",NC,2,2,2,2,2,false,0,""
"Waynesville",NC,2,2,2,2,2,false,0,""
"Winston-Salem",NC,4,4,2,4,2,false,0,""
"Aurora",NE,2,2,2,2,2,false,0,""
"Beatrice",NE,3,2,3,3,2,false,0,""
"Blair",NE,2,2,2,2,2,false,0,""
"Columbus",NE,2,2,2,2,2,false,0,""
"Geneva",NE,2,2,2,2,2,false,0,""
"Gering",NE,2,2,2,2,2,false,0,""
"Grand Island",NE,5,4,3,5,2,false,0,""
"Hartington",NE,2,2,2,2,2,false,0,""
"Hastings",NE,2,2,2,2,2,false,0,""
"Imperial",NE,2,2,2,2,2,false,0,""
"Plattsmouth",NE,2,2,2,2,2,false,0,""
"South Sioux City",NE,2,2,2,2,2,false,0,""
"Valley",NE,2,2,2,2,2,false,0,""
"Atkinson",NH,2,2,2,2,2,false,0,""
"Center Harbor",NH,2,2,2,2,2,false,0,""
"Center Ossipee",NH,2,2,2,2,2,false,0,""
"Claremont",NH,2,2,2,2,2,false,0,""
"Conway",NH,2,2,2,2,2,false,0,""
"Derry",NH,2,2,2,2,2,false,0,""
"Dover",NH,2,2,2,2,2,false,0,""
"Freedom",NH,2,2,2,2,2,false,0,""
"Hanover",NH,2,2,2,2,2,false,0,""
"Hooksett",NH,3,3,2,3,2,false,0,""
"Lyme",NH,2,2,2,2,2,false,0,""
"Meredith",NH,2,2,2,2,2,false,0,""
"Moultonborough",NH,2,2,2,2,2,false,0,""
"New Durham",NH,2,2,2,2,2,false,0,""
"North Conway",NH,2,2,2,2,2,false,0,""
"Peterborough",NH,2,2,2,2,2,false,0,""
"Portsmouth",NH,2,2,2,2,2,false,0,""
"Rindge",NH,2,2,2,2,2,false,0,""
"Wolfeboro",NH,2,2,2,2,2,false,0,""
"Basking Ridge",NJ,2,2,2,2,2,false,0,""
"Bayonne",NJ,2,2,2,2,2,false,0,""
"Beach Haven",NJ,2,2,2,2,2,false,0,""
"Belmar",NJ,2,2,2,2,2,false,0,""
"Berkeley Heights",NJ,2,2,2,2,2,false,0,""
"Berlin",NJ,2,2,2,2,2,false,0,""
"Bloomfield",NJ,2,2,2,2,2,false,0,""
"Brick",NJ,2,2,2,2,2,false,0,""
"Bridgewater",NJ,2,2,2,2,2,false,0,""
"Cedar Knolls",NJ,2,2,2,2,2,false,0,""
"Chatham",NJ,2,2,2,2,2,false,0,""
"Chester",NJ,2,2,2,2,2,false,0,""
"East Brunswick",NJ,3,3,2,3,2,false,0,""
"Egg Harbor Twp",NJ,2,2,2,2,2,false,0,""
"Ewing",NJ,2,2,2,2,2,false,0,""
"Flemington",NJ,2,2,2,2,2,false,0,""
"Forked River",NJ,2,2,2,2,2,false,0,""
"Jersey City",NJ,2,2,2,2,2,false,0,""
"Livingston",NJ,2,2,2,2,2,false,0,""
"Margate",NJ,2,2,2,2,2,false,0,""
"Montvale",NJ,2,2,2,2,2,false,0,""
"Morganville",NJ,2,2,2,2,2,false,0,""
"Mountainside",NJ,2,2,2,2,2,false,0,""
"North Arlington",NJ,2,2,2,2,2,false,0,""
"North Wildwood",NJ,2,2,2,2,2,false,0,""
"Oakland",NJ,2,2,2,2,2,false,0,""
"Paramus",NJ,2,2,2,2,2,false,0,""
"Pennsauken",NJ,2,2,2,2,2,false,0,""
"Point Pleasant",NJ,2,2,2,2,2,false,0,""
"Red Bank",NJ,2,2,2,2,2,false,0,""
"Ridgewood",NJ,2,2,2,2,2,false,0,""
"Rutherford",NJ,2,2,2,2,2,false,0,""
"Scotch Plains",NJ,2,2,2,2,2,false,0,""
"Sewell",NJ,2,2,2,2,2,false,0,""
"Somers Point",NJ,2,2,2,2,2,false,0,""
"Sparta",NJ,2,2,2,2,2,false,0,""
"Toms River",NJ,2,2,2,2,2,false,0,""
"Union City",NJ,2,2,2,2,2,false,0,""
"Union",NJ,2,2,2,2,2,false,0,""
"Ventnor",NJ,2,2,2,2,2,false,0,""
"Warren",NJ,2,2,2,2,2,false,0,""
"Watchung",NJ,2,2,2,2,2,false,0,""
"West Windsor",NJ,2,2,2,2,2,false,0,""
"Westfield",NJ,2,2,2,2,2,false,0,""
"Westwood",NJ,2,2,2,2,2,false,0,""
"Willingboro",NJ,2,2,2,2,2,false,0,""
"Alamogordo",NM,3,2,3,3,2,false,0,""
"Carlsbad",NM,2,2,2,2,2,false,0,""
"Cloudcroft",NM,2,2,2,2,2,false,0,""
"Roswell",NM,2,2,2,2,2,false,0,""
"Ruidoso",NM,2,2,2,2,2,false,0,""
"Tijeras",NM,2,2,2,2,2,false,0,""
"Truth or Consequences",NM,2,2,2,2,2,false,0,""
"White Rock",NM,2,2,2,2,2,false,0,""
"Boulder City",NV,2,2,2,2,2,false,0,""
"Elko",NV,2,2,2,2,2,false,0,""
"Fernley",NV,2,2,2,2,2,false,0,""
"Incline Village",NV,2,2,2,2,2,false,0,""
"Atlantic Beach",NY,2,2,2,2,2,false,0,""
"Auburn",NY,2,2,2,2,2,false,0,""
"Averill Park",NY,2,2,2,2,2,false,0,""
"Baldwin",NY,3,3,2,3,2,false,0,""
"Baldwinsville",NY,2,2,2,2,2,false,0,""
"Ballston Lake",NY,2,2,2,2,2,false,0,""
"Beacon",NY,2,2,2,2,2,false,0,""
"Bellmore",NY,2,2,2,2,2,false,0,""
"Bethpage",NY,3,3,2,3,2,false,0,""
"Brewster",NY,3,3,2,3,2,false,0,""
"Brockport",NY,2,2,2,2,2,false,0,""
"Bronxville",NY,2,2,2,2,2,false,0,""
"Canton",NY,2,2,2,2,2,false,0,""
"Catskill",NY,2,2,2,2,2,false,0,""
"Chestertown",NY,2,2,2,2,2,false,0,""
"Chittenango",NY,2,2,2,2,2,false,0,""
"Churchville",NY,2,2,2,2,2,false,0,""
"Copiague",NY,2,2,2,2,2,false,0,""
"Corning",NY,2,2,2,2,2,false,0,""
"Cortlandt",NY,2,2,2,2,2,false,0,""
"Croton-on-Hudson",NY,2,2,2,2,2,false,0,""
"Delmar",NY,2,2,2,2,2,false,0,""
"Dewitt",NY,2,2,2,2,2,false,0,""
"Dunkirk",NY,2,2,2,2,2,false,0,""
"East Amherst",NY,2,2,2,2,2,false,0,""
"East Hampton",NY,3,3,2,3,2,false,0,""
"Elizabethtown",NY,2,2,2,2,2,false,0,""
"Elmhurst",NY,2,2,2,2,2,false,0,""
"Elwood",NY,2,2,2,2,2,false,0,""
"Farmington",NY,2,2,2,2,2,false,0,""
"Fayetteville",NY,2,2,2,2,2,false,0,""
"Fleischmanns",NY,2,2,2,2,2,false,0,""
"Fredonia",NY,2,2,2,2,2,false,0,""
"Glen Cove",NY,2,2,2,2,2,false,0,""
"Glen Head",NY,2,2,2,2,2,false,0,""
"Gloversville",NY,2,2,2,2,2,false,0,""
"Goshen",NY,2,2,2,2,2,false,0,""
"Greece",NY,2,2,2,2,2,false,0,""
"Henrietta",NY,2,2,2,2,2,false,0,""
"Highland",NY,2,2,2,2,2,false,0,""
"Holbrook",NY,2,2,2,2,2,false,0,""
"Hoosick Falls",NY,2,2,2,2,2,false,0,""
"Hyde Park",NY,2,2,2,2,2,false,0,""
"Islip",NY,2,2,2,2,2,false,0,""
"Johnson City",NY,2,2,2,2,2,false,0,""
"Johnstown",NY,2,2,2,2,2,false,0,""
"Keeseville",NY,2,2,2,2,2,false,0,""
"Lake George",NY,2,2,2,2,2,false,0,""
"Lake Placid",NY,2,2,2,2,2,false,0,""
"Lake Pleasant",NY,2,2,2,2,2,false,0,""
"Larchmont",NY,2,2,2,2,2,false,0,""
"Latham",NY,2,2,2,2,2,false,0,""
"LeRoy",NY,2,2,2,2,2,false,0,""
"Malone",NY,2,2,2,2,2,false,0,""
"Malta",NY,2,2,2,2,2,false,0,""
"Mamaroneck",NY,2,2,2,2,2,false,0,""
"Massapequa Park",NY,2,2,2,2,2,false,0,""
"Massapequa",NY,2,2,2,2,2,false,0,""
"Mexico",NY,2,2,2,2,2,false,0,""
"Montgomery",NY,3,2,3,3,2,false,0,""
"Mt Kisco",NY,2,2,2,2,2,false,0,""
"Naples",NY,2,2,2,2,2,false,0,""
"New Hartford",NY,2,2,2,2,2,false,0,""
"New Windsor",NY,2,2,2,2,2,false,0,""
"Newburgh",NY,2,2,2,2,2,false,0,""
"North Merrick",NY,2,2,2,2,2,false,0,""
"Northport",NY,3,2,3,3,2,false,0,""
"Norwich",NY,2,2,2,2,2,false,0,""
"Ogdensburg",NY,2,2,2,2,2,false,0,""
"Patchogue",NY,2,2,2,2,2,false,0,""
"Pawling",NY,2,2,2,2,2,false,0,""
"Peconic",NY,2,2,2,2,2,false,0,""
"Penfield",NY,3,2,3,3,2,false,0,""
"Pleasant Valley",NY,2,2,2,2,2,false,0,""
"Queens",NY,2,2,2,2,2,false,0,""
"Queensbury",NY,2,2,2,2,2,false,0,""
"Riverhead",NY,2,2,2,2,2,false,0,""
"Rouses Point",NY,2,2,2,2,2,false,0,""
"Scarsdale",NY,2,2,2,2,2,false,0,""
"Seaford",NY,2,2,2,2,2,false,0,""
"Shelter Island",NY,2,2,2,2,2,false,0,""
"Southampton",NY,2,2,2,2,2,false,0,""
"Spencerport",NY,2,2,2,2,2,false,0,""
"Syosset",NY,2,2,2,2,2,false,0,""
"Tonawanda",NY,2,2,2,2,2,false,0,""
"Tupper Lake",NY,2,2,2,2,2,false,0,""
"Valatie",NY,2,2,2,2,2,false,0,""
"Victor",NY,2,2,2,2,2,false,0,""
"Waddington",NY,2,2,2,2,2,false,0,""
"Wading River",NY,3,2,3,3,2,false,0,""
"Wanakena",NY,2,2,2,2,2,false,0,""
"Wappingers",NY,2,2,2,2,2,false,0,""
"Webster",NY,3,3,2,3,2,false,0,""
"Wellesley Island",NY,2,2,2,2,2,false,0,""
"Westhampton Beach",NY,2,2,2,2,2,false,0,""
"Willsboro",NY,2,2,2,2,2,false,0,""
"Woodstock",NY,2,2,2,2,2,false,0,""
"Alliance",OH,2,2,2,2,2,false,0,""
"Anna",OH,2,2,2,2,2,false,0,""
"Austintown",OH,2,2,2,2,2,false,0,""
"Avon Lake",OH,4,4,2,4,2,false,0,""
"Barnesville",OH,2,2,2,2,2,false,0,""
"Batavia",OH,2,2,2,2,2,false,0,""
"Bath",OH,2,2,2,2,2,false,0,""
"Berea",OH,2,2,2,2,2,false,0,""
"Bowling Green",OH,2,2,2,2,2,false,0,""
"Brecksville",OH,2,2,2,2,2,false,0,""
"Brunswick",OH,2,2,2,2,2,false,0,""
"Campbell",OH,2,2,2,2,2,false,0,""
"Canal Fulton",OH,2,2,2,2,2,false,0,""
"Canfield",OH,2,2,2,2,2,false,0,""
"Chardon",OH,3,3,2,3,2,false,0,""
"Chesterland",OH,2,2,2,2,2,false,0,""
"Circleville",OH,2,2,2,2,2,false,0,""
"Columbiana",OH,2,2,2,2,2,false,0,""
"Conneaut",OH,2,2,2,2,2,false,0,""
"Defiance",OH,2,2,2,2,2,false,0,""
"East Liverpool",OH,2,2,2,2,2,false,0,""
"Euclid",OH,2,2,2,2,2,false,0,""
"Fairview Park",OH,2,2,2,2,2,false,0,""
"Findlay",OH,2,2,2,2,2,false,0,""
"Grandview Heights",OH,2,2,2,2,2,false,0,""
"Green",OH,2,2,2,2,2,false,0,""
"Groveport",OH,2,2,2,2,2,false,0,""
"Harrison",OH,2,2,2,2,2,false,0,""
"Hilliard",OH,2,2,2,2,2,false,0,""
"Holland",OH,2,2,2,2,2,false,0,""
"Hudson",OH,2,2,2,2,2,false,0,""
"Independence",OH,2,2,2,2,2,false,0,""
"Logan",OH,3,3,2,3,2,false,0,""
"Loudonville",OH,2,2,2,2,2,false,0,""
"Loveland",OH,2,2,2,2,2,false,0,""
"Macedonia",OH,2,2,2,2,2,false,0,""
"Madison",OH,2,2,2,2,2,false,0,""
"Malvern",OH,2,2,2,2,2,false,0,""
"Marysville",OH,2,2,2,2,2,false,0,""
"Mason",OH,2,2,2,2,2,false,0,""
"Middleburg Heights",OH,2,2,2,2,2,false,0,""
"Minerva",OH,2,2,2,2,2,false,0,""
"New Albany",OH,2,2,2,2,2,false,0,""
"Newton Falls",OH,2,2,2,2,2,false,0,""
"Niles",OH,3,3,2,3,2,false,0,""
"Norwalk",OH,3,2,3,3,2,false,0,""
"Oberlin",OH,2,2,2,2,2,false,0,""
"Oregon",OH,2,2,2,2,2,false,0,""
"Perrysburg",OH,3,2,3,3,2,false,0,""
"Reynoldsburg",OH,2,2,2,2,2,false,0,""
"Salem",OH,3,3,2,3,2,false,0,""
"Shaker Heights",OH,2,2,2,2,2,false,0,""
"Solon",OH,3,3,2,3,2,false,0,""
"St Clairsville",OH,2,2,2,2,2,false,0,""
"Steubenville",OH,2,2,2,2,2,false,0,""
"Stow",OH,2,2,2,2,2,false,0,""
"Streetsboro",OH,2,2,2,2,2,false,0,""
"Sylvania",OH,3,2,3,3,2,false,0,""
"Tipp City",OH,3,3,2,3,2,false,0,""
"Toledo",OH,2,2,2,2,2,false,0,""
"United States",OH,2,2,2,2,2,false,0,""
"Upper Arlington",OH,2,2,2,2,2,false,0,""
"Westerville",OH,2,2,2,2,2,false,0,""
"Ada",OK,2,2,2,2,2,false,0,""
"Bixby",OK,2,2,2,2,2,false,0,""
"City",OK,4,4,2,4,2,false,0,""
"Claremore",OK,2,2,2,2,2,false,0,""
"Durant",OK,2,2,2,2,2,false,0,""
"Enid",OK,2,2,2,2,2,false,0,""
"Grove",OK,2,2,2,2,2,false,0,""
"Muskogee",OK,2,2,2,2,2,false,0,""
"Owasso",OK,3,3,2,3,2,false,0,""
"Ponca City",OK,2,2,2,2,2,false,0,""
"Sand Springs",OK,2,2,2,2,2,false,0,""
"Sulphur",OK,2,2,2,2,2,false,0,""
"Weatherford",OK,2,2,2,2,2,false,0,""
"Baker City",OR,2,2,2,2,2,false,0,""
"Bonanza",OR,2,2,2,2,2,false,0,""
"Canby",OR,2,2,2,2,2,false,0,""
"Cannon Beach",OR,2,2,2,2,2,false,0,""
"Estacada",OR,3,3,2,3,2,false,0,""
"Forest Grove",OR,2,2,2,2,2,false,0,""
"Gladstone",OR,2,2,2,2,2,false,0,""
"Hermiston",OR,2,2,2,2,2,false,0,""
"Junction City",OR,2,2,2,2,2,false,0,""
"La Grande",OR,2,2,2,2,2,false,0,""
"La Pine",OR,2,2,2,2,2,false,0,""
"Lebanon",OR,2,2,2,2,2,false,0,""
"Pendleton",OR,2,2,2,2,2,false,0,""
"Phoenix",OR,2,2,2,2,2,false,0,""
"Reedsport",OR,2,2,2,2,2,false,0,""
"Rogue River",OR,2,2,2,2,2,false,0,""
"Tigard",OR,9,8,3,9,2,false,0,""
"Warrenton",OR,2,2,2,2,2,false,0,""
"Allison Park",PA,2,2,2,2,2,false,0,""
"Blue Bell",PA,2,2,2,2,2,false,0,""
"Boyertown",PA,2,2,2,2,2,false,0,""
"Brockway",PA,2,2,2,2,2,false,0,""
"Canonsburg",PA,2,2,2,2,2,false,0,""
"Collegeville",PA,2,2,2,2,2,false,0,""
"Conshohocken",PA,2,2,2,2,2,false,0,""
"Coraopolis",PA,2,2,2,2,2,false,0,""
"Doylestown",PA,2,2,2,2,2,false,0,""
"East Stroudsburg",PA,2,2,2,2,2,false,0,""
"Eighty Four",PA,2,2,2,2,2,false,0,""
"Elkins Park",PA,2,2,2,2,2,false,0,""
"Elkland",PA,2,2,2,2,2,false,0,""
"Enola",PA,2,2,2,2,2,false,0,""
"Greencastle",PA,2,2,2,2,2,false,0,""
"Harleysville",PA,2,2,2,2,2,false,0,""
"Hatfield",PA,2,2,2,2,2,false,0,""
"Huntingdon Valley",PA,2,2,2,2,2,false,0,""
"Kennett Square",PA,2,2,2,2,2,false,0,""
"Lafayette Hill",PA,2,2,2,2,2,false,0,""
"Langhorne",PA,2,2,2,2,2,false,0,""
"Lewisburg",PA,2,2,2,2,2,false,0,""
"Morrisville",PA,2,2,2,2,2,false,0,""
"New Cumberland",PA,2,2,2,2,2,false,0,""
"Newtown Square",PA,2,2,2,2,2,false,0,""
"North Wales",PA,3,2,3,3,2,false,0,""
"Parkesburg",PA,2,2,2,2,2,false,0,""
"Pennsburg",PA,2,2,2,2,2,false,0,""
"Plymouth Meeting",PA,2,2,2,2,2,false,0,""
"Renovo",PA,2,2,2,2,2,false,0,""
"Rosemont",PA,2,2,2,2,2,false,0,""
"Schwenksville",PA,2,2,2,2,2,false,0,""
"Sharon",PA,2,2,2,2,2,false,0,""
"Shavertown",PA,2,2,2,2,2,false,0,""
"Upper Chichester",PA,2,2,2,2,2,false,0,""
"Valencia",PA,2,2,2,2,2,false,0,""
"Verona",PA,2,2,2,2,2,false,0,""
"Waynesburg",PA,2,2,2,2,2,false,0,""
"West Grove",PA,2,2,2,2,2,false,0,""
"Wilkes-barre",PA,2,2,2,2,2,false,0,""
"Willow Grove",PA,2,2,2,2,2,false,0,""
"Wynnewood",PA,2,2,2,2,2,false,0,""
"Bayamon",PR,2,2,2,2,2,false,0,""
"Cabo Rojo",PR,2,2,2,2,2,false,0,""
"Guayama",PR,2,2,2,2,2,false,0,""
"Gurabo",PR,2,2,2,2,2,false,0,""
"Maunabo",PR,2,2,2,2,2,false,0,""
"Charlestown",RI,2,2,2,2,2,false,0,""
"Greenville",RI,2,2,2,2,2,false,0,""
"Lincoln",RI,2,2,2,2,2,false,0,""
"Little Compton",RI,2,2,2,2,2,false,0,""
"Middletown",RI,2,2,2,2,2,false,0,""
"North Kingstown",RI,2,2,2,2,2,false,0,""
"Warwick",RI,2,2,2,2,2,false,0,""
"Westerly",RI,4,3,3,4,2,false,0,""
"Anderson",SC,2,2,2,2,2,false,0,""
"Chester",SC,2,2,2,2,2,false,0,""
"Chesterfield",SC,2,2,2,2,2,false,0,""
"Darlington",SC,2,2,2,2,2,false,0,""
"Dillon",SC,2,2,2,2,2,false,0,""
"Easley",SC,2,2,2,2,2,false,0,""
"Florence",SC,2,2,2,2,2,false,0,""
"Hartsville",SC,2,2,2,2,2,false,0,""
"Irmo",SC,3,2,3,3,2,false,0,""
"Johns Island",SC,2,2,2,2,2,false,0,""
"Lake Wylie",SC,2,2,2,2,2,false,0,""
"Little River",SC,2,2,2,2,2,false,0,""
"North Charleston",SC,4,3,3,4,2,false,0,""
"North Myrtle Beach",SC,2,2,2,2,2,false,0,""
"Pawleys Island",SC,2,2,2,2,2,false,0,""
"Piedmont",SC,2,2,2,2,2,false,0,""
"Rock Hill",SC,2,2,2,2,2,false,0,""
"Seneca",SC,2,2,2,2,2,false,0,""
"Simpsonville",SC,2,2,2,2,2,false,0,""
"Surfside Beach",SC,2,2,2,2,2,false,0,""
"West Columbia",SC,2,2,2,2,2,false,0,""
"Williston",SC,2,2,2,2,2,false,0,""
"Winnsboro",SC,2,2,2,2,2,false,0,""
"Chamberlain",SD,2,2,2,2,2,false,0,""
"Deadwood",SD,2,2,2,2,2,false,0,""
"Huron",SD,2,2,2,2,2,false,0,""
"Pierre",SD,2,2,2,2,2,false,0,""
"Bartlett",TN,2,2,2,2,2,false,0,""
"Caryville",TN,2,2,2,2,2,false,0,""
"Church Hill",TN,2,2,2,2,2,false,0,""
"Collegedale",TN,2,2,2,2,2,false,0,""
"Dandridge",TN,2,2,2,2,2,false,0,""
"Gallatin",TN,2,2,2,2,2,false,0,""
"Gatlinburg",TN,2,2,2,2,2,false,0,""
"Greeneville",TN,2,2,2,2,2,false,0,""
"Hendersonville",TN,2,2,2,2,2,false,0,""
"Hixson",TN,3,3,2,3,2,false,0,""
"Johnson City",TN,2,2,2,2,2,false,0,""
"Lafollette",TN,2,2,2,2,2,false,0,""
"Livingston",TN,2,2,2,2,2,false,0,""
"Maryville",TN,3,3,2,3,2,false,0,""
"Mountain City",TN,2,2,2,2,2,false,0,""
"Newport",TN,2,2,2,2,2,false,0,""
"Oneida",TN,2,2,2,2,2,false,0,""
"Pigeon Forge",TN,2,2,2,2,2,false,0,""
"Rogersville",TN,2,2,2,2,2,false,0,""
"Spring Hill",TN,2,2,2,2,2,false,0,""
"Anna",TX,2,2,2,2,2,false,0,""
"Aransas Pass",TX,2,2,2,2,2,false,0,""
"Bedford",TX,2,2,2,2,2,false,0,""
"Bellaire",TX,2,2,2,2,2,false,0,""
"Brady",TX,2,2,2,2,2,false,0,""
"Buda",TX,2,2,2,2,2,false,0,""
"Canton",TX,2,2,2,2,2,false,0,""
"Canyon",TX,2,2,2,2,2,false,0,""
"Celina",TX,2,2,2,2,2,false,0,""
"Colleyville",TX,2,2,2,2,2,false,0,""
"Crowley",TX,3,3,2,3,2,false,0,""
"Deer Park",TX,2,2,2,2,2,false,0,""
"Denison",TX,2,2,2,2,2,false,0,""
"Diboll",TX,2,2,2,2,2,false,0,""
"Dripping Springs",TX,2,2,2,2,2,false,0,""
"Forney",TX,2,2,2,2,2,false,0,""
"Fredericksburg",TX,2,2,2,2,2,false,0,""
"Grapevine",TX,3,2,3,3,2,false,0,""
"Greenville",TX,2,2,2,2,2,false,0,""
"Highland Village",TX,3,2,3,3,2,false,0,""
"Holly Lake Ranch",TX,2,2,2,2,2,false,0,""
"Hutto",TX,2,2,2,2,2,false,0,""
"Kyle",TX,2,2,2,2,2,false,0,""
"Lake Dallas",TX,2,2,2,2,2,false,0,""
"Lake Jackson",TX,2,2,2,2,2,false,0,""
"Lakeside",TX,2,2,2,2,2,false,0,""
"Laredo",TX,2,2,2,2,2,false,0,""
"Leander",TX,2,2,2,2,2,false,0,""
"Longview",TX,2,2,2,2,2,false,0,""
"Mason",TX,2,2,2,2,2,false,0,""
"Midlothian",TX,2,2,2,2,2,false,0,""
"Missouri City",TX,2,2,2,2,2,false,0,""
"Murphy",TX,2,2,2,2,2,false,0,""
"Navasota",TX,2,2,2,2,2,false,0,""
"Richardson",TX,3,2,3,3,2,false,0,""
"Rowlett",TX,2,2,2,2,2,false,0,""
"Sachse",TX,2,2,2,2,2,false,0,""
"Seguin",TX,2,2,2,2,2,false,0,""
"Shenandoah",TX,2,2,2,2,2,false,0,""
"Southlake",TX,2,2,2,2,2,false,0,""
"Trophy Club",TX,2,2,2,2,2,false,0,""
"Waxahachie",TX,2,2,2,2,2,false,0,""
"Webster",TX,2,2,2,2,2,false,0,""
"Windcrest",TX,2,2,2,2,2,false,0,""
"Woodway",TX,2,2,2,2,2,false,0,""
"Wylie",TX,3,3,2,3,2,false,0,""
"American Fork",UT,2,2,2,2,2,false,0,""
"Clearfield",UT,2,2,2,2,2,false,0,""
"Cottonwood Heights",UT,2,2,2,2,2,false,0,""
"Draper",UT,4,4,2,4,2,false,0,""
"Farmington",UT,3,3,2,3,2,false,0,""
"Farr West",UT,2,2,2,2,2,false,0,""
"Holladay",UT,2,2,2,2,2,false,0,""
"Hurricane",UT,2,2,2,2,2,false,0,""
"Kearns",UT,2,2,2,2,2,false,0,""
"Lindon",UT,2,2,2,2,2,false,0,""
"Mapleton",UT,2,2,2,2,2,false,0,""
"Millville",UT,2,2,2,2,2,false,0,""
"North Ogden",UT,2,2,2,2,2,false,0,""
"Payson",UT,3,3,2,3,2,false,0,""
"Providence",UT,2,2,2,2,2,false,0,""
"Springville",UT,2,2,2,2,2,false,0,""
"Syracuse",UT,2,2,2,2,2,false,0,""
"Tooele",UT,2,2,2,2,2,false,0,""
"Tremonton",UT,2,2,2,2,2,false,0,""
"Washington City",UT,3,3,2,3,2,false,0,""
"Appomattox",VA,2,2,2,2,2,false,0,""
"Bluefield",VA,2,2,2,2,2,false,0,""
"Chincoteague Island",VA,2,2,2,2,2,false,0,""
"Chincoteague",VA,2,2,2,2,2,false,0,""
"Christiansburg",VA,2,2,2,2,2,false,0,""
"Collinsville",VA,2,2,2,2,2,false,0,""
"Farmville",VA,2,2,2,2,2,false,0,""
"Fincastle",VA,2,2,2,2,2,false,0,""
"Fork Union",VA,2,2,2,2,2,false,0,""
"Front Royal",VA,2,2,2,2,2,false,0,""
"Glen Allen",VA,2,2,2,2,2,false,0,""
"Goochland",VA,2,2,2,2,2,false,0,""
"Hampton",VA,2,2,2,2,2,false,0,""
"Hardy",VA,2,2,2,2,2,false,0,""
"King George",VA,2,2,2,2,2,false,0,""
"Lexington",VA,2,2,2,2,2,false,0,""
"Locust Grove",VA,2,2,2,2,2,false,0,""
"Lovettsville",VA,2,2,2,2,2,false,0,""
"Martinsville",VA,2,2,2,2,2,false,0,""
"Moneta",VA,2,2,2,2,2,false,0,""
"Parksley",VA,3,3,2,3,2,false,0,""
"Powhatan",VA,2,2,2,2,2,false,0,""
"Ruckersville",VA,2,2,2,2,2,false,0,""
"Rustburg",VA,2,2,2,2,2,false,0,""
"Ruther Glen",VA,2,2,2,2,2,false,0,""
"Shenandoah",VA,2,2,2,2,2,false,0,""
"Spotsylvania",VA,2,2,2,2,2,false,0,""
"Sterling",VA,4,3,3,4,2,false,0,""
"Troutville",VA,2,2,2,2,2,false,0,""
"Wachapreague",VA,2,2,2,2,2,false,0,""
"Yorktown",VA,3,3,2,3,2,false,0,""
"Arlington",VT,2,2,2,2,2,false,0,""
"Barre Town",VT,2,2,2,2,2,false,0,""
"Barre",VT,2,2,2,2,2,false,0,""
"Bridport",VT,2,2,2,2,2,false,0,""
"Bristol",VT,2,2,2,2,2,false,0,""
"Charlotte",VT,2,2,2,2,2,false,0,""
"Chester",VT,2,2,2,2,2,false,0,""
"Colchester",VT,5,2,4,5,2,false,0,""
"Fairlee",VT,2,2,2,2,2,false,0,""
"Huntington",VT,2,2,2,2,2,false,0,""
"Killington",VT,2,2,2,2,2,false,0,""
"Lyndonville",VT,2,2,2,2,2,false,0,""
"Manchester Center",VT,2,2,2,2,2,false,0,""
"Milton",VT,2,2,2,2,2,false,0,""
"Moretown",VT,2,2,2,2,2,false,0,""
"Saint Albans",VT,2,2,2,2,2,false,0,""
"St Albans",VT,2,2,2,2,2,false,0,""
"St. Albans",VT,2,2,2,2,2,false,0,""
"Swanton",VT,2,2,2,2,2,false,0,""
"Warren",VT,2,2,2,2,2,false,0,""
"West Dover",VT,2,2,2,2,2,false,0,""
"White River Junction",VT,2,2,2,2,2,false,0,""
"Williston",VT,2,2,2,2,2,false,0,""
"Bainbridge Island",WA,3,3,2,3,2,false,0,""
"Cheney",WA,2,2,2,2,2,false,0,""
"Chewelah",WA,2,2,2,2,2,false,0,""
"Cusick",WA,2,2,2,2,2,false,0,""
"Edmonds",WA,4,3,3,4,2,false,0,""
"Enumclaw",WA,2,2,2,2,2,false,0,""
"Ferndale",WA,3,3,2,3,2,false,0,""
"Fircrest",WA,2,2,2,2,2,false,0,""
"Freeland",WA,2,2,2,2,2,false,0,""
"Goldendale",WA,2,2,2,2,2,false,0,""
"Kala Point",WA,2,2,2,2,2,false,0,""
"Kenmore",WA,2,2,2,2,2,false,0,""
"La Conner",WA,2,2,2,2,2,false,0,""
"Langley",WA,2,2,2,2,2,false,0,""
"Liberty Lake",WA,5,3,4,5,2,false,0,""
"Long Beach",WA,3,2,3,3,2,false,0,""
"Lopez Island",WA,2,2,2,2,2,false,0,""
"Lynden",WA,2,2,2,2,2,false,0,""
"Moses Lake",WA,2,2,2,2,2,false,0,""
"Mt Vernon",WA,2,2,2,2,2,false,0,""
"Newcastle",WA,3,3,2,3,2,false,0,""
"Newport",WA,2,2,2,2,2,false,0,""
"North Bend",WA,2,2,2,2,2,false,0,""
"Oak Harbor",WA,2,2,2,2,2,false,0,""
"Port Angeles",WA,7,6,2,7,2,false,0,""
"Pullman",WA,2,2,2,2,2,false,0,""
"Puyallup",WA,2,2,2,2,2,false,0,""
"Richland",WA,2,2,2,2,2,false,0,""
"Shelton",WA,2,2,2,2,2,false,0,""
"Snohomish",WA,3,3,2,3,2,false,0,""
"Stevenson",WA,2,2,2,2,2,false,0,""
"Washougal",WA,2,2,2,2,2,false,0,""
"Allenton",WI,2,2,2,2,2,false,0,""
"Amery",WI,2,2,2,2,2,false,0,""
"Antigo",WI,2,2,2,2,2,false,0,""
"Athens",WI,2,2,2,2,2,false,0,""
"Barnes",WI,2,2,2,2,2,false,0,""
"Birchwood",WI,2,2,2,2,2,false,0,""
"Brodhead",WI,2,2,2,2,2,false,0,""
"Combined Locks",WI,2,2,2,2,2,false,0,""
"Cottage Grove",WI,3,2,3,3,2,false,0,""
"Cross Plains",WI,2,2,2,2,2,false,0,""
"Cumberland",WI,2,2,2,2,2,false,0,""
"De Pere",WI,2,2,2,2,2,false,0,""
"Dodgeville",WI,2,2,2,2,2,false,0,""
"Dresser",WI,2,2,2,2,2,false,0,""
"Fitchburg",WI,2,2,2,2,2,false,0,""
"Gays Mills",WI,2,2,2,2,2,false,0,""
"Germantown",WI,2,2,2,2,2,false,0,""
"Gordon",WI,2,2,2,2,2,false,0,""
"Grand Chute",WI,2,2,2,2,2,false,0,""
"Grantsburg",WI,2,2,2,2,2,false,0,""
"Greenwood",WI,2,2,2,2,2,false,0,""
"Kimberly",WI,2,2,2,2,2,false,0,""
"Lake Geneva",WI,3,3,2,3,2,false,0,""
"Lakewood",WI,2,2,2,2,2,false,0,""
"Mequon",WI,3,3,2,3,2,false,0,""
"Mineral Point",WI,2,2,2,2,2,false,0,""
"Monona",WI,2,2,2,2,2,false,0,""
"Oak Creek",WI,2,2,2,2,2,false,0,""
"Oconto Falls",WI,2,2,2,2,2,false,0,""
"Oconto",WI,2,2,2,2,2,false,0,""
"Oostburg",WI,3,3,2,3,2,false,0,""
"Phelps",WI,2,2,2,2,2,false,0,""
"Phillips",WI,2,2,2,2,2,false,0,""
"Pleasant Prairie",WI,3,2,3,3,2,false,0,""
"Plover",WI,2,2,2,2,2,false,0,""
"Port Washington",WI,4,2,4,4,2,false,0,""
"Portage",WI,2,2,2,2,2,false,0,""
"Poynette",WI,2,2,2,2,2,false,0,""
"Reedsburg",WI,2,2,2,2,2,false,0,""
"Rice Lake",WI,2,2,2,2,2,false,0,""
"Rio",WI,2,2,2,2,2,false,0,""
"River Falls",WI,3,2,3,3,2,false,0,""
"Saukville",WI,3,3,2,3,2,false,0,""
"Schofield",WI,2,2,2,2,2,false,0,""
"Shawano",WI,2,2,2,2,2,false,0,""
"Sherwood",WI,2,2,2,2,2,false,0,""
"Shorewood",WI,2,2,2,2,2,false,0,""
"Slinger",WI,2,2,2,2,2,false,0,""
"Spooner",WI,2,2,2,2,2,false,0,""
"Stone Lake",WI,2,2,2,2,2,false,0,""
"Washington Island",WI,2,2,2,2,2,false,0,""
"Waunakee",WI,2,2,2,2,2,false,0,""
"Whitewater",WI,2,2,2,2,2,false,0,""
"Beckley",WV,2,2,2,2,2,false,0,""
"Ceredo",WV,2,2,2,2,2,false,0,""
"Clarksburg",WV,3,2,3,3,2,false,0,""
"Fairmont",WV,2,2,2,2,2,false,0,""
"Hurricane",WV,2,2,2,2,2,false,0,""
"Inwood",WV,2,2,2,2,2,false,0,""
"Lewisburg",WV,2,2,2,2,2,false,0,""
"Moundsville",WV,2,2,2,2,2,false,0,""
"New Martinsville",WV,2,2,2,2,2,false,0,""
"Nitro",WV,2,2,2,2,2,false,0,""
"Shenandoah Junction",WV,2,2,2,2,2,false,0,""
"Shepherdstown",WV,2,2,2,2,2,false,0,""
"South Charleston",WV,2,2,2,2,2,false,0,""
"White Sulphur Springs",WV,2,2,2,2,2,false,0,""
"Alpine",WY,2,2,2,2,2,false,0,""
"Buffalo",WY,2,2,2,2,2,false,0,""
"Green River",WY,2,2,2,2,2,false,0,""
"Lander",WY,2,2,2,2,2,false,0,""
"Rock Springs",WY,2,2,2,2,2,false,0,""
"Thayne",WY,2,2,2,2,2,false,0,""
"Big Lake",AK,1,1,1,1,1,false,0,""
"Chugiak",AK,1,1,1,1,1,false,0,""
"Kenai",AK,1,1,1,1,1,false,0,""
"Ketchikan",AK,1,1,1,1,1,false,0,""
"Petersburg",AK,1,1,1,1,1,false,0,""
"Prudhoe Bay",AK,1,1,1,1,1,false,0,""
"Seward",AK,1,1,1,1,1,false,0,""
"Skagway",AK,1,1,1,1,1,false,0,""
"Soldotna",AK,1,1,1,1,1,false,0,""
"Sterling",AK,1,1,1,1,1,false,0,""
"Talkeetna",AK,1,1,1,1,1,false,0,""
"Wrangell",AK,1,1,1,1,1,false,0,""
"Albertville",AL,1,1,1,1,1,false,0,""
"Alexander City",AL,1,1,1,1,1,false,0,""
"Andalusia",AL,1,1,1,1,1,false,0,""
"Ardmore",AL,1,1,1,1,1,false,0,""
"Arley",AL,1,1,1,1,1,false,0,""
"Ashland",AL,1,1,1,1,1,false,0,""
"Attalla",AL,1,1,1,1,1,false,0,""
"Bay Minette",AL,1,1,1,1,1,false,0,""
"Boaz",AL,1,1,1,1,1,false,0,""
"Eastaboga",AL,1,1,1,1,1,false,0,""
"Elkmont",AL,1,1,1,1,1,false,0,""
"Eufaula",AL,1,1,1,1,1,false,0,""
"Gadsden",AL,1,1,1,1,1,false,0,""
"Gardendale",AL,1,1,1,1,1,false,0,""
"Guntersville",AL,2,1,2,2,1,false,0,""
"Gurley",AL,1,1,1,1,1,false,0,""
"Heflin",AL,1,1,1,1,1,false,0,""
"Helena",AL,1,1,1,1,1,false,0,""
"Homewood",AL,1,1,1,1,1,false,0,""
"Jacksonville",AL,2,1,2,2,1,false,0,""
"Killen",AL,1,1,1,1,1,false,0,""
"Lillian",AL,1,1,1,1,1,false,0,""
"Lincoln",AL,1,1,1,1,1,false,0,""
"Meridianville",AL,1,1,1,1,1,false,0,""
"New Hope",AL,1,1,1,1,1,false,0,""
"New Market",AL,1,1,1,1,1,false,0,""
"Odenville",AL,1,1,1,1,1,false,0,""
"Oneonta",AL,1,1,1,1,1,false,0,""
"Opelika",AL,2,1,2,2,1,false,0,""
"Opp",AL,1,1,1,1,1,false,0,""
"Orange Beach",AL,2,1,2,2,1,false,0,""
"Owens Cross Roads",AL,1,1,1,1,1,false,0,""
"Oxford",AL,2,2,1,2,1,false,0,""
"Piedmont",AL,1,1,1,1,1,false,0,""
"Priceville",AL,1,1,1,1,1,false,0,""
"Rainsville",AL,1,1,1,1,1,false,0,""
"Russellville",AL,1,1,1,1,1,false,0,""
"Satsuma",AL,1,1,1,1,1,false,0,""
"Semmes",AL,1,1,1,1,1,false,0,""
"Sheffield",AL,1,1,1,1,1,false,0,""
"Somerville",AL,1,1,1,1,1,false,0,""
"Sylacauga",AL,2,2,1,2,1,false,0,""
"Talladega",AL,1,1,1,1,1,false,0,""
"Toney",AL,1,1,1,1,1,false,0,""
"Trinity",AL,1,1,1,1,1,false,0,""
"Trussville",AL,6,1,6,6,1,false,0,""
"Vestavia",AL,1,1,1,1,1,false,0,""
"Barling",AR,1,1,1,1,1,false,0,""
"Batesville",AR,1,1,1,1,1,false,0,""
"Bryant",AR,2,1,2,2,1,false,0,""
"Cabot",AR,1,1,1,1,1,false,0,""
"Clarksville",AR,1,1,1,1,1,false,0,""
"Conway",AR,1,1,1,1,1,false,0,""
"Cotter",AR,1,1,1,1,1,false,0,""
"Danville",AR,1,1,1,1,1,false,0,""
"Dardanelle",AR,1,1,1,1,1,false,0,""
"El Dorado",AR,1,1,1,1,1,false,0,""
"Fairfield Bay",AR,1,1,1,1,1,false,0,""
"Fayetteville",AR,4,2,3,4,1,false,0,""
"Greenwood",AR,2,1,2,2,1,false,0,""
"Harrison",AR,1,1,1,1,1,false,0,""
"Jacksonville",AR,1,1,1,1,1,false,0,""
"Jasper",AR,1,1,1,1,1,false,0,""
"Jonesboro",AR,1,1,1,1,1,false,0,""
"Mena",AR,1,1,1,1,1,false,0,""
"Mount Holly",AR,1,1,1,1,1,false,0,""
"Norfork",AR,1,1,1,1,1,false,0,""
"Ozark",AR,1,1,1,1,1,false,0,""
"Paragould",AR,1,1,1,1,1,false,0,""
"Pearcy",AR,1,1,1,1,1,false,0,""
"Siloam Springs",AR,1,1,1,1,1,false,0,""
"Van Buren",AR,1,1,1,1,1,false,0,""
"Walnut Ridge",AR,1,1,1,1,1,false,0,""
"Ajo",AZ,1,1,1,1,1,false,0,""
"Amado",AZ,1,1,1,1,1,false,0,""
"Arivaca",AZ,1,1,1,1,1,false,0,""
"Bullhead",AZ,1,1,1,1,1,false,0,""
"Centerville",AZ,1,1,1,1,1,false,0,""
"Chino Valley",AZ,1,1,1,1,1,false,0,""
"Congress",AZ,1,1,1,1,1,false,0,""
"Dolan Springs",AZ,1,1,1,1,1,false,0,""
"Douglas",AZ,1,1,1,1,1,false,0,""
"El Mirage",AZ,1,1,1,1,1,false,0,""
"Fredonia",AZ,1,1,1,1,1,false,0,""
"Golden Valley",AZ,1,1,1,1,1,false,0,""
"Kykotsmovi Villa",AZ,1,1,1,1,1,false,0,""
"Litchfield Park",AZ,1,1,1,1,1,false,0,""
"Munds Park",AZ,1,1,1,1,1,false,0,""
"Nogales",AZ,1,1,1,1,1,false,0,""
"Oracle",AZ,1,1,1,1,1,false,0,""
"Page",AZ,1,1,1,1,1,false,0,""
"Paradise Valley",AZ,1,1,1,1,1,false,0,""
"Payson",AZ,1,1,1,1,1,false,0,""
"Pinetop-lakeside",AZ,1,1,1,1,1,false,0,""
"Pinetop",AZ,1,1,1,1,1,false,0,""
"Quartzsite",AZ,1,1,1,1,1,false,0,""
"Queen Creek",AZ,1,1,1,1,1,false,0,""
"Safford",AZ,1,1,1,1,1,false,0,""
"Salome",AZ,1,1,1,1,1,false,0,""
"Scottdale",AZ,1,1,1,1,1,false,0,""
"Sir Peter Studd St Lake Havasu City",AZ,1,1,1,1,1,false,0,""
"Snowflake",AZ,1,1,1,1,1,false,0,""
"Thatcher",AZ,1,1,1,1,1,false,0,""
"Agoura Hills",CA,1,1,1,1,1,false,0,""
"Altadena",CA,1,1,1,1,1,false,0,""
"Anderson",CA,1,1,1,1,1,false,0,""
"Angels Camp",CA,1,1,1,1,1,false,0,""
"Antelope",CA,1,1,1,1,1,false,0,""
"Avery",CA,1,1,1,1,1,false,0,""
"Avila Beach",CA,1,1,1,1,1,false,0,""
"Barstow",CA,1,1,1,1,1,false,0,""
"Bear Valley",CA,1,1,1,1,1,false,0,""
"Bermuda Dunes",CA,1,1,1,1,1,false,0,""
"Bishop",CA,1,1,1,1,1,false,0,""
"Blue Lake",CA,1,1,1,1,1,false,0,""
"Bodega Bay",CA,1,1,1,1,1,false,0,""
"Brawley",CA,1,1,1,1,1,false,0,""
"Buellton",CA,1,1,1,1,1,false,0,""
"Buena Park",CA,1,1,1,1,1,false,0,""
"Burnt Ranch",CA,1,1,1,1,1,false,0,""
"Calabasas",CA,2,1,2,2,1,false,0,""
"Cambria",CA,1,1,1,1,1,false,0,""
"Campbell",CA,2,2,1,2,1,false,0,""
"Carpinteria",CA,1,1,1,1,1,false,0,""
"Cayucos",CA,1,1,1,1,1,false,0,""
"Ceres",CA,1,1,1,1,1,false,0,""
"Chatsworth",CA,1,1,1,1,1,false,0,""
"Cherry Valley",CA,1,1,1,1,1,false,0,""
"Chino",CA,1,1,1,1,1,false,0,""
"Claremont",CA,2,1,2,2,1,false,0,""
"Clements",CA,1,1,1,1,1,false,0,""
"Coachella",CA,1,1,1,1,1,false,0,""
"Coarsegold",CA,1,1,1,1,1,false,0,""
"Cool",CA,1,1,1,1,1,false,0,""
"Copperopolis",CA,1,1,1,1,1,false,0,""
"Corning",CA,1,1,1,1,1,false,0,""
"Crestline",CA,1,1,1,1,1,false,0,""
"Danville",CA,1,1,1,1,1,false,0,""
"Delano",CA,1,1,1,1,1,false,0,""
"Descanso",CA,1,1,1,1,1,false,0,""
"Diamond Bar",CA,2,1,2,2,1,false,0,""
"Dixon",CA,1,1,1,1,1,false,0,""
"Durham",CA,1,1,1,1,1,false,0,""
"Dutch Flat",CA,1,1,1,1,1,false,0,""
"Earp",CA,1,1,1,1,1,false,0,""
"EL CERRITO",CA,1,1,1,1,1,false,0,""
"El Macero",CA,1,1,1,1,1,false,0,""
"Emeryville",CA,1,1,1,1,1,false,0,""
"Fairfax",CA,1,1,1,1,1,false,0,""
"Fiddletown",CA,1,1,1,1,1,false,0,""
"Foresthill",CA,1,1,1,1,1,false,0,""
"Foster City",CA,1,1,1,1,1,false,0,""
"Ft. Jones",CA,1,1,1,1,1,false,0,""
"Galt",CA,1,1,1,1,1,false,0,""
"Garden Valley",CA,1,1,1,1,1,false,0,""
"Grand Terrace",CA,1,1,1,1,1,false,0,""
"Gridley",CA,1,1,1,1,1,false,0,""
"Grover Beach",CA,1,1,1,1,1,false,0,""
"Guerneville",CA,1,1,1,1,1,false,0,""
"Helendale",CA,1,1,1,1,1,false,0,""
"Hermosa Beach",CA,1,1,1,1,1,false,0,""
"Hidden Valley Lake",CA,1,1,1,1,1,false,0,""
"Highland",CA,2,2,1,2,1,false,0,""
"Hilmar",CA,1,1,1,1,1,false,0,""
"Hollister",CA,2,2,1,2,1,false,0,""
"Holtville",CA,1,1,1,1,1,false,0,""
"Hopland",CA,1,1,1,1,1,false,0,""
"Hughson",CA,1,1,1,1,1,false,0,""
"Idyllwild-Pine Cove",CA,1,1,1,1,1,false,0,""
"Imperial Beach",CA,1,1,1,1,1,false,0,""
"Indian Wells",CA,1,1,1,1,1,false,0,""
"Inglewood",CA,1,1,1,1,1,false,0,""
"Ione",CA,1,1,1,1,1,false,0,""
"Jamul",CA,1,1,1,1,1,false,0,""
"Janesville",CA,1,1,1,1,1,false,0,""
"Kelseyville",CA,1,1,1,1,1,false,0,""
"Kentfield",CA,1,1,1,1,1,false,0,""
"KING CITY",CA,1,1,1,1,1,false,0,""
"La Canada Flintridge",CA,1,1,1,1,1,false,0,""
"La Canada",CA,1,1,1,1,1,false,0,""
"Ladera Ranch",CA,1,1,1,1,1,false,0,""
"Lafayette",CA,2,1,2,2,1,false,0,""
"Lake Almanor",CA,1,1,1,1,1,false,0,""
"Lancaster",CA,2,2,1,2,1,false,0,""
"Larkspur",CA,1,1,1,1,1,false,0,""
"Lathrop",CA,1,1,1,1,1,false,0,""
"Lawndale",CA,1,1,1,1,1,false,0,""
"Loleta",CA,1,1,1,1,1,false,0,""
"Loma Linda",CA,2,2,1,2,1,false,0,""
"Los Altos",CA,1,1,1,1,1,false,0,""
"Maria Del Rey",CA,1,1,1,1,1,false,0,""
"Mariposa",CA,1,1,1,1,1,false,0,""
"Mather",CA,1,1,1,1,1,false,0,""
"McKinleyville",CA,1,1,1,1,1,false,0,""
"Meadow Vista",CA,1,1,1,1,1,false,0,""
"Mendocino",CA,1,1,1,1,1,false,0,""
"Menlo Park",CA,1,1,1,1,1,false,0,""
"Millbrae",CA,1,1,1,1,1,false,0,""
"Milpitas",CA,3,3,1,3,1,false,0,""
"Modesto",CA,2,2,1,2,1,false,0,""
"Mokelumne Hill",CA,1,1,1,1,1,false,0,""
"Montara",CA,1,1,1,1,1,false,0,""
"Monte Rio",CA,1,1,1,1,1,false,0,""
"Montebello",CA,1,1,1,1,1,false,0,""
"Morro Bay",CA,1,1,1,1,1,false,0,""
"Moss Beach",CA,1,1,1,1,1,false,0,""
"Mount Shasta",CA,1,1,1,1,1,false,0,""
"Nevada City",CA,1,1,1,1,1,false,0,""
"Newcastle",CA,1,1,1,1,1,false,0,""
"Niland",CA,1,1,1,1,1,false,0,""
"North Palm Springs",CA,1,1,1,1,1,false,0,""
"Norwalk",CA,1,1,1,1,1,false,0,""
"Oak Park",CA,1,1,1,1,1,false,0,""
"Oakley",CA,1,1,1,1,1,false,0,""
"Occidental",CA,1,1,1,1,1,false,0,""
"Olivehurst",CA,1,1,1,1,1,false,0,""
"Oregon House",CA,1,1,1,1,1,false,0,""
"Orinda",CA,1,1,1,1,1,false,0,""
"Pacific Grove",CA,1,1,1,1,1,false,0,""
"Pacific Palisades",CA,1,1,1,1,1,false,0,""
"Palo Alto",CA,2,1,2,2,1,false,0,""
"Panorama City",CA,1,1,1,1,1,false,0,""
"Perris",CA,1,1,1,1,1,false,0,""
"Pescadero",CA,1,1,1,1,1,false,0,""
"Pine Mountain Club",CA,1,1,1,1,1,false,0,""
"Pioneer",CA,1,1,1,1,1,false,0,""
"Pittsburgh",CA,1,1,1,1,1,false,0,""
"Placerville",CA,1,1,1,1,1,false,0,""
"Pleasant Hill",CA,1,1,1,1,1,false,0,""
"Point Richmond",CA,1,1,1,1,1,false,0,""
"Pollock Pines",CA,1,1,1,1,1,false,0,""
"Port Hueneme",CA,1,1,1,1,1,false,0,""
"Prunedale",CA,1,1,1,1,1,false,0,""
"Rainbow",CA,1,1,1,1,1,false,0,""
"Rancho Bernardo",CA,1,1,1,1,1,false,0,""
"Rancho Murieta",CA,2,2,1,2,1,false,0,""
"Rancho Palos Verdes",CA,1,1,1,1,1,false,0,""
"Ridgecrest",CA,1,1,1,1,1,false,0,""
"Rio Vista",CA,1,1,1,1,1,false,0,""
"Rolling Hills",CA,1,1,1,1,1,false,0,""
"Rossmoor",CA,1,1,1,1,1,false,0,""
"Ross",CA,1,1,1,1,1,false,0,""
"s Valley",CA,1,1,1,1,1,false,0,""
"San Andreas",CA,1,1,1,1,1,false,0,""
"San Bernardino",CA,1,1,1,1,1,false,0,""
"San Bruno",CA,1,1,1,1,1,false,0,""
"San Carlos",CA,3,2,2,3,1,false,0,""
"San Dimas",CA,1,1,1,1,1,false,0,""
"San Geronimo",CA,1,1,1,1,1,false,0,""
"San Juan Bautista",CA,1,1,1,1,1,false,0,""
"San Juan Capistrano",CA,1,1,1,1,1,false,0,""
"San Nicolas Island",CA,1,1,1,1,1,false,0,""
"Santa  Maria",CA,1,1,1,1,1,false,0,""
"Santa Clara",CA,1,1,1,1,1,false,0,""
"Scotts Valley",CA,1,1,1,1,1,false,0,""
"Shasta Lake",CA,1,1,1,1,1,false,0,""
"Shell Beach",CA,1,1,1,1,1,false,0,""
"Shelter Cove",CA,1,1,1,1,1,false,0,""
"Sierra Madre",CA,1,1,1,1,1,false,0,""
"Signal Hill",CA,1,1,1,1,1,false,0,""
"Sky Valley",CA,1,1,1,1,1,false,0,""
"Solvang",CA,1,1,1,1,1,false,0,""
"Sonora",CA,1,1,1,1,1,false,0,""
"South El Monte",CA,1,1,1,1,1,false,0,""
"St Helena",CA,1,1,1,1,1,false,0,""
"Sutter Creek",CA,1,1,1,1,1,false,0,""
"Sylmar",CA,1,1,1,1,1,false,0,""
"Taft",CA,1,1,1,1,1,false,0,""
"Tahoe Vista",CA,1,1,1,1,1,false,0,""
"Temple City",CA,1,1,1,1,1,false,0,""
"Thousand Palms",CA,1,1,1,1,1,false,0,""
"Twain Harte",CA,1,1,1,1,1,false,0,""
"Twentynine Palms",CA,1,1,1,1,1,false,0,""
"Upland",CA,1,1,1,1,1,false,0,""
"USA",CA,1,1,1,1,1,false,0,""
"Valley Center",CA,1,1,1,1,1,false,0,""
"Ventura",CA,1,1,1,1,1,false,0,""
"walnut",CA,1,1,1,1,1,false,0,""
"Waterford",CA,1,1,1,1,1,false,0,""
"West Covina",CA,1,1,1,1,1,false,0,""
"West Menlo Park",CA,1,1,1,1,1,false,0,""
"Westchester",CA,1,1,1,1,1,false,0,""
"Willits",CA,1,1,1,1,1,false,0,""
"Wilmington",CA,1,1,1,1,1,false,0,""
"Wilton",CA,1,1,1,1,1,false,0,""
"Alamosa",CO,1,1,1,1,1,false,0,""
"Ault",CO,1,1,1,1,1,false,0,""
"Basalt",CO,1,1,1,1,1,false,0,""
"Battlement Mesa",CO,1,1,1,1,1,false,0,""
"Beaver Creek",CO,1,1,1,1,1,false,0,""
"Black Hawk",CO,1,1,1,1,1,false,0,""
"Burlington",CO,1,1,1,1,1,false,0,""
"Castle Pines",CO,1,1,1,1,1,false,0,""
"Colorado City",CO,1,1,1,1,1,false,0,""
"Creede",CO,1,1,1,1,1,false,0,""
"Crested Butte South",CO,1,1,1,1,1,false,0,""
"Crestone",CO,1,1,1,1,1,false,0,""
"Delta",CO,1,1,1,1,1,false,0,""
"Eagle",CO,2,1,2,2,1,false,0,""
"EagleVail",CO,1,1,1,1,1,false,0,""
"Federal Heights",CO,1,1,1,1,1,false,0,""
"Fort Morgan",CO,1,1,1,1,1,false,0,""
"Fountain",CO,1,1,1,1,1,false,0,""
"Fraser",CO,1,1,1,1,1,false,0,""
"Fruita",CO,1,1,1,1,1,false,0,""
"Georgetown",CO,1,1,1,1,1,false,0,""
"Glenwood Springs",CO,1,1,1,1,1,false,0,""
"Granby",CO,1,1,1,1,1,false,0,""
"Greenwood Village",CO,1,1,1,1,1,false,0,""
"Idaho Springs",CO,1,1,1,1,1,false,0,""
"Kremmling",CO,1,1,1,1,1,false,0,""
"La Junta",CO,1,1,1,1,1,false,0,""
"Lake City",CO,1,1,1,1,1,false,0,""
"Lake George",CO,1,1,1,1,1,false,0,""
"Lyons",CO,1,1,1,1,1,false,0,""
"Manassa",CO,1,1,1,1,1,false,0,""
"Mancos",CO,1,1,1,1,1,false,0,""
"Mead",CO,1,1,1,1,1,false,0,""
"Mesa",CO,1,1,1,1,1,false,0,""
"Milliken",CO,1,1,1,1,1,false,0,""
"Monte Vista",CO,1,1,1,1,1,false,0,""
"Montrose",CO,1,1,1,1,1,false,0,""
"Mount Crested Butte",CO,1,1,1,1,1,false,0,""
"Mt. Crested Butte",CO,1,1,1,1,1,false,0,""
"Nathrop",CO,1,1,1,1,1,false,0,""
"Norwood",CO,2,2,1,2,1,false,0,""
"Ouray",CO,1,1,1,1,1,false,0,""
"Pitkin",CO,1,1,1,1,1,false,0,""
"Rifle",CO,1,1,1,1,1,false,0,""
"Rocky Ford",CO,1,1,1,1,1,false,0,""
"Sheridan",CO,1,1,1,1,1,false,0,""
"Silverton",CO,1,1,1,1,1,false,0,""
"Superior",CO,1,1,1,1,1,false,0,""
"Telluride",CO,1,1,1,1,1,false,0,""
"Walsenburg",CO,1,1,1,1,1,false,0,""
"Wellington",CO,1,1,1,1,1,false,0,""
"Widefield",CO,1,1,1,1,1,false,0,""
"Woodland Park",CO,1,1,1,1,1,false,0,""
"Ansonia",CT,1,1,1,1,1,false,0,""
"Ashford",CT,1,1,1,1,1,false,0,""
"Avon",CT,1,1,1,1,1,false,0,""
"Beacon Falls",CT,1,1,1,1,1,false,0,""
"Bethel",CT,1,1,1,1,1,false,0,""
"Bolton",CT,1,1,1,1,1,false,0,""
"Branford",CT,2,2,1,2,1,false,0,""
"Bridgewater",CT,1,1,1,1,1,false,0,""
"BROOKLYN",CT,1,1,1,1,1,false,0,""
"Canton",CT,1,1,1,1,1,false,0,""
"Central Village",CT,1,1,1,1,1,false,0,""
"Colchester",CT,1,1,1,1,1,false,0,""
"Cos Cob",CT,1,1,1,1,1,false,0,""
"Dayville",CT,1,1,1,1,1,false,0,""
"East Lyme",CT,1,1,1,1,1,false,0,""
"Easton",CT,1,1,1,1,1,false,0,""
"Ellington",CT,2,1,2,2,1,false,0,""
"Enfield",CT,1,1,1,1,1,false,0,""
"Farmington",CT,1,1,1,1,1,false,0,""
"Killingworth",CT,1,1,1,1,1,false,0,""
"LISBON",CT,1,1,1,1,1,false,0,""
"Madison",CT,1,1,1,1,1,false,0,""
"Mansfield",CT,1,1,1,1,1,false,0,""
"Middlebury",CT,1,1,1,1,1,false,0,""
"Moodus",CT,1,1,1,1,1,false,0,""
"Naugatuck",CT,1,1,1,1,1,false,0,""
"New Hartford",CT,1,1,1,1,1,false,0,""
"New Haven",CT,1,1,1,1,1,false,0,""
"New London",CT,1,1,1,1,1,false,0,""
"North Grosvenordale",CT,2,1,2,2,1,false,0,""
"Northford",CT,1,1,1,1,1,false,0,""
"Norwich",CT,1,1,1,1,1,false,0,""
"Old Greenwich",CT,1,1,1,1,1,false,0,""
"Old Saybrook",CT,1,1,1,1,1,false,0,""
"Oxford",CT,1,1,1,1,1,false,0,""
"Plantsville",CT,1,1,1,1,1,false,0,""
"Pomfret Center",CT,1,1,1,1,1,false,0,""
"Preston",CT,1,1,1,1,1,false,0,""
"Putnam",CT,1,1,1,1,1,false,0,""
"Somers",CT,1,1,1,1,1,false,0,""
"Southbury",CT,1,1,1,1,1,false,0,""
"Southport",CT,1,1,1,1,1,false,0,""
"Stonington",CT,1,1,1,1,1,false,0,""
"Terryville",CT,1,1,1,1,1,false,0,""
"Wallingford",CT,1,1,1,1,1,false,0,""
"West Simsbury",CT,1,1,1,1,1,false,0,""
"Wethersfield",CT,1,1,1,1,1,false,0,""
"Willimantic",CT,1,1,1,1,1,false,0,""
"Windsor",CT,2,2,1,2,1,false,0,""
"Winsted",CT,1,1,1,1,1,false,0,""
"Woodstock",CT,1,1,1,1,1,false,0,""
"Bear",DE,1,1,1,1,1,false,0,""
"Claymont",DE,1,1,1,1,1,false,0,""
"Harbeson",DE,1,1,1,1,1,false,0,""
"Harrington",DE,1,1,1,1,1,false,0,""
"Newport",DE,2,2,1,2,1,false,0,""
"Odessa",DE,1,1,1,1,1,false,0,""
"Seaford",DE,1,1,1,1,1,false,0,""
"Townsend",DE,1,1,1,1,1,false,0,""
"Alachua",FL,1,1,1,1,1,false,0,""
"Anna Maria",FL,1,1,1,1,1,false,0,""
"Apollo Beach",FL,1,1,1,1,1,false,0,""
"Astor",FL,1,1,1,1,1,false,0,""
"Ave Maria",FL,1,1,1,1,1,false,0,""
"Aventura",FL,1,1,1,1,1,false,0,""
"Babcock Ranch",FL,1,1,1,1,1,false,0,""
"Barefoot Bay",FL,1,1,1,1,1,false,0,""
"Bartow",FL,2,2,1,2,1,false,0,""
"Bayonet Point",FL,1,1,1,1,1,false,0,""
"Belle Glade",FL,1,1,1,1,1,false,0,""
"Belleair",FL,1,1,1,1,1,false,0,""
"Beverly Hills",FL,1,1,1,1,1,false,0,""
"Bokeelia",FL,1,1,1,1,1,false,0,""
"Bowling Green",FL,1,1,1,1,1,false,0,""
"Callahan",FL,1,1,1,1,1,false,0,""
"Carrabelle",FL,2,2,1,2,1,false,0,""
"Casselberry",FL,1,1,1,1,1,false,0,""
"ChampionsGate",FL,1,1,1,1,1,false,0,""
"City Of Sunrise",FL,1,1,1,1,1,false,0,""
"Clearwater Beach",FL,1,1,1,1,1,false,0,""
"Clewiston",FL,1,1,1,1,1,false,0,""
"Crystal River",FL,1,1,1,1,1,false,0,""
"Cutler Bay",FL,1,1,1,1,1,false,0,""
"Dania Beach",FL,1,1,1,1,1,false,0,""
"De Leon Springs",FL,1,1,1,1,1,false,0,""
"Debary",FL,3,2,2,3,1,false,0,""
"DeFuniak Springs",FL,1,1,1,1,1,false,0,""
"Deltona",FL,2,2,1,2,1,false,0,""
"Dunedin",FL,1,1,1,1,1,false,0,""
"Eastport",FL,1,1,1,1,1,false,0,""
"Florahome",FL,1,1,1,1,1,false,0,""
"FL",FL,1,1,1,1,1,false,0,""
"Fruit Cove",FL,1,1,1,1,1,false,0,""
"Gibsonton",FL,1,1,1,1,1,false,0,""
"Glen St Mary",FL,1,1,1,1,1,false,0,""
"Haines City",FL,1,1,1,1,1,false,0,""
"Hernando",FL,1,1,1,1,1,false,0,""
"High Springs",FL,1,1,1,1,1,false,0,""
"Hobe Sound",FL,1,1,1,1,1,false,0,""
"Holiday",FL,1,1,1,1,1,false,0,""
"Holmes Beach",FL,1,1,1,1,1,false,0,""
"Homosassa",FL,1,1,1,1,1,false,0,""
"Indialantic",FL,1,1,1,1,1,false,0,""
"Indian Harbour Beach",FL,1,1,1,1,1,false,0,""
"Inverness",FL,1,1,1,1,1,false,0,""
"Jacksonville Beach",FL,1,1,1,1,1,false,0,""
"Key Colony Beach",FL,1,1,1,1,1,false,0,""
"Kingsley Lake",FL,1,1,1,1,1,false,0,""
"Labelle",FL,1,1,1,1,1,false,0,""
"Lake Asbury",FL,1,1,1,1,1,false,0,""
"Lake Buena Vista",FL,1,1,1,1,1,false,0,""
"Lake City",FL,1,1,1,1,1,false,0,""
"Lake Mary",FL,1,1,1,1,1,false,0,""
"Lauderhill",FL,1,1,1,1,1,false,0,""
"Lighthouse Point",FL,1,1,1,1,1,false,0,""
"Live Oak",FL,1,1,1,1,1,false,0,""
"Long Key",FL,1,1,1,1,1,false,0,""
"Longboat Key",FL,1,1,1,1,1,false,0,""
"Longwood",FL,1,1,1,1,1,false,0,""
"Lynn Haven",FL,1,1,1,1,1,false,0,""
"Macclenny",FL,1,1,1,1,1,false,0,""
"Marianna",FL,1,1,1,1,1,false,0,""
"Martisa Rd NW Fort Walton Beach",FL,1,1,1,1,1,false,0,""
"Miami Lakes",FL,1,1,1,1,1,false,0,""
"Miami Shores",FL,1,1,1,1,1,false,0,""
"Milton",FL,2,2,1,2,1,false,0,""
"Miramar",FL,1,1,1,1,1,false,0,""
"Monticello",FL,1,1,1,1,1,false,0,""
"Montverde",FL,1,1,1,1,1,false,0,""
"Mt Dora",FL,1,1,1,1,1,false,0,""
"Navarre",FL,1,1,1,1,1,false,0,""
"Neptune Beach",FL,1,1,1,1,1,false,0,""
"New Port Richey",FL,2,2,1,2,1,false,0,""
"North Miami",FL,1,1,1,1,1,false,0,""
"Osprey",FL,1,1,1,1,1,false,0,""
"Palm Springs",FL,1,1,1,1,1,false,0,""
"Parrish",FL,1,1,1,1,1,false,0,""
"Patrick Space Force Base",FL,1,1,1,1,1,false,0,""
"Penney Farms",FL,1,1,1,1,1,false,0,""
"Perry",FL,2,1,2,2,1,false,0,""
"Pine Ridge",FL,1,1,1,1,1,false,0,""
"Pomona Park",FL,1,1,1,1,1,false,0,""
"Ponce Inlet",FL,1,1,1,1,1,false,0,""
"Port Richey",FL,2,2,1,2,1,false,0,""
"Reddick",FL,1,1,1,1,1,false,0,""
"River Ranch",FL,1,1,1,1,1,false,0,""
"Riviera Beach",FL,1,1,1,1,1,false,0,""
"Rotunda West",FL,1,1,1,1,1,false,0,""
"Royal Palm Beach",FL,1,1,1,1,1,false,0,""
"Ruskin",FL,1,1,1,1,1,false,0,""
"Safety Harbor",FL,1,1,1,1,1,false,0,""
"Saint Cloud",FL,1,1,1,1,1,false,0,""
"Salt Springs",FL,1,1,1,1,1,false,0,""
"San Antonio",FL,2,1,2,2,1,false,0,""
"San Mateo",FL,1,1,1,1,1,false,0,""
"Seffner",FL,1,1,1,1,1,false,0,""
"Siesta Key",FL,1,1,1,1,1,false,0,""
"South Daytona",FL,1,1,1,1,1,false,0,""
"St Augustine Beach",FL,1,1,1,1,1,false,0,""
"St Johns",FL,2,1,2,2,1,false,0,""
"St Pete Beach",FL,1,1,1,1,1,false,0,""
"Surfside",FL,1,1,1,1,1,false,0,""
"Suwannee",FL,1,1,1,1,1,false,0,""
"Tamarac",FL,1,1,1,1,1,false,0,""
"Tierra Verde",FL,1,1,1,1,1,false,0,""
"Viera Fl",FL,1,1,1,1,1,false,0,""
"Wauchula",FL,1,1,1,1,1,false,0,""
"Welaka",FL,1,1,1,1,1,false,0,""
"Williston",FL,1,1,1,1,1,false,0,""
"Wilton Manors",FL,1,1,1,1,1,false,0,""
"Wimauma",FL,1,1,1,1,1,false,0,""
"Winter Garden",FL,1,1,1,1,1,false,0,""
"Zellwood",FL,1,1,1,1,1,false,0,""
"Avondale",GA,1,1,1,1,1,false,0,""
"Bainbridge",GA,1,1,1,1,1,false,0,""
"Ball Ground",GA,1,1,1,1,1,false,0,""
"Baxley",GA,1,1,1,1,1,false,0,""
"Bethlehem",GA,1,1,1,1,1,false,0,""
"Between",GA,1,1,1,1,1,false,0,""
"Bonaire",GA,1,1,1,1,1,false,0,""
"Buchanan",GA,1,1,1,1,1,false,0,""
"Cairo",GA,1,1,1,1,1,false,0,""
"Calhoun",GA,2,2,1,2,1,false,0,""
"Clarkston",GA,1,1,1,1,1,false,0,""
"Clay St Hartwell",GA,1,1,1,1,1,false,0,""
"Clayton",GA,1,1,1,1,1,false,0,""
"Cleveland",GA,1,1,1,1,1,false,0,""
"Colquitt",GA,1,1,1,1,1,false,0,""
"Covington",GA,1,1,1,1,1,false,0,""
"Dahlonega",GA,1,1,1,1,1,false,0,""
"Dalton",GA,4,4,1,4,1,false,0,""
"Davisboro",GA,1,1,1,1,1,false,0,""
"Dawsonville",GA,1,1,1,1,1,false,0,""
"Doraville",GA,1,1,1,1,1,false,0,""
"Dunwoody",GA,1,1,1,1,1,false,0,""
"Euharlee",GA,1,1,1,1,1,false,0,""
"Fort Gordon",GA,1,1,1,1,1,false,0,""
"Franklin",GA,1,1,1,1,1,false,0,""
"Gray",GA,1,1,1,1,1,false,0,""
"Grayson",GA,1,1,1,1,1,false,0,""
"Grovetown",GA,1,1,1,1,1,false,0,""
"Hamilton",GA,1,1,1,1,1,false,0,""
"Hampton",GA,1,1,1,1,1,false,0,""
"Hapeville",GA,1,1,1,1,1,false,0,""
"Harris County",GA,1,1,1,1,1,false,0,""
"Helen",GA,1,1,1,1,1,false,0,""
"Jefferson",GA,1,1,1,1,1,false,0,""
"Kingsland",GA,1,1,1,1,1,false,0,""
"Lilburn",GA,1,1,1,1,1,false,0,""
"Lindale",GA,1,1,1,1,1,false,0,""
"Lithia Springs",GA,1,1,1,1,1,false,0,""
"Loganville-Gwinnett",GA,1,1,1,1,1,false,0,""
"Martinez",GA,1,1,1,1,1,false,0,""
"Moultrie",GA,1,1,1,1,1,false,0,""
"Perry",GA,1,1,1,1,1,false,0,""
"Reynolds",GA,1,1,1,1,1,false,0,""
"Robins AFB",GA,1,1,1,1,1,false,0,""
"Rock Spring",GA,1,1,1,1,1,false,0,""
"Rockmart",GA,1,1,1,1,1,false,0,""
"Rydal",GA,1,1,1,1,1,false,0,""
"Sky Valley",GA,2,2,1,2,1,false,0,""
"St. Marys",GA,1,1,1,1,1,false,0,""
"Suwanee",GA,1,1,1,1,1,false,0,""
"Tallapoosa",GA,1,1,1,1,1,false,0,""
"Temple",GA,1,1,1,1,1,false,0,""
"Thomson",GA,1,1,1,1,1,false,0,""
"Tiger",GA,1,1,1,1,1,false,0,""
"Trion",GA,1,1,1,1,1,false,0,""
"Tyrone",GA,1,1,1,1,1,false,0,""
"Vidalia",GA,1,1,1,1,1,false,0,""
"Waco",GA,1,1,1,1,1,false,0,""
"Waleska",GA,1,1,1,1,1,false,0,""
"Waycross",GA,1,1,1,1,1,false,0,""
"Waynesboro",GA,1,1,1,1,1,false,0,""
"White",GA,1,1,1,1,1,false,0,""
"Winterville",GA,1,1,1,1,1,false,0,""
"Young Harris",GA,1,1,1,1,1,false,0,""
"a",HI,1,1,1,1,1,false,0,""
"Captain Cook",HI,1,1,1,1,1,false,0,""
"Hanalei",HI,1,1,1,1,1,false,0,""
"Hanapepe",HI,1,1,1,1,1,false,0,""
"Hawaii Kai",HI,2,1,2,2,1,false,0,""
"Honokaa",HI,1,1,1,1,1,false,0,""
"Honomu",HI,1,1,1,1,1,false,0,""
"Kaaawa",HI,1,1,1,1,1,false,0,""
"Kahuku",HI,1,1,1,1,1,false,0,""
"Kahului",HI,1,1,1,1,1,false,0,""
"Kamuela",HI,1,1,1,1,1,false,0,""
"Kapaau",HI,1,1,1,1,1,false,0,""
"Kauai",HI,1,1,1,1,1,false,0,""
"Kaunakakai",HI,1,1,1,1,1,false,0,""
"Keaau",HI,1,1,1,1,1,false,0,""
"Kehei",HI,1,1,1,1,1,false,0,""
"Kekaha",HI,1,1,1,1,1,false,0,""
"Kilauea",HI,1,1,1,1,1,false,0,""
"Kukio",HI,1,1,1,1,1,false,0,""
"Laupahoehoe",HI,1,1,1,1,1,false,0,""
"Napili",HI,1,1,1,1,1,false,0,""
"ohe",HI,1,1,1,1,1,false,0,""
"Paia",HI,1,1,1,1,1,false,0,""
"Papaaloa",HI,1,1,1,1,1,false,0,""
"Papaikou",HI,1,1,1,1,1,false,0,""
"Sunset Beach",HI,1,1,1,1,1,false,0,""
"Waikoloa",HI,1,1,1,1,1,false,0,""
"Agency",IA,1,1,1,1,1,false,0,""
"Anamosa",IA,1,1,1,1,1,false,0,""
"Arnolds Park",IA,1,1,1,1,1,false,0,""
"Asbury",IA,1,1,1,1,1,false,0,""
"Belle Plaine",IA,1,1,1,1,1,false,0,""
"Belmond",IA,1,1,1,1,1,false,0,""
"Bloomfield",IA,1,1,1,1,1,false,0,""
"Bondurant",IA,1,1,1,1,1,false,0,""
"Boyden",IA,1,1,1,1,1,false,0,""
"Brooklyn",IA,1,1,1,1,1,false,0,""
"Calmar",IA,1,1,1,1,1,false,0,""
"Centerville",IA,1,1,1,1,1,false,0,""
"Conrad",IA,1,1,1,1,1,false,0,""
"Correctionville",IA,1,1,1,1,1,false,0,""
"Dallas Center",IA,1,1,1,1,1,false,0,""
"Durant",IA,1,1,1,1,1,false,0,""
"Ellston",IA,1,1,1,1,1,false,0,""
"Estherville",IA,1,1,1,1,1,false,0,""
"Fairfax",IA,1,1,1,1,1,false,0,""
"Floyd",IA,1,1,1,1,1,false,0,""
"Forest City",IA,2,2,1,2,1,false,0,""
"Fort Madison",IA,1,1,1,1,1,false,0,""
"Germantown",IA,1,1,1,1,1,false,0,""
"Gilbert",IA,1,1,1,1,1,false,0,""
"Gilbertville",IA,1,1,1,1,1,false,0,""
"Granville",IA,1,1,1,1,1,false,0,""
"Grimes",IA,2,1,2,2,1,false,0,""
"Grundy Center",IA,1,1,1,1,1,false,0,""
"Hills",IA,1,1,1,1,1,false,0,""
"Hull",IA,1,1,1,1,1,false,0,""
"Humboldt",IA,1,1,1,1,1,false,0,""
"Ireton",IA,1,1,1,1,1,false,0,""
"Johnson",IA,1,1,1,1,1,false,0,""
"Kingsley",IA,1,1,1,1,1,false,0,""
"Knoxville",IA,1,1,1,1,1,false,0,""
"La Porte City",IA,1,1,1,1,1,false,0,""
"Lake Mills",IA,1,1,1,1,1,false,0,""
"Lake Park",IA,1,1,1,1,1,false,0,""
"Le Claire",IA,1,1,1,1,1,false,0,""
"LeClaire",IA,1,1,1,1,1,false,0,""
"Madrid",IA,1,1,1,1,1,false,0,""
"Manning",IA,1,1,1,1,1,false,0,""
"Monticello",IA,1,1,1,1,1,false,0,""
"Moravia",IA,1,1,1,1,1,false,0,""
"Moville",IA,1,1,1,1,1,false,0,""
"Mt Vernon",IA,1,1,1,1,1,false,0,""
"Mt. Pleasant",IA,1,1,1,1,1,false,0,""
"Nashua",IA,1,1,1,1,1,false,0,""
"Nora Springs",IA,1,1,1,1,1,false,0,""
"Northwood",IA,1,1,1,1,1,false,0,""
"Omaha",IA,1,1,1,1,1,false,0,""
"Packwood",IA,1,1,1,1,1,false,0,""
"Paton",IA,1,1,1,1,1,false,0,""
"Perry",IA,1,1,1,1,1,false,0,""
"Polk City",IA,1,1,1,1,1,false,0,""
"Preston",IA,1,1,1,1,1,false,0,""
"Remsen",IA,1,1,1,1,1,false,0,""
"Rock Falls",IA,1,1,1,1,1,false,0,""
"Salix",IA,1,1,1,1,1,false,0,""
"Scranton",IA,1,1,1,1,1,false,0,""
"Shenandoah",IA,1,1,1,1,1,false,0,""
"Sigourney",IA,1,1,1,1,1,false,0,""
"Storm Lake",IA,1,1,1,1,1,false,0,""
"Story City",IA,1,1,1,1,1,false,0,""
"Strawberry Point",IA,1,1,1,1,1,false,0,""
"Tiffin",IA,1,1,1,1,1,false,0,""
"W. Burlington Ave.  Fairfield",IA,1,1,1,1,1,false,0,""
"Waukon",IA,1,1,1,1,1,false,0,""
"West Branch",IA,1,1,1,1,1,false,0,""
"Williamsburg",IA,1,1,1,1,1,false,0,""
"Windsor Heights",IA,1,1,1,1,1,false,0,""
"Boise Idaho",ID,1,1,1,1,1,false,0,""
"Burley",ID,1,1,1,1,1,false,0,""
"Chubbuck",ID,1,1,1,1,1,false,0,""
"Clark Fork",ID,1,1,1,1,1,false,0,""
"Coolin",ID,1,1,1,1,1,false,0,""
"Filer",ID,1,1,1,1,1,false,0,""
"Fruitland",ID,1,1,1,1,1,false,0,""
"Garden Valley",ID,1,1,1,1,1,false,0,""
"Harrison",ID,1,1,1,1,1,false,0,""
"Hayden Lake",ID,1,1,1,1,1,false,0,""
"Hayden",ID,1,1,1,1,1,false,0,""
"Hope",ID,1,1,1,1,1,false,0,""
"Jerome",ID,1,1,1,1,1,false,0,""
"Lewiston",ID,1,1,1,1,1,false,0,""
"Melba",ID,1,1,1,1,1,false,0,""
"Parma",ID,1,1,1,1,1,false,0,""
"Payette",ID,1,1,1,1,1,false,0,""
"Ponderay",ID,1,1,1,1,1,false,0,""
"Priest Lake",ID,1,1,1,1,1,false,0,""
"Priest River",ID,1,1,1,1,1,false,0,""
"Stanley",ID,1,1,1,1,1,false,0,""
"Victor",ID,1,1,1,1,1,false,0,""
"Addison Ave Franklin Park",IL,1,1,1,1,1,false,0,""
"Addison",IL,1,1,1,1,1,false,0,""
"Aledo",IL,1,1,1,1,1,false,0,""
"Annawan",IL,1,1,1,1,1,false,0,""
"Argenta",IL,1,1,1,1,1,false,0,""
"Auburn",IL,1,1,1,1,1,false,0,""
"Barrington",IL,1,1,1,1,1,false,0,""
"Batavia",IL,1,1,1,1,1,false,0,""
"Bethalto",IL,1,1,1,1,1,false,0,""
"Bloomingdale",IL,1,1,1,1,1,false,0,""
"Bolingbrook",IL,1,1,1,1,1,false,0,""
"Cambridge",IL,1,1,1,1,1,false,0,""
"Canton",IL,1,1,1,1,1,false,0,""
"Carterville",IL,1,1,1,1,1,false,0,""
"Carthage",IL,1,1,1,1,1,false,0,""
"Channahon",IL,1,1,1,1,1,false,0,""
"Chatham",IL,1,1,1,1,1,false,0,""
"Cherry Valley",IL,1,1,1,1,1,false,0,""
"Chillicothe",IL,2,1,2,2,1,false,0,""
"Collinsville",IL,1,1,1,1,1,false,0,""
"Crest Hill",IL,1,1,1,1,1,false,0,""
"Crete",IL,1,1,1,1,1,false,0,""
"Crystal Lake",IL,1,1,1,1,1,false,0,""
"Damiansville",IL,1,1,1,1,1,false,0,""
"Davis",IL,1,1,1,1,1,false,0,""
"Deerfield",IL,1,1,1,1,1,false,0,""
"Downers Grove",IL,1,1,1,1,1,false,0,""
"Du Quoin",IL,1,1,1,1,1,false,0,""
"Dunlap",IL,1,1,1,1,1,false,0,""
"Dupo",IL,1,1,1,1,1,false,0,""
"Durand",IL,1,1,1,1,1,false,0,""
"E Peoria",IL,1,1,1,1,1,false,0,""
"East Alton",IL,1,1,1,1,1,false,0,""
"Effingham",IL,1,1,1,1,1,false,0,""
"Elburn",IL,1,1,1,1,1,false,0,""
"Eldorado",IL,1,1,1,1,1,false,0,""
"Elmwood",IL,1,1,1,1,1,false,0,""
"Fairbury",IL,1,1,1,1,1,false,0,""
"Fairfield",IL,1,1,1,1,1,false,0,""
"Forest Park",IL,1,1,1,1,1,false,0,""
"Forsyth",IL,1,1,1,1,1,false,0,""
"Franklin Park",IL,1,1,1,1,1,false,0,""
"Geneva",IL,1,1,1,1,1,false,0,""
"Godfrey",IL,1,1,1,1,1,false,0,""
"Goreville",IL,1,1,1,1,1,false,0,""
"Granite City",IL,1,1,1,1,1,false,0,""
"Greenville",IL,2,1,2,2,1,false,0,""
"Hampshire",IL,1,1,1,1,1,false,0,""
"Hanna City",IL,1,1,1,1,1,false,0,""
"Hanover Park",IL,1,1,1,1,1,false,0,""
"Harristown",IL,1,1,1,1,1,false,0,""
"Hartford",IL,1,1,1,1,1,false,0,""
"Havana",IL,1,1,1,1,1,false,0,""
"Herrin",IL,1,1,1,1,1,false,0,""
"Highland Park",IL,2,2,1,2,1,false,0,""
"Hillsboro",IL,2,1,2,2,1,false,0,""
"Hillsdale",IL,1,1,1,1,1,false,0,""
"Homer Glen",IL,2,1,2,2,1,false,0,""
"Homewood",IL,2,2,1,2,1,false,0,""
"Illinois",IL,1,1,1,1,1,false,0,""
"Jerseyville",IL,1,1,1,1,1,false,0,""
"Kewanee",IL,1,1,1,1,1,false,0,""
"Kildeer",IL,2,2,1,2,1,false,0,""
"Lake Barrington",IL,1,1,1,1,1,false,0,""
"Lake Bluff",IL,1,1,1,1,1,false,0,""
"Lake Forest",IL,2,1,2,2,1,false,0,""
"Lake Zurich",IL,1,1,1,1,1,false,0,""
"Lanark",IL,1,1,1,1,1,false,0,""
"Lansing",IL,2,1,2,2,1,false,0,""
"Lebanon",IL,1,1,1,1,1,false,0,""
"Leroy",IL,1,1,1,1,1,false,0,""
"Lincoln",IL,1,1,1,1,1,false,0,""
"Lisle",IL,1,1,1,1,1,false,0,""
"Lyndon",IL,1,1,1,1,1,false,0,""
"Mackinaw",IL,1,1,1,1,1,false,0,""
"Macomb",IL,1,1,1,1,1,false,0,""
"Mahomet",IL,1,1,1,1,1,false,0,""
"Manteno",IL,1,1,1,1,1,false,0,""
"Mapleton",IL,1,1,1,1,1,false,0,""
"Maryville",IL,1,1,1,1,1,false,0,""
"Matteson",IL,1,1,1,1,1,false,0,""
"Mendota",IL,1,1,1,1,1,false,0,""
"Millstadt",IL,1,1,1,1,1,false,0,""
"Monroe Center",IL,1,1,1,1,1,false,0,""
"Monticello",IL,1,1,1,1,1,false,0,""
"Morris",IL,1,1,1,1,1,false,0,""
"Mount Carroll",IL,1,1,1,1,1,false,0,""
"Mount Morris",IL,1,1,1,1,1,false,0,""
"Mt Carroll",IL,1,1,1,1,1,false,0,""
"Mt. Prospect",IL,1,1,1,1,1,false,0,""
"New Athens",IL,1,1,1,1,1,false,0,""
"North Aurora",IL,1,1,1,1,1,false,0,""
"Northfield",IL,1,1,1,1,1,false,0,""
"Oak Forest",IL,1,1,1,1,1,false,0,""
"Oak Park",IL,1,1,1,1,1,false,0,""
"Olney",IL,1,1,1,1,1,false,0,""
"Orland Hills",IL,1,1,1,1,1,false,0,""
"Oswego",IL,1,1,1,1,1,false,0,""
"Park Forest",IL,1,1,1,1,1,false,0,""
"Pekin",IL,1,1,1,1,1,false,0,""
"Pinckneyville",IL,1,1,1,1,1,false,0,""
"Pittsfield",IL,1,1,1,1,1,false,0,""
"Port Byron",IL,1,1,1,1,1,false,0,""
"Prophetstown",IL,1,1,1,1,1,false,0,""
"Prospect Heights",IL,1,1,1,1,1,false,0,""
"Raleigh",IL,1,1,1,1,1,false,0,""
"Rantoul",IL,1,1,1,1,1,false,0,""
"Red Bud",IL,2,1,2,2,1,false,0,""
"Riverton",IL,1,1,1,1,1,false,0,""
"ROANOKE",IL,1,1,1,1,1,false,0,""
"Robinson",IL,1,1,1,1,1,false,0,""
"Rock Falls",IL,1,1,1,1,1,false,0,""
"Rolling Meadows",IL,1,1,1,1,1,false,0,""
"Rosemont",IL,1,1,1,1,1,false,0,""
"Rushville",IL,1,1,1,1,1,false,0,""
"Saint Charles",IL,2,2,1,2,1,false,0,""
"Scott AFB",IL,1,1,1,1,1,false,0,""
"Shelbyville",IL,1,1,1,1,1,false,0,""
"Sherrard",IL,1,1,1,1,1,false,0,""
"Shiloh",IL,1,1,1,1,1,false,0,""
"Silvis",IL,2,1,2,2,1,false,0,""
"South Beloit",IL,1,1,1,1,1,false,0,""
"South Holland",IL,1,1,1,1,1,false,0,""
"St. Charles",IL,1,1,1,1,1,false,0,""
"Stockton",IL,1,1,1,1,1,false,0,""
"Streamwood",IL,1,1,1,1,1,false,0,""
"Streator",IL,1,1,1,1,1,false,0,""
"Tolono",IL,1,1,1,1,1,false,0,""
"Union",IL,1,1,1,1,1,false,0,""
"Vandalia",IL,1,1,1,1,1,false,0,""
"Washburn",IL,1,1,1,1,1,false,0,""
"West Chicago",IL,1,1,1,1,1,false,0,""
"Western Springs",IL,2,1,2,2,1,false,0,""
"Wheaton",IL,1,1,1,1,1,false,0,""
"Williamsville",IL,1,1,1,1,1,false,0,""
"Winnetka",IL,1,1,1,1,1,false,0,""
"Winthrop Harbor",IL,1,1,1,1,1,false,0,""
"Wood Dale",IL,1,1,1,1,1,false,0,""
"Angola",IN,1,1,1,1,1,false,0,""
"Argos",IN,1,1,1,1,1,false,0,""
"Auburn",IN,1,1,1,1,1,false,0,""
"Batesville",IN,2,1,2,2,1,false,0,""
"Bluffton",IN,3,1,3,3,1,false,0,""
"Brazil",IN,1,1,1,1,1,false,0,""
"Bright",IN,1,1,1,1,1,false,0,""
"Bristol",IN,1,1,1,1,1,false,0,""
"Brookville",IN,1,1,1,1,1,false,0,""
"Cayuga",IN,1,1,1,1,1,false,0,""
"Centerville",IN,1,1,1,1,1,false,0,""
"Chesterton",IN,1,1,1,1,1,false,0,""
"Clarksville",IN,1,1,1,1,1,false,0,""
"Crawfordsville",IN,1,1,1,1,1,false,0,""
"Cumberland",IN,1,1,1,1,1,false,0,""
"Dale",IN,1,1,1,1,1,false,0,""
"Daleville",IN,1,1,1,1,1,false,0,""
"Dyer",IN,1,1,1,1,1,false,0,""
"Ellettsville",IN,1,1,1,1,1,false,0,""
"Elwood",IN,1,1,1,1,1,false,0,""
"Fortville",IN,1,1,1,1,1,false,0,""
"Garrett",IN,1,1,1,1,1,false,0,""
"Granger",IN,1,1,1,1,1,false,0,""
"Greencastle",IN,1,1,1,1,1,false,0,""
"Greendale",IN,1,1,1,1,1,false,0,""
"Greensburg",IN,1,1,1,1,1,false,0,""
"Griffith",IN,1,1,1,1,1,false,0,""
"Hamilton",IN,1,1,1,1,1,false,0,""
"Hammond",IN,1,1,1,1,1,false,0,""
"Harlan",IN,1,1,1,1,1,false,0,""
"Huntington",IN,1,1,1,1,1,false,0,""
"Indiana",IN,1,1,1,1,1,false,0,""
"Knox",IN,1,1,1,1,1,false,0,""
"La Porte",IN,2,2,1,2,1,false,0,""
"Lagrange",IN,1,1,1,1,1,false,0,""
"Lamar",IN,1,1,1,1,1,false,0,""
"Lapaz",IN,1,1,1,1,1,false,0,""
"McCordsville",IN,1,1,1,1,1,false,0,""
"Michigan City",IN,1,1,1,1,1,false,0,""
"Monticello",IN,1,1,1,1,1,false,0,""
"Muncie",IN,1,1,1,1,1,false,0,""
"Munster",IN,2,1,2,2,1,false,0,""
"Nashville",IN,1,1,1,1,1,false,0,""
"New Castle",IN,2,1,2,2,1,false,0,""
"New Haven",IN,1,1,1,1,1,false,0,""
"New Palestine",IN,1,1,1,1,1,false,0,""
"Newburgh",IN,1,1,1,1,1,false,0,""
"Newcastle",IN,1,1,1,1,1,false,0,""
"North Judson",IN,1,1,1,1,1,false,0,""
"North Webster",IN,1,1,1,1,1,false,0,""
"Palmyra",IN,1,1,1,1,1,false,0,""
"Pendleton",IN,1,1,1,1,1,false,0,""
"Peru",IN,1,1,1,1,1,false,0,""
"Portage",IN,1,1,1,1,1,false,0,""
"Portland",IN,1,1,1,1,1,false,0,""
"Richmond",IN,2,1,2,2,1,false,0,""
"Rochester",IN,1,1,1,1,1,false,0,""
"Rockport",IN,1,1,1,1,1,false,0,""
"Santa Claus",IN,1,1,1,1,1,false,0,""
"Schererville",IN,1,1,1,1,1,false,0,""
"Sellersburg",IN,1,1,1,1,1,false,0,""
"Shelbyville",IN,1,1,1,1,1,false,0,""
"St. Meinrad",IN,1,1,1,1,1,false,0,""
"Syracuse",IN,1,1,1,1,1,false,0,""
"Tipton",IN,1,1,1,1,1,false,0,""
"Vincennes",IN,2,1,2,2,1,false,0,""
"Walkerton",IN,1,1,1,1,1,false,0,""
"Warren",IN,1,1,1,1,1,false,0,""
"Whiting",IN,1,1,1,1,1,false,0,""
"Woodburn",IN,1,1,1,1,1,false,0,""
"Yorktown",IN,1,1,1,1,1,false,0,""
"Alta Vista",KS,1,1,1,1,1,false,0,""
"Bonner Springs",KS,1,1,1,1,1,false,0,""
"Burlington",KS,1,1,1,1,1,false,0,""
"Chapman",KS,1,1,1,1,1,false,0,""
"Cheney",KS,1,1,1,1,1,false,0,""
"Clearwater",KS,1,1,1,1,1,false,0,""
"Coffeyville",KS,1,1,1,1,1,false,0,""
"Colwich",KS,1,1,1,1,1,false,0,""
"Council Grove",KS,1,1,1,1,1,false,0,""
"DeSoto",KS,1,1,1,1,1,false,0,""
"Fairway",KS,1,1,1,1,1,false,0,""
"Fort Leavenworth",KS,1,1,1,1,1,false,0,""
"Garden Plain",KS,1,1,1,1,1,false,0,""
"Glasco",KS,1,1,1,1,1,false,0,""
"Halstead",KS,1,1,1,1,1,false,0,""
"Harper",KS,1,1,1,1,1,false,0,""
"Hesston",KS,1,1,1,1,1,false,0,""
"Hutchinson",KS,1,1,1,1,1,false,0,""
"Independence",KS,1,1,1,1,1,false,0,""
"Iola",KS,1,1,1,1,1,false,0,""
"Junction City",KS,1,1,1,1,1,false,0,""
"Leavenworth",KS,2,2,1,2,1,false,0,""
"Maize",KS,1,1,1,1,1,false,0,""
"Manhattan",KS,1,1,1,1,1,false,0,""
"Marion",KS,1,1,1,1,1,false,0,""
"Mcpherson",KS,1,1,1,1,1,false,0,""
"Mission",KS,1,1,1,1,1,false,0,""
"New Century",KS,1,1,1,1,1,false,0,""
"Ottawa",KS,1,1,1,1,1,false,0,""
"Park City",KS,1,1,1,1,1,false,0,""
"Pittsburg",KS,1,1,1,1,1,false,0,""
"Prairie View",KS,1,1,1,1,1,false,0,""
"Prairie Village",KS,1,1,1,1,1,false,0,""
"Pratt",KS,1,1,1,1,1,false,0,""
"Seneca",KS,1,1,1,1,1,false,0,""
"Stockton",KS,1,1,1,1,1,false,0,""
"TONGANOXIE",KS,1,1,1,1,1,false,0,""
"Wamego",KS,1,1,1,1,1,false,0,""
"Wellington",KS,1,1,1,1,1,false,0,""
"Alvaton",KY,1,1,1,1,1,false,0,""
"Augusta",KY,1,1,1,1,1,false,0,""
"Beaver Dam",KY,1,1,1,1,1,false,0,""
"Bellevue",KY,1,1,1,1,1,false,0,""
"Bronston",KY,2,1,2,2,1,false,0,""
"Brooksville",KY,1,1,1,1,1,false,0,""
"Campbellsville",KY,1,1,1,1,1,false,0,""
"Cold Spring",KY,2,2,1,2,1,false,0,""
"Crestview Hills",KY,2,2,1,2,1,false,0,""
"Dry Ridge",KY,1,1,1,1,1,false,0,""
"Eddyville",KY,1,1,1,1,1,false,0,""
"Erlanger",KY,2,1,2,2,1,false,0,""
"Fort Thomas",KY,1,1,1,1,1,false,0,""
"Ft Wright",KY,1,1,1,1,1,false,0,""
"Gilbertsville",KY,1,1,1,1,1,false,0,""
"Highland Heights",KY,1,1,1,1,1,false,0,""
"Hodgenville",KY,1,1,1,1,1,false,0,""
"Independence",KY,2,1,2,2,1,false,0,""
"Jamestown",KY,1,1,1,1,1,false,0,""
"La Grange",KY,1,1,1,1,1,false,0,""
"Lawrenceburg",KY,1,1,1,1,1,false,0,""
"London",KY,1,1,1,1,1,false,0,""
"Louisa",KY,2,2,1,2,1,false,0,""
"Madisonville",KY,1,1,1,1,1,false,0,""
"Marion",KY,1,1,1,1,1,false,0,""
"Midway",KY,1,1,1,1,1,false,0,""
"Morganfield",KY,1,1,1,1,1,false,0,""
"Murray",KY,1,1,1,1,1,false,0,""
"Pikeville",KY,1,1,1,1,1,false,0,""
"Prospect",KY,1,1,1,1,1,false,0,""
"Richmond",KY,1,1,1,1,1,false,0,""
"Russellville",KY,1,1,1,1,1,false,0,""
"Shelbyville",KY,1,1,1,1,1,false,0,""
"Versailles",KY,1,1,1,1,1,false,0,""
"Wickliffe",KY,1,1,1,1,1,false,0,""
"Winchester",KY,1,1,1,1,1,false,0,""
"Amite",LA,1,1,1,1,1,false,0,""
"Ball",LA,1,1,1,1,1,false,0,""
"Bayou Vista",LA,1,1,1,1,1,false,0,""
"Breaux Bridge",LA,1,1,1,1,1,false,0,""
"Chalmette",LA,1,1,1,1,1,false,0,""
"Choudrant",LA,1,1,1,1,1,false,0,""
"Covington",LA,1,1,1,1,1,false,0,""
"Crowley",LA,1,1,1,1,1,false,0,""
"DeRidder",LA,1,1,1,1,1,false,0,""
"Franklin",LA,1,1,1,1,1,false,0,""
"Gretna",LA,1,1,1,1,1,false,0,""
"Harahan",LA,1,1,1,1,1,false,0,""
"Jefferson",LA,1,1,1,1,1,false,0,""
"Jennings",LA,1,1,1,1,1,false,0,""
"Keithville",LA,1,1,1,1,1,false,0,""
"Lacombe",LA,1,1,1,1,1,false,0,""
"Lydia",LA,1,1,1,1,1,false,0,""
"MARRERO",LA,1,1,1,1,1,false,0,""
"Moss Bluff",LA,1,1,1,1,1,false,0,""
"Natchitoches",LA,2,1,2,2,1,false,0,""
"Port Allen",LA,1,1,1,1,1,false,0,""
"Prairieville",LA,1,1,1,1,1,false,0,""
"Ruston",LA,1,1,1,1,1,false,0,""
"Scott",LA,1,1,1,1,1,false,0,""
"St. Francisville",LA,1,1,1,1,1,false,0,""
"Walker",LA,1,1,1,1,1,false,0,""
"Abington",MA,1,1,1,1,1,false,0,""
"Amesbury",MA,1,1,1,1,1,false,0,""
"Amherst",MA,2,2,1,2,1,false,0,""
"Ashburnham",MA,1,1,1,1,1,false,0,""
"Barre",MA,1,1,1,1,1,false,0,""
"Berlin",MA,1,1,1,1,1,false,0,""
"Bolton",MA,1,1,1,1,1,false,0,""
"Boxborough",MA,1,1,1,1,1,false,0,""
"Boylston",MA,2,2,1,2,1,false,0,""
"Braintree",MA,1,1,1,1,1,false,0,""
"Bridgewater",MA,1,1,1,1,1,false,0,""
"Charlemont",MA,1,1,1,1,1,false,0,""
"Charlestown",MA,1,1,1,1,1,false,0,""
"Chesnut Hill",MA,1,1,1,1,1,false,0,""
"Conway",MA,1,1,1,1,1,false,0,""
"Cotuit",MA,1,1,1,1,1,false,0,""
"Dalton",MA,1,1,1,1,1,false,0,""
"Dedham",MA,1,1,1,1,1,false,0,""
"Dennis Port",MA,1,1,1,1,1,false,0,""
"Dorchester",MA,1,1,1,1,1,false,0,""
"Douglas",MA,1,1,1,1,1,false,0,""
"Dracut",MA,1,1,1,1,1,false,0,""
"East Bridgewater",MA,1,1,1,1,1,false,0,""
"Easthampton",MA,1,1,1,1,1,false,0,""
"Egremont",MA,1,1,1,1,1,false,0,""
"Everett",MA,1,1,1,1,1,false,0,""
"Falmouth",MA,1,1,1,1,1,false,0,""
"Forestdale",MA,1,1,1,1,1,false,0,""
"Framingham",MA,1,1,1,1,1,false,0,""
"Georgetown",MA,2,2,1,2,1,false,0,""
"Gloucester",MA,2,2,1,2,1,false,0,""
"Great Barrington",MA,1,1,1,1,1,false,0,""
"Groton",MA,1,1,1,1,1,false,0,""
"Hamilton",MA,2,1,2,2,1,false,0,""
"Harvard",MA,1,1,1,1,1,false,0,""
"Harwich",MA,1,1,1,1,1,false,0,""
"Heath",MA,1,1,1,1,1,false,0,""
"Holland",MA,1,1,1,1,1,false,0,""
"Holliston",MA,1,1,1,1,1,false,0,""
"Hopkinton",MA,1,1,1,1,1,false,0,""
"Hudson",MA,2,1,2,2,1,false,0,""
"Huntington",MA,1,1,1,1,1,false,0,""
"Jamaica Plain Boston",MA,1,1,1,1,1,false,0,""
"Jamaica Plain",MA,1,1,1,1,1,false,0,""
"Jefferson",MA,1,1,1,1,1,false,0,""
"Lakeville",MA,1,1,1,1,1,false,0,""
"Lancaster",MA,2,1,2,2,1,false,0,""
"Lenox",MA,1,1,1,1,1,false,0,""
"Littleton",MA,1,1,1,1,1,false,0,""
"Lynnfield",MA,1,1,1,1,1,false,0,""
"Manchester-by-the-Sea",MA,1,1,1,1,1,false,0,""
"Manchester",MA,1,1,1,1,1,false,0,""
"Marston Mills",MA,1,1,1,1,1,false,0,""
"Mattapoisett",MA,1,1,1,1,1,false,0,""
"Maynard",MA,1,1,1,1,1,false,0,""
"Medfield",MA,2,1,1,2,1,false,0,""
"Medway",MA,1,1,1,1,1,false,0,""
"Middleton",MA,1,1,1,1,1,false,0,""
"Millbury",MA,1,1,1,1,1,false,0,""
"Millis",MA,1,1,1,1,1,false,0,""
"Milton",MA,1,1,1,1,1,false,0,""
"Monument Beach",MA,1,1,1,1,1,false,0,""
"N Oxford",MA,1,1,1,1,1,false,0,""
"Nahant",MA,1,1,1,1,1,false,0,""
"Newbury",MA,1,1,1,1,1,false,0,""
"Newton Center",MA,1,1,1,1,1,false,0,""
"Newton Upper Falls",MA,1,1,1,1,1,false,0,""
"North Adams",MA,1,1,1,1,1,false,0,""
"North Chatham",MA,1,1,1,1,1,false,0,""
"North Chelmsford",MA,1,1,1,1,1,false,0,""
"Northampton",MA,2,2,1,2,1,false,0,""
"Norwell",MA,1,1,1,1,1,false,0,""
"Norwood",MA,1,1,1,1,1,false,0,""
"Onset",MA,1,1,1,1,1,false,0,""
"Orange",MA,1,1,1,1,1,false,0,""
"Osterville",MA,1,1,1,1,1,false,0,""
"Oxford",MA,1,1,1,1,1,false,0,""
"Pembroke",MA,1,1,1,1,1,false,0,""
"Pocasset",MA,1,1,1,1,1,false,0,""
"Princeton",MA,1,1,1,1,1,false,0,""
"Randolph",MA,1,1,1,1,1,false,0,""
"Rockland",MA,1,1,1,1,1,false,0,""
"Rutland",MA,1,1,1,1,1,false,0,""
"S. Hamilton",MA,1,1,1,1,1,false,0,""
"Salisbury",MA,1,1,1,1,1,false,0,""
"Sandwich",MA,1,1,1,1,1,false,0,""
"Scituate",MA,1,1,1,1,1,false,0,""
"Sherborn",MA,1,1,1,1,1,false,0,""
"So. Yarmouth",MA,1,1,1,1,1,false,0,""
"South Deerfield",MA,1,1,1,1,1,false,0,""
"South Hadley",MA,1,1,1,1,1,false,0,""
"South Hamilton",MA,1,1,1,1,1,false,0,""
"Southampton",MA,1,1,1,1,1,false,0,""
"Southborough",MA,1,1,1,1,1,false,0,""
"Spencer",MA,1,1,1,1,1,false,0,""
"Stoneham",MA,1,1,1,1,1,false,0,""
"Stow",MA,1,1,1,1,1,false,0,""
"Sudbury",MA,1,1,1,1,1,false,0,""
"Sutton",MA,1,1,1,1,1,false,0,""
"Swansea",MA,1,1,1,1,1,false,0,""
"Taunton",MA,1,1,1,1,1,false,0,""
"Tolland",MA,1,1,1,1,1,false,0,""
"Tyngsboro",MA,1,1,1,1,1,false,0,""
"Vineyard Haven",MA,1,1,1,1,1,false,0,""
"Watertown",MA,1,1,1,1,1,false,0,""
"West Barnstable",MA,1,1,1,1,1,false,0,""
"West Brookfield",MA,1,1,1,1,1,false,0,""
"West Dennis",MA,1,1,1,1,1,false,0,""
"West Falmouth",MA,1,1,1,1,1,false,0,""
"West Newbury",MA,1,1,1,1,1,false,0,""
"West Newton",MA,1,1,1,1,1,false,0,""
"West Peabody",MA,1,1,1,1,1,false,0,""
"West Springfield",MA,1,1,1,1,1,false,0,""
"West Yarmouth",MA,1,1,1,1,1,false,0,""
"Westhampton",MA,1,1,1,1,1,false,0,""
"Weston",MA,1,1,1,1,1,false,0,""
"Westport",MA,1,1,1,1,1,false,0,""
"Westwood",MA,1,1,1,1,1,false,0,""
"Wilbraham",MA,1,1,1,1,1,false,0,""
"Wilmington",MA,1,1,1,1,1,false,0,""
"Belair",MD,1,1,1,1,1,false,0,""
"Berlin",MD,1,1,1,1,1,false,0,""
"Bivalve",MD,1,1,1,1,1,false,0,""
"Boyds",MD,1,1,1,1,1,false,0,""
"Brunswick",MD,2,1,2,2,1,false,0,""
"Cabin John",MD,1,1,1,1,1,false,0,""
"Capitol Heights",MD,1,1,1,1,1,false,0,""
"Centreville",MD,1,1,1,1,1,false,0,""
"Cheverly",MD,1,1,1,1,1,false,0,""
"Coastal Highway Ocean City",MD,1,1,1,1,1,false,0,""
"Cockeysville",MD,2,2,1,2,1,false,0,""
"Cresaptown",MD,1,1,1,1,1,false,0,""
"Crownsville",MD,1,1,1,1,1,false,0,""
"Darlington",MD,1,1,1,1,1,false,0,""
"Denton",MD,1,1,1,1,1,false,0,""
"Dunkirk",MD,1,1,1,1,1,false,0,""
"Edgewood",MD,1,1,1,1,1,false,0,""
"Elkridge",MD,1,1,1,1,1,false,0,""
"Ellicott  City",MD,1,1,1,1,1,false,0,""
"Emmitsburg",MD,1,1,1,1,1,false,0,""
"Fallston",MD,1,1,1,1,1,false,0,""
"Fort Ritchie",MD,1,1,1,1,1,false,0,""
"Freeland",MD,1,1,1,1,1,false,0,""
"Fruitland",MD,1,1,1,1,1,false,0,""
"GIbson Island",MD,1,1,1,1,1,false,0,""
"Glenarden",MD,1,1,1,1,1,false,0,""
"Glenn Dale",MD,1,1,1,1,1,false,0,""
"Grasonville",MD,1,1,1,1,1,false,0,""
"Great Mills",MD,1,1,1,1,1,false,0,""
"Greenbelt",MD,1,1,1,1,1,false,0,""
"Hagerstown md",MD,1,1,1,1,1,false,0,""
"Hampstead",MD,1,1,1,1,1,false,0,""
"Highland",MD,2,2,1,2,1,false,0,""
"Hurlock",MD,1,1,1,1,1,false,0,""
"Ijamsville",MD,1,1,1,1,1,false,0,""
"Kensington",MD,1,1,1,1,1,false,0,""
"La Vale",MD,1,1,1,1,1,false,0,""
"Laurel Hill",MD,1,1,1,1,1,false,0,""
"Leonardtown",MD,1,1,1,1,1,false,0,""
"Lexington Park",MD,1,1,1,1,1,false,0,""
"Lusby",MD,2,1,2,2,1,false,0,""
"Marriottsville",MD,1,1,1,1,1,false,0,""
"Mechanicsville",MD,1,1,1,1,1,false,0,""
"Mitchellville",MD,1,1,1,1,1,false,0,""
"Mount Airy",MD,1,1,1,1,1,false,0,""
"Myersville",MD,1,1,1,1,1,false,0,""
"North Beach",MD,1,1,1,1,1,false,0,""
"North East",MD,1,1,1,1,1,false,0,""
"North Potomac",MD,1,1,1,1,1,false,0,""
"Nottingham",MD,1,1,1,1,1,false,0,""
"Odenton",MD,1,1,1,1,1,false,0,""
"Owings",MD,1,1,1,1,1,false,0,""
"Parkville",MD,2,2,1,2,1,false,0,""
"Perry Hall",MD,1,1,1,1,1,false,0,""
"Pikesville",MD,1,1,1,1,1,false,0,""
"Pocomoke City",MD,1,1,1,1,1,false,0,""
"Point of Rocks",MD,1,1,1,1,1,false,0,""
"Port Tobacco",MD,1,1,1,1,1,false,0,""
"Potomac",MD,1,1,1,1,1,false,0,""
"Prince Frederick",MD,2,1,2,2,1,false,0,""
"Rising Sun",MD,1,1,1,1,1,false,0,""
"Seat Pleasant",MD,1,1,1,1,1,false,0,""
"Sharptown",MD,1,1,1,1,1,false,0,""
"Silver Springs",MD,1,1,1,1,1,false,0,""
"Snow Hill",MD,1,1,1,1,1,false,0,""
"Spencerville",MD,1,1,1,1,1,false,0,""
"Springdale",MD,1,1,1,1,1,false,0,""
"St. Michaels",MD,1,1,1,1,1,false,0,""
"Stevensville MD -",MD,1,1,1,1,1,false,0,""
"Sunderland",MD,1,1,1,1,1,false,0,""
"Sykesville",MD,1,1,1,1,1,false,0,""
"Towson",MD,1,1,1,1,1,false,0,""
"Vienna",MD,1,1,1,1,1,false,0,""
"Walkersville",MD,1,1,1,1,1,false,0,""
"White Marsh",MD,2,2,1,2,1,false,0,""
"Williamsport",MD,1,1,1,1,1,false,0,""
"Woodbine",MD,1,1,1,1,1,false,0,""
"Worton",MD,1,1,1,1,1,false,0,""
"Abbot",ME,1,1,1,1,1,false,0,""
"Ashland",ME,1,1,1,1,1,false,0,""
"Bath",ME,1,1,1,1,1,false,0,""
"Bowdoinham",ME,1,1,1,1,1,false,0,""
"Bridgton",ME,1,1,1,1,1,false,0,""
"Carrabassett Valley",ME,1,1,1,1,1,false,0,""
"Chebeague Island",ME,1,1,1,1,1,false,0,""
"China",ME,1,1,1,1,1,false,0,""
"Cumberland Center",ME,1,1,1,1,1,false,0,""
"Cumberland",ME,1,1,1,1,1,false,0,""
"Damariscotta",ME,1,1,1,1,1,false,0,""
"Dover Foxcroft",ME,1,1,1,1,1,false,0,""
"Dover-Foxcroft",ME,1,1,1,1,1,false,0,""
"Dresden",ME,1,1,1,1,1,false,0,""
"Eastport",ME,1,1,1,1,1,false,0,""
"Eliot",ME,1,1,1,1,1,false,0,""
"Fort Fairfield",ME,1,1,1,1,1,false,0,""
"Fort Kent",ME,1,1,1,1,1,false,0,""
"Frye Island",ME,1,1,1,1,1,false,0,""
"Gray",ME,1,1,1,1,1,false,0,""
"Guilford",ME,1,1,1,1,1,false,0,""
"Hope",ME,1,1,1,1,1,false,0,""
"Jefferson",ME,1,1,1,1,1,false,0,""
"Kennebunk",ME,1,1,1,1,1,false,0,""
"Kittery",ME,1,1,1,1,1,false,0,""
"Liberty",ME,1,1,1,1,1,false,0,""
"Livermore",ME,1,1,1,1,1,false,0,""
"Madawaska",ME,1,1,1,1,1,false,0,""
"Manchester",ME,1,1,1,1,1,false,0,""
"Mapleton",ME,1,1,1,1,1,false,0,""
"Monson",ME,1,1,1,1,1,false,0,""
"New Gloucester",ME,1,1,1,1,1,false,0,""
"Nobleboro",ME,1,1,1,1,1,false,0,""
"Norway",ME,1,1,1,1,1,false,0,""
"Oakland",ME,1,1,1,1,1,false,0,""
"Old Town",ME,1,1,1,1,1,false,0,""
"Oquossoc",ME,1,1,1,1,1,false,0,""
"Penobscot",ME,1,1,1,1,1,false,0,""
"Pittsfield",ME,1,1,1,1,1,false,0,""
"Poland",ME,1,1,1,1,1,false,0,""
"Pownal",ME,1,1,1,1,1,false,0,""
"Robbinston",ME,1,1,1,1,1,false,0,""
"Skowhegan",ME,1,1,1,1,1,false,0,""
"So.berwick",ME,1,1,1,1,1,false,0,""
"St David",ME,1,1,1,1,1,false,0,""
"St. George",ME,1,1,1,1,1,false,0,""
"Stonington",ME,1,1,1,1,1,false,0,""
"Swans Island",ME,1,1,1,1,1,false,0,""
"Tenants Harbor",ME,1,1,1,1,1,false,0,""
"Union",ME,1,1,1,1,1,false,0,""
"Van Buren",ME,1,1,1,1,1,false,0,""
"West Kennebunk",ME,1,1,1,1,1,false,0,""
"Windham",ME,1,1,1,1,1,false,0,""
"Winslow",ME,1,1,1,1,1,false,0,""
"Winthrop",ME,1,1,1,1,1,false,0,""
"Wiscasset",ME,1,1,1,1,1,false,0,""
"York",ME,1,1,1,1,1,false,0,""
"Acme",MI,1,1,1,1,1,false,0,""
"Ada",MI,1,1,1,1,1,false,0,""
"Albion",MI,1,1,1,1,1,false,0,""
"Alden",MI,1,1,1,1,1,false,0,""
"Allen Park",MI,1,1,1,1,1,false,0,""
"Allendale",MI,1,1,1,1,1,false,0,""
"Alma",MI,1,1,1,1,1,false,0,""
"Alpena",MI,1,1,1,1,1,false,0,""
"Arcadia",MI,1,1,1,1,1,false,0,""
"Auburn",MI,1,1,1,1,1,false,0,""
"Beaverton",MI,1,1,1,1,1,false,0,""
"Bellaire",MI,1,1,1,1,1,false,0,""
"Belmont",MI,1,1,1,1,1,false,0,""
"Beulah",MI,1,1,1,1,1,false,0,""
"Big Rapids",MI,1,1,1,1,1,false,0,""
"Bloomfield Township",MI,1,1,1,1,1,false,0,""
"Boyne City",MI,1,1,1,1,1,false,0,""
"Brooklyn",MI,2,1,2,2,1,false,0,""
"Buchanan",MI,1,1,1,1,1,false,0,""
"Canton",MI,3,2,1,3,1,false,0,""
"Caseville",MI,1,1,1,1,1,false,0,""
"Cass City",MI,1,1,1,1,1,false,0,""
"Cheboygan",MI,1,1,1,1,1,false,0,""
"Chesaning",MI,1,1,1,1,1,false,0,""
"Clare",MI,1,1,1,1,1,false,0,""
"Clinton Twp",MI,2,2,1,2,1,false,0,""
"Clio",MI,1,1,1,1,1,false,0,""
"Coloma",MI,1,1,1,1,1,false,0,""
"Commerce Township",MI,1,1,1,1,1,false,0,""
"Copemish",MI,1,1,1,1,1,false,0,""
"Crystal Falls",MI,1,1,1,1,1,false,0,""
"Davisburg",MI,1,1,1,1,1,false,0,""
"Dearborn",MI,1,1,1,1,1,false,0,""
"DeTour Village",MI,1,1,1,1,1,false,0,""
"Dewitt",MI,1,1,1,1,1,false,0,""
"Dexter",MI,1,1,1,1,1,false,0,""
"Douglas",MI,1,1,1,1,1,false,0,""
"East China",MI,1,1,1,1,1,false,0,""
"East Grand Rapids",MI,1,1,1,1,1,false,0,""
"East Tawas",MI,1,1,1,1,1,false,0,""
"Eaton Rapids",MI,1,1,1,1,1,false,0,""
"Edwardsburg",MI,1,1,1,1,1,false,0,""
"Empire",MI,1,1,1,1,1,false,0,""
"Fair Haven",MI,1,1,1,1,1,false,0,""
"Fairview",MI,1,1,1,1,1,false,0,""
"Fennville",MI,1,1,1,1,1,false,0,""
"Fenton",MI,1,1,1,1,1,false,0,""
"Fife Lake",MI,1,1,1,1,1,false,0,""
"Flat Rock",MI,1,1,1,1,1,false,0,""
"Flushing",MI,1,1,1,1,1,false,0,""
"Frankenmuth",MI,1,1,1,1,1,false,0,""
"Fraser",MI,2,2,1,2,1,false,0,""
"Freeland",MI,1,1,1,1,1,false,0,""
"Freesoil",MI,1,1,1,1,1,false,0,""
"Fremont",MI,1,1,1,1,1,false,0,""
"Glen Arbor",MI,1,1,1,1,1,false,0,""
"Grawn",MI,1,1,1,1,1,false,0,""
"Grayling",MI,1,1,1,1,1,false,0,""
"Grosse Ile",MI,1,1,1,1,1,false,0,""
"Grosse Pointe Farms",MI,1,1,1,1,1,false,0,""
"Grosse Pointe Park",MI,1,1,1,1,1,false,0,""
"Hale",MI,1,1,1,1,1,false,0,""
"Hamburg",MI,1,1,1,1,1,false,0,""
"Harbor Beach",MI,1,1,1,1,1,false,0,""
"Harrison Twp",MI,1,1,1,1,1,false,0,""
"Harrisville",MI,1,1,1,1,1,false,0,""
"Harsens Island",MI,1,1,1,1,1,false,0,""
"Hart",MI,1,1,1,1,1,false,0,""
"Hastings",MI,2,1,2,2,1,false,0,""
"Holly",MI,1,1,1,1,1,false,0,""
"Holt",MI,1,1,1,1,1,false,0,""
"Houghton Lake",MI,1,1,1,1,1,false,0,""
"Houghton",MI,1,1,1,1,1,false,0,""
"Huntington Woods",MI,1,1,1,1,1,false,0,""
"Imlay City",MI,1,1,1,1,1,false,0,""
"Interlochen",MI,2,1,2,2,1,false,0,""
"Kaleva",MI,1,1,1,1,1,false,0,""
"Lambertville",MI,1,1,1,1,1,false,0,""
"Lapeer",MI,1,1,1,1,1,false,0,""
"Leland",MI,1,1,1,1,1,false,0,""
"Lewiston",MI,1,1,1,1,1,false,0,""
"Lexington",MI,1,1,1,1,1,false,0,""
"Lincoln",MI,1,1,1,1,1,false,0,""
"Mackinac Island",MI,1,1,1,1,1,false,0,""
"Marysville",MI,1,1,1,1,1,false,0,""
"Mason",MI,1,1,1,1,1,false,0,""
"Mattawan",MI,1,1,1,1,1,false,0,""
"Menominee",MI,1,1,1,1,1,false,0,""
"Milford",MI,1,1,1,1,1,false,0,""
"Mount Clemens",MI,1,1,1,1,1,false,0,""
"Mount Pleasant",MI,1,1,1,1,1,false,0,""
"Mt. Pleasant",MI,1,1,1,1,1,false,0,""
"Muskegon  County",MI,1,1,1,1,1,false,0,""
"Nashville",MI,1,1,1,1,1,false,0,""
"Newaygo",MI,1,1,1,1,1,false,0,""
"Norton Shores",MI,1,1,1,1,1,false,0,""
"Novi",MI,2,1,2,2,1,false,0,""
"Oak Park",MI,1,1,1,1,1,false,0,""
"Ontonagon",MI,1,1,1,1,1,false,0,""
"Paw Paw",MI,1,1,1,1,1,false,0,""
"Pellston",MI,1,1,1,1,1,false,0,""
"Perry",MI,1,1,1,1,1,false,0,""
"Pigeon",MI,1,1,1,1,1,false,0,""
"Pinckney",MI,1,1,1,1,1,false,0,""
"Pinconning",MI,1,1,1,1,1,false,0,""
"Port Hope",MI,1,1,1,1,1,false,0,""
"Port Sanilac",MI,1,1,1,1,1,false,0,""
"Portland",MI,1,1,1,1,1,false,0,""
"Presque Isle",MI,1,1,1,1,1,false,0,""
"Prudenville",MI,1,1,1,1,1,false,0,""
"Roger City",MI,1,1,1,1,1,false,0,""
"Rogers City",MI,1,1,1,1,1,false,0,""
"Romulus",MI,1,1,1,1,1,false,0,""
"Roscommon",MI,1,1,1,1,1,false,0,""
"Saugatuck",MI,1,1,1,1,1,false,0,""
"Sault Ste. Marie",MI,1,1,1,1,1,false,0,""
"Scottville",MI,1,1,1,1,1,false,0,""
"Shelby Twp",MI,1,1,1,1,1,false,0,""
"Shields",MI,1,1,1,1,1,false,0,""
"Sidney",MI,1,1,1,1,1,false,0,""
"Southfield",MI,1,1,1,1,1,false,0,""
"St. Clair Shore",MI,1,1,1,1,1,false,0,""
"Stevensville",MI,1,1,1,1,1,false,0,""
"Sumner",MI,1,1,1,1,1,false,0,""
"Suttons Bay",MI,1,1,1,1,1,false,0,""
"Thompsonville",MI,1,1,1,1,1,false,0,""
"Traverse",MI,1,1,1,1,1,false,0,""
"Ubly",MI,1,1,1,1,1,false,0,""
"Vandalia",MI,1,1,1,1,1,false,0,""
"Walker",MI,1,1,1,1,1,false,0,""
"Warren",MI,1,1,1,1,1,false,0,""
"Washington",MI,1,1,1,1,1,false,0,""
"Wells",MI,1,1,1,1,1,false,0,""
"West Bloomfield",MI,2,1,2,2,1,false,0,""
"West Branch",MI,1,1,1,1,1,false,0,""
"West Olive",MI,1,1,1,1,1,false,0,""
"Westland",MI,2,1,2,2,1,false,0,""
"Williamsburg",MI,1,1,1,1,1,false,0,""
"Wyandotte",MI,1,1,1,1,1,false,0,""
"Albany",MN,2,1,2,2,1,false,0,""
"Albert Lea",MN,1,1,1,1,1,false,0,""
"Andover",MN,1,1,1,1,1,false,0,""
"Annandale",MN,1,1,1,1,1,false,0,""
"Apple Valley",MN,2,1,2,2,1,false,0,""
"Aurora",MN,1,1,1,1,1,false,0,""
"Avon",MN,1,1,1,1,1,false,0,""
"Becker",MN,1,1,1,1,1,false,0,""
"Belgrade",MN,1,1,1,1,1,false,0,""
"Bird Island",MN,1,1,1,1,1,false,0,""
"Blaine",MN,1,1,1,1,1,false,0,""
"Blue Earth",MN,1,1,1,1,1,false,0,""
"Breezy Point",MN,1,1,1,1,1,false,0,""
"Brooten",MN,1,1,1,1,1,false,0,""
"Brownton",MN,1,1,1,1,1,false,0,""
"Cambridge",MN,1,1,1,1,1,false,0,""
"Cass Lake",MN,1,1,1,1,1,false,0,""
"Champlin",MN,1,1,1,1,1,false,0,""
"Crookston",MN,1,1,1,1,1,false,0,""
"Dayton",MN,1,1,1,1,1,false,0,""
"East Grand Forks",MN,1,1,1,1,1,false,0,""
"East Gull Lake",MN,1,1,1,1,1,false,0,""
"Eden Valley",MN,1,1,1,1,1,false,0,""
"Edgerton",MN,1,1,1,1,1,false,0,""
"Elbow Lake",MN,1,1,1,1,1,false,0,""
"Emily",MN,1,1,1,1,1,false,0,""
"Excelsior",MN,1,1,1,1,1,false,0,""
"Faribault",MN,1,1,1,1,1,false,0,""
"Farmington",MN,1,1,1,1,1,false,0,""
"Fergus Falls",MN,1,1,1,1,1,false,0,""
"Fifty lakes",MN,1,1,1,1,1,false,0,""
"Fridley",MN,2,1,2,2,1,false,0,""
"Golden Valley",MN,3,1,1,3,1,false,0,""
"Goodview",MN,1,1,1,1,1,false,0,""
"Grand Marais",MN,1,1,1,1,1,false,0,""
"Grand Rapids",MN,1,1,1,1,1,false,0,""
"Ham Lake",MN,1,1,1,1,1,false,0,""
"Hardwick",MN,1,1,1,1,1,false,0,""
"Hinckley",MN,1,1,1,1,1,false,0,""
"Hoffman",MN,1,1,1,1,1,false,0,""
"Holdingford",MN,1,1,1,1,1,false,0,""
"Howard Lake",MN,1,1,1,1,1,false,0,""
"Ironton",MN,1,1,1,1,1,false,0,""
"Lake City",MN,1,1,1,1,1,false,0,""
"Lanesboro",MN,1,1,1,1,1,false,0,""
"Lent",MN,1,1,1,1,1,false,0,""
"Linstrom",MN,1,1,1,1,1,false,0,""
"Litchfield",MN,1,1,1,1,1,false,0,""
"Long Prairie",MN,1,1,1,1,1,false,0,""
"Longville",MN,1,1,1,1,1,false,0,""
"Maple Lake",MN,1,1,1,1,1,false,0,""
"Marshall",MN,1,1,1,1,1,false,0,""
"Mayer",MN,1,1,1,1,1,false,0,""
"Meire Grove",MN,1,1,1,1,1,false,0,""
"Menahga",MN,1,1,1,1,1,false,0,""
"Mendota Heights",MN,1,1,1,1,1,false,0,""
"Mentor",MN,1,1,1,1,1,false,0,""
"Milaca",MN,1,1,1,1,1,false,0,""
"Minnetrista",MN,1,1,1,1,1,false,0,""
"Monticello",MN,1,1,1,1,1,false,0,""
"Moose Lake",MN,1,1,1,1,1,false,0,""
"Nevis",MN,1,1,1,1,1,false,0,""
"New London",MN,1,1,1,1,1,false,0,""
"New Prague",MN,1,1,1,1,1,false,0,""
"New Ulm",MN,1,1,1,1,1,false,0,""
"Newport",MN,1,1,1,1,1,false,0,""
"Nisswa",MN,1,1,1,1,1,false,0,""
"North Branch",MN,1,1,1,1,1,false,0,""
"Oakdale",MN,1,1,1,1,1,false,0,""
"Ogilvie",MN,1,1,1,1,1,false,0,""
"Ortonville",MN,1,1,1,1,1,false,0,""
"Osakis",MN,1,1,1,1,1,false,0,""
"Paynesville",MN,1,1,1,1,1,false,0,""
"Randall",MN,1,1,1,1,1,false,0,""
"Redwood Falls",MN,1,1,1,1,1,false,0,""
"Richfield",MN,2,1,2,2,1,false,0,""
"Richmond",MN,1,1,1,1,1,false,0,""
"Robbinsdale",MN,1,1,1,1,1,false,0,""
"Rock Creek",MN,1,1,1,1,1,false,0,""
"Roseau",MN,1,1,1,1,1,false,0,""
"Saint Cloud",MN,1,1,1,1,1,false,0,""
"Saint Peter",MN,2,2,1,2,1,false,0,""
"Scandia",MN,1,1,1,1,1,false,0,""
"Silver Bay",MN,1,1,1,1,1,false,0,""
"St Cloud",MN,1,1,1,1,1,false,0,""
"St James",MN,1,1,1,1,1,false,0,""
"St. Louis Park",MN,1,1,1,1,1,false,0,""
"St. Michael",MN,1,1,1,1,1,false,0,""
"Stacy",MN,1,1,1,1,1,false,0,""
"Starbuck",MN,1,1,1,1,1,false,0,""
"Upsala",MN,1,1,1,1,1,false,0,""
"Vadnais Heights",MN,1,1,1,1,1,false,0,""
"Vergas",MN,1,1,1,1,1,false,0,""
"Vermillion",MN,1,1,1,1,1,false,0,""
"Victoria",MN,1,1,1,1,1,false,0,""
"Virginia",MN,1,1,1,1,1,false,0,""
"Watertown",MN,1,1,1,1,1,false,0,""
"Waverly",MN,1,1,1,1,1,false,0,""
"Wayzata",MN,1,1,1,1,1,false,0,""
"White Bear Lake",MN,1,1,1,1,1,false,0,""
"Winsted",MN,1,1,1,1,1,false,0,""
"Wykoff",MN,1,1,1,1,1,false,0,""
"Battlefield",MO,1,1,1,1,1,false,0,""
"Belton",MO,1,1,1,1,1,false,0,""
"Bevier",MO,1,1,1,1,1,false,0,""
"Bourbon",MO,1,1,1,1,1,false,0,""
"Cadet",MO,1,1,1,1,1,false,0,""
"Carthage",MO,1,1,1,1,1,false,0,""
"Centralia",MO,1,1,1,1,1,false,0,""
"Chaffee",MO,1,1,1,1,1,false,0,""
"Clayton",MO,1,1,1,1,1,false,0,""
"Cottleville",MO,1,1,1,1,1,false,0,""
"Crystal City",MO,1,1,1,1,1,false,0,""
"Des Peres",MO,1,1,1,1,1,false,0,""
"Doniphan",MO,1,1,1,1,1,false,0,""
"Eagle Rock",MO,1,1,1,1,1,false,0,""
"Frontenac",MO,1,1,1,1,1,false,0,""
"Gladstone",MO,1,1,1,1,1,false,0,""
"Golden",MO,1,1,1,1,1,false,0,""
"Grain Valley",MO,1,1,1,1,1,false,0,""
"Grandview",MO,2,2,1,2,1,false,0,""
"Gravois Mills",MO,1,1,1,1,1,false,0,""
"Green Ridge",MO,1,1,1,1,1,false,0,""
"Hazelwood",MO,1,1,1,1,1,false,0,""
"Hermann",MO,1,1,1,1,1,false,0,""
"High Ridge",MO,1,1,1,1,1,false,0,""
"Imperial",MO,1,1,1,1,1,false,0,""
"Kearney",MO,1,1,1,1,1,false,0,""
"Lake Saint Louis",MO,1,1,1,1,1,false,0,""
"Lee's Summit",MO,2,2,1,2,1,false,0,""
"Lemay Township",MO,1,1,1,1,1,false,0,""
"Liberty",MO,1,1,1,1,1,false,0,""
"Loose Creek",MO,1,1,1,1,1,false,0,""
"Marionville",MO,2,1,2,2,1,false,0,""
"Maryville",MO,1,1,1,1,1,false,0,""
"Mexico",MO,1,1,1,1,1,false,0,""
"Monett",MO,1,1,1,1,1,false,0,""
"Mountain View",MO,2,1,2,2,1,false,0,""
"Mt. Vernon",MO,1,1,1,1,1,false,0,""
"New Haven",MO,1,1,1,1,1,false,0,""
"Overland",MO,1,1,1,1,1,false,0,""
"Ozark",MO,1,1,1,1,1,false,0,""
"Palmyra",MO,1,1,1,1,1,false,0,""
"Patton",MO,1,1,1,1,1,false,0,""
"Peters",MO,1,1,1,1,1,false,0,""
"Richland",MO,1,1,1,1,1,false,0,""
"Richmond Heights",MO,2,1,2,2,1,false,0,""
"Riverside",MO,2,1,2,2,1,false,0,""
"Saint Charles",MO,1,1,1,1,1,false,0,""
"St Charles",MO,1,1,1,1,1,false,0,""
"St Joseph",MO,1,1,1,1,1,false,0,""
"St Peters",MO,1,1,1,1,1,false,0,""
"St. Louis Park",MO,1,1,1,1,1,false,0,""
"Steelville",MO,1,1,1,1,1,false,0,""
"Sugar Creek",MO,1,1,1,1,1,false,0,""
"Sullivan",MO,1,1,1,1,1,false,0,""
"Sunrise Beach",MO,1,1,1,1,1,false,0,""
"Thayer",MO,1,1,1,1,1,false,0,""
"Union",MO,1,1,1,1,1,false,0,""
"Walnut Shade",MO,1,1,1,1,1,false,0,""
"Warrensburg",MO,2,2,1,2,1,false,0,""
"Waynesville",MO,1,1,1,1,1,false,0,""
"Weldon Spring",MO,1,1,1,1,1,false,0,""
"Weston",MO,1,1,1,1,1,false,0,""
"Wildwood",MO,1,1,1,1,1,false,0,""
"Willow Springs",MO,1,1,1,1,1,false,0,""
"Wright city",MO,1,1,1,1,1,false,0,""
"Capital Hill",MP,1,1,1,1,1,false,0,""
"Chalan Kiya",MP,1,1,1,1,1,false,0,""
"Saipan",MP,1,1,1,1,1,false,0,""
"Brandon",MS,1,1,1,1,1,false,0,""
"Cleveland",MS,1,1,1,1,1,false,0,""
"Clinton",MS,1,1,1,1,1,false,0,""
"Corinth",MS,1,1,1,1,1,false,0,""
"Ellisville",MS,1,1,1,1,1,false,0,""
"Greenville",MS,1,1,1,1,1,false,0,""
"Laurel",MS,1,1,1,1,1,false,0,""
"Madison",MS,1,1,1,1,1,false,0,""
"Mccomb",MS,1,1,1,1,1,false,0,""
"Picayune",MS,1,1,1,1,1,false,0,""
"Starkville",MS,3,3,1,3,1,false,0,""
"Wiggins",MS,1,1,1,1,1,false,0,""
"Big Arm",MT,1,1,1,1,1,false,0,""
"Bridger",MT,1,1,1,1,1,false,0,""
"Columbia Falls",MT,1,1,1,1,1,false,0,""
"Dillon",MT,1,1,1,1,1,false,0,""
"Ennis",MT,1,1,1,1,1,false,0,""
"Florence",MT,1,1,1,1,1,false,0,""
"Gallatin Gateway",MT,1,1,1,1,1,false,0,""
"Joplin",MT,1,1,1,1,1,false,0,""
"Lakeside",MT,1,1,1,1,1,false,0,""
"Libby",MT,1,1,1,1,1,false,0,""
"Livingston",MT,1,1,1,1,1,false,0,""
"Proctor",MT,1,1,1,1,1,false,0,""
"Thompson Falls",MT,1,1,1,1,1,false,0,""
"Ahoskie",NC,1,1,1,1,1,false,0,""
"Arapahoe",NC,1,1,1,1,1,false,0,""
"Archdale",NC,2,1,2,2,1,false,0,""
"Avon",NC,1,1,1,1,1,false,0,""
"Balsam",NC,1,1,1,1,1,false,0,""
"Barco",NC,1,1,1,1,1,false,0,""
"Beaufort",NC,1,1,1,1,1,false,0,""
"Belhaven",NC,1,1,1,1,1,false,0,""
"Brasstown",NC,1,1,1,1,1,false,0,""
"Burnsville",NC,1,1,1,1,1,false,0,""
"Buxton",NC,1,1,1,1,1,false,0,""
"Calabash",NC,1,1,1,1,1,false,0,""
"Cameron",NC,1,1,1,1,1,false,0,""
"Carrboro",NC,2,1,2,2,1,false,0,""
"Carthage",NC,1,1,1,1,1,false,0,""
"Castle Hayne",NC,1,1,1,1,1,false,0,""
"Corolla",NC,1,1,1,1,1,false,0,""
"Creedmoor",NC,1,1,1,1,1,false,0,""
"Eastover",NC,1,1,1,1,1,false,0,""
"Emerald Isle",NC,1,1,1,1,1,false,0,""
"Etowah",NC,1,1,1,1,1,false,0,""
"Fuquay varina",NC,1,1,1,1,1,false,0,""
"Fuquay-Varina",NC,2,2,1,2,1,false,0,""
"Gibsonville",NC,1,1,1,1,1,false,0,""
"Granite Falls",NC,1,1,1,1,1,false,0,""
"Harrisburg",NC,1,1,1,1,1,false,0,""
"Hayesville",NC,1,1,1,1,1,false,0,""
"Henderson",NC,1,1,1,1,1,false,0,""
"Highlands",NC,1,1,1,1,1,false,0,""
"Holbrooks Rd",NC,1,1,1,1,1,false,0,""
"Jackson Springs",NC,1,1,1,1,1,false,0,""
"Jamestown",NC,1,1,1,1,1,false,0,""
"Jefferson",NC,1,1,1,1,1,false,0,""
"Kannapolis",NC,1,1,1,1,1,false,0,""
"Kings Mountain",NC,1,1,1,1,1,false,0,""
"King",NC,1,1,1,1,1,false,0,""
"Knightdale",NC,1,1,1,1,1,false,0,""
"Laurinburg",NC,1,1,1,1,1,false,0,""
"Lenoir",NC,1,1,1,1,1,false,0,""
"Madison",NC,1,1,1,1,1,false,0,""
"Manteo",NC,1,1,1,1,1,false,0,""
"Mars Hill",NC,1,1,1,1,1,false,0,""
"Marvin",NC,1,1,1,1,1,false,0,""
"Mills River",NC,1,1,1,1,1,false,0,""
"Montreat",NC,1,1,1,1,1,false,0,""
"Mount Gilead",NC,1,1,1,1,1,false,0,""
"Mount Holly",NC,1,1,1,1,1,false,0,""
"Mt Holly",NC,1,1,1,1,1,false,0,""
"Nags Head",NC,1,1,1,1,1,false,0,""
"Nashville",NC,1,1,1,1,1,false,0,""
"NE, Bolivia",NC,1,1,1,1,1,false,0,""
"Newport",NC,1,1,1,1,1,false,0,""
"Newton",NC,1,1,1,1,1,false,0,""
"North Topsail",NC,1,1,1,1,1,false,0,""
"North Wilkesboro",NC,3,2,2,3,1,false,0,""
"Oriental",NC,1,1,1,1,1,false,0,""
"Oxford",NC,1,1,1,1,1,false,0,""
"Pembroke",NC,1,1,1,1,1,false,0,""
"Pine Hall",NC,1,1,1,1,1,false,0,""
"Pineville",NC,1,1,1,1,1,false,0,""
"Pisgah Forest",NC,1,1,1,1,1,false,0,""
"Saluda",NC,1,1,1,1,1,false,0,""
"Sherrills Ford",NC,1,1,1,1,1,false,0,""
"Sneads Ferry",NC,1,1,1,1,1,false,0,""
"Southern Shores",NC,1,1,1,1,1,false,0,""
"Spruce Pine",NC,1,1,1,1,1,false,0,""
"Stallings",NC,1,1,1,1,1,false,0,""
"Stanley",NC,1,1,1,1,1,false,0,""
"Stoneville",NC,1,1,1,1,1,false,0,""
"Sugar Mountain",NC,1,1,1,1,1,false,0,""
"Summerfield",NC,1,1,1,1,1,false,0,""
"Sunset Beach",NC,1,1,1,1,1,false,0,""
"Supply",NC,1,1,1,1,1,false,0,""
"Swannanoa",NC,1,1,1,1,1,false,0,""
"Swansboro",NC,1,1,1,1,1,false,0,""
"Thomasville",NC,1,1,1,1,1,false,0,""
"Topsail Beach",NC,1,1,1,1,1,false,0,""
"Trent Woods",NC,1,1,1,1,1,false,0,""
"Troutman",NC,1,1,1,1,1,false,0,""
"Troy",NC,1,1,1,1,1,false,0,""
"Tryon",NC,1,1,1,1,1,false,0,""
"Valdese",NC,1,1,1,1,1,false,0,""
"Vanceboro",NC,1,1,1,1,1,false,0,""
"Verhoeff Drive",NC,1,1,1,1,1,false,0,""
"Wanchese",NC,1,1,1,1,1,false,0,""
"Weaverville",NC,2,2,1,2,1,false,0,""
"Weddington",NC,1,1,1,1,1,false,0,""
"West End",NC,1,1,1,1,1,false,0,""
"Wilson",NC,1,1,1,1,1,false,0,""
"wrightsville beach",NC,1,1,1,1,1,false,0,""
"Yadkinville",NC,1,1,1,1,1,false,0,""
"Yanceyville",NC,1,1,1,1,1,false,0,""
"Youngsville",NC,1,1,1,1,1,false,0,""
"Zebulon",NC,1,1,1,1,1,false,0,""
"Zirconia",NC,1,1,1,1,1,false,0,""
"Bottineau",ND,1,1,1,1,1,false,0,""
"Carson",ND,1,1,1,1,1,false,0,""
"Dickinson",ND,1,1,1,1,1,false,0,""
"Fargo, ND, fargo",ND,1,1,1,1,1,false,0,""
"Horace",ND,1,1,1,1,1,false,0,""
"Jamestown",ND,1,1,1,1,1,false,0,""
"Kulm",ND,1,1,1,1,1,false,0,""
"Mcville",ND,1,1,1,1,1,false,0,""
"Valley City",ND,1,1,1,1,1,false,0,""
"Alliance",NE,1,1,1,1,1,false,0,""
"Ashland",NE,1,1,1,1,1,false,0,""
"Auburn",NE,1,1,1,1,1,false,0,""
"Brule",NE,1,1,1,1,1,false,0,""
"Cairo",NE,1,1,1,1,1,false,0,""
"central City",NE,1,1,1,1,1,false,0,""
"Ewing",NE,1,1,1,1,1,false,0,""
"Freemont",NE,1,1,1,1,1,false,0,""
"Fremont",NE,1,1,1,1,1,false,0,""
"Friend",NE,1,1,1,1,1,false,0,""
"Grant",NE,1,1,1,1,1,false,0,""
"Gretna",NE,1,1,1,1,1,false,0,""
"Hebron",NE,1,1,1,1,1,false,0,""
"Hickman",NE,1,1,1,1,1,false,0,""
"La Vista",NE,1,1,1,1,1,false,0,""
"LaVista",NE,1,1,1,1,1,false,0,""
"Lexington",NE,1,1,1,1,1,false,0,""
"Lincon",NE,1,1,1,1,1,false,0,""
"Malmo",NE,1,1,1,1,1,false,0,""
"Ogallala",NE,1,1,1,1,1,false,0,""
"Roca",NE,1,1,1,1,1,false,0,""
"Waverly",NE,1,1,1,1,1,false,0,""
"Yutan",NE,1,1,1,1,1,false,0,""
"Amherst",NH,1,1,1,1,1,false,0,""
"Antrim",NH,1,1,1,1,1,false,0,""
"Bartlett",NH,1,1,1,1,1,false,0,""
"Bedford",NH,1,1,1,1,1,false,0,""
"Berlin",NH,1,1,1,1,1,false,0,""
"Bethlehem",NH,1,1,1,1,1,false,0,""
"Bristol",NH,1,1,1,1,1,false,0,""
"Center Conway",NH,1,1,1,1,1,false,0,""
"Chesterfield",NH,1,1,1,1,1,false,0,""
"Colebrook",NH,1,1,1,1,1,false,0,""
"Deerfield",NH,1,1,1,1,1,false,0,""
"Fitzwilliam",NH,1,1,1,1,1,false,0,""
"Francestown",NH,1,1,1,1,1,false,0,""
"Franconia",NH,1,1,1,1,1,false,0,""
"Gilford",NH,1,1,1,1,1,false,0,""
"Glen",NH,1,1,1,1,1,false,0,""
"Gorham",NH,1,1,1,1,1,false,0,""
"Greenland",NH,1,1,1,1,1,false,0,""
"Hampton",NH,1,1,1,1,1,false,0,""
"Hillsborough",NH,1,1,1,1,1,false,0,""
"Hudson",NH,1,1,1,1,1,false,0,""
"Jaffrey",NH,1,1,1,1,1,false,0,""
"Lancaster",NH,1,1,1,1,1,false,0,""
"Lisbon",NH,1,1,1,1,1,false,0,""
"Littleton",NH,1,1,1,1,1,false,0,""
"Merrimack",NH,1,1,1,1,1,false,0,""
"Milford",NH,1,1,1,1,1,false,0,""
"Newbury",NH,1,1,1,1,1,false,0,""
"Newport",NH,1,1,1,1,1,false,0,""
"North Hampton",NH,1,1,1,1,1,false,0,""
"Nottingham",NH,1,1,1,1,1,false,0,""
"Penacook",NH,1,1,1,1,1,false,0,""
"Piermont",NH,1,1,1,1,1,false,0,""
"Plaistow",NH,1,1,1,1,1,false,0,""
"Plymouth",NH,1,1,1,1,1,false,0,""
"Rochester",NH,1,1,1,1,1,false,0,""
"Rumney",NH,1,1,1,1,1,false,0,""
"Salem",NH,1,1,1,1,1,false,0,""
"Springfield",NH,1,1,1,1,1,false,0,""
"Stratham",NH,1,1,1,1,1,false,0,""
"Swanzey",NH,1,1,1,1,1,false,0,""
"Tamworth",NH,1,1,1,1,1,false,0,""
"Thornton",NH,1,1,1,1,1,false,0,""
"Tuftonboro",NH,1,1,1,1,1,false,0,""
"Walpole",NH,1,1,1,1,1,false,0,""
"Washington",NH,1,1,1,1,1,false,0,""
"Waterville Valley",NH,1,1,1,1,1,false,0,""
"West Lebanon",NH,1,1,1,1,1,false,0,""
"Westmoreland",NH,1,1,1,1,1,false,0,""
"Wilton",NH,1,1,1,1,1,false,0,""
"Woodsville",NH,1,1,1,1,1,false,0,""
"Aberdeen",NJ,1,1,1,1,1,false,0,""
"Allendale",NJ,1,1,1,1,1,false,0,""
"Atlantic Highlands",NJ,1,1,1,1,1,false,0,""
"Bedminster Township",NJ,1,1,1,1,1,false,0,""
"Belvidere",NJ,1,1,1,1,1,false,0,""
"Bernardsville",NJ,1,1,1,1,1,false,0,""
"Boonton",NJ,1,1,1,1,1,false,0,""
"Bradley Beach",NJ,1,1,1,1,1,false,0,""
"Branchville",NJ,1,1,1,1,1,false,0,""
"Brant Beach",NJ,1,1,1,1,1,false,0,""
"Brielle",NJ,1,1,1,1,1,false,0,""
"Brigantine",NJ,1,1,1,1,1,false,0,""
"Budd Lake",NJ,1,1,1,1,1,false,0,""
"Burlington",NJ,1,1,1,1,1,false,0,""
"Byram",NJ,1,1,1,1,1,false,0,""
"Camden",NJ,3,2,2,3,1,false,0,""
"Clark",NJ,1,1,1,1,1,false,0,""
"Clementon",NJ,1,1,1,1,1,false,0,""
"Closter",NJ,1,1,1,1,1,false,0,""
"Cranford",NJ,1,1,1,1,1,false,0,""
"Denville",NJ,1,1,1,1,1,false,0,""
"Eatontown",NJ,1,1,1,1,1,false,0,""
"Edison",NJ,1,1,1,1,1,false,0,""
"Emerson",NJ,1,1,1,1,1,false,0,""
"Englewood",NJ,1,1,1,1,1,false,0,""
"Essex Fells",NJ,1,1,1,1,1,false,0,""
"Fair Haven",NJ,1,1,1,1,1,false,0,""
"Fairfield",NJ,2,2,1,2,1,false,0,""
"Fanwood",NJ,1,1,1,1,1,false,0,""
"Flanders",NJ,1,1,1,1,1,false,0,""
"Fort Lee",NJ,2,2,1,2,1,false,0,""
"Fredon",NJ,1,1,1,1,1,false,0,""
"Freehold",NJ,3,3,1,3,1,false,0,""
"Glassboro",NJ,2,2,1,2,1,false,0,""
"Glen Rock",NJ,1,1,1,1,1,false,0,""
"Haddonfield",NJ,1,1,1,1,1,false,0,""
"Hainesport",NJ,1,1,1,1,1,false,0,""
"Hamburg",NJ,1,1,1,1,1,false,0,""
"Hamilton Township",NJ,1,1,1,1,1,false,0,""
"Hamilton",NJ,2,2,1,2,1,false,0,""
"Hardyston",NJ,1,1,1,1,1,false,0,""
"Haworth",NJ,1,1,1,1,1,false,0,""
"Hawthorne",NJ,1,1,1,1,1,false,0,""
"Hazlet",NJ,1,1,1,1,1,false,0,""
"Highland Park",NJ,1,1,1,1,1,false,0,""
"Hillsborough Township",NJ,1,1,1,1,1,false,0,""
"Lanoka Harbor",NJ,1,1,1,1,1,false,0,""
"Lavallette",NJ,1,1,1,1,1,false,0,""
"Lawrence Township",NJ,1,1,1,1,1,false,0,""
"Lawrenceville",NJ,1,1,1,1,1,false,0,""
"Leonia",NJ,1,1,1,1,1,false,0,""
"Lincroft",NJ,1,1,1,1,1,false,0,""
"Little Falls",NJ,1,1,1,1,1,false,0,""
"Little Silver",NJ,1,1,1,1,1,false,0,""
"Long Beach Township",NJ,1,1,1,1,1,false,0,""
"Long Branch",NJ,1,1,1,1,1,false,0,""
"Manahawkin",NJ,1,1,1,1,1,false,0,""
"Manalapan",NJ,1,1,1,1,1,false,0,""
"Margate City",NJ,1,1,1,1,1,false,0,""
"Mays Landing",NJ,1,1,1,1,1,false,0,""
"Mendham Township",NJ,1,1,1,1,1,false,0,""
"Mendham",NJ,1,1,1,1,1,false,0,""
"Millville",NJ,1,1,1,1,1,false,0,""
"Monmouth Junction",NJ,1,1,1,1,1,false,0,""
"Monroe Township",NJ,2,1,2,2,1,false,0,""
"Monsey",NJ,1,1,1,1,1,false,0,""
"Montville",NJ,3,3,1,3,1,false,0,""
"Morris Township",NJ,1,1,1,1,1,false,0,""
"Mountain Lakes",NJ,1,1,1,1,1,false,0,""
"New Jersey",NJ,1,1,1,1,1,false,0,""
"Newark",NJ,1,1,1,1,1,false,0,""
"North Bergen",NJ,1,1,1,1,1,false,0,""
"Northvale",NJ,1,1,1,1,1,false,0,""
"Ocean City",NJ,1,1,1,1,1,false,0,""
"Ocean View",NJ,1,1,1,1,1,false,0,""
"Oceanport",NJ,1,1,1,1,1,false,0,""
"Pequannock",NJ,1,1,1,1,1,false,0,""
"Petersburg",NJ,1,1,1,1,1,false,0,""
"Princeton township",NJ,1,1,1,1,1,false,0,""
"Rahway",NJ,1,1,1,1,1,false,0,""
"Ridgefield Park",NJ,1,1,1,1,1,false,0,""
"Rio Grande",NJ,1,1,1,1,1,false,0,""
"Riverton",NJ,1,1,1,1,1,false,0,""
"Robbinsville",NJ,1,1,1,1,1,false,0,""
"Rockaway",NJ,1,1,1,1,1,false,0,""
"Roseland",NJ,1,1,1,1,1,false,0,""
"Rumson",NJ,1,1,1,1,1,false,0,""
"Secaucus",NJ,1,1,1,1,1,false,0,""
"Skillman",NJ,1,1,1,1,1,false,0,""
"Spring Lake Heights",NJ,1,1,1,1,1,false,0,""
"Springfield",NJ,1,1,1,1,1,false,0,""
"Stone Harbor",NJ,1,1,1,1,1,false,0,""
"Street, Plainfield",NJ,1,1,1,1,1,false,0,""
"Tenafly",NJ,1,1,1,1,1,false,0,""
"Township of Washington",NJ,1,1,1,1,1,false,0,""
"Tuckahoe",NJ,1,1,1,1,1,false,0,""
"Ventnor City",NJ,2,2,1,2,1,false,0,""
"Villas",NJ,1,1,1,1,1,false,0,""
"Waldwick",NJ,1,1,1,1,1,false,0,""
"Wall Township",NJ,1,1,1,1,1,false,0,""
"Wantage",NJ,1,1,1,1,1,false,0,""
"Waretown",NJ,1,1,1,1,1,false,0,""
"Weehawken",NJ,1,1,1,1,1,false,0,""
"West Atlantic City",NJ,1,1,1,1,1,false,0,""
"West Orange",NJ,2,1,2,2,1,false,0,""
"Whitesboro",NJ,1,1,1,1,1,false,0,""
"Wildwood Crest",NJ,1,1,1,1,1,false,0,""
"Wildwood",NJ,1,1,1,1,1,false,0,""
"Williamstown",NJ,1,1,1,1,1,false,0,""
"Witherspoon Street Princeton",NJ,1,1,1,1,1,false,0,""
"Woodbury",NJ,1,1,1,1,1,false,0,""
"Woodcliff Lake",NJ,1,1,1,1,1,false,0,""
"Wyckoff",NJ,1,1,1,1,1,false,0,""
"Alto",NM,1,1,1,1,1,false,0,""
"Artesia",NM,1,1,1,1,1,false,0,""
"Aztec",NM,1,1,1,1,1,false,0,""
"Belen",NM,1,1,1,1,1,false,0,""
"Bernalillo",NM,1,1,1,1,1,false,0,""
"Bloomfield",NM,1,1,1,1,1,false,0,""
"Cannon AFB",NM,1,1,1,1,1,false,0,""
"Carrizozo",NM,1,1,1,1,1,false,0,""
"Hobbs",NM,1,1,1,1,1,false,0,""
"Las Vegas",NM,1,1,1,1,1,false,0,""
"Los Ojos",NM,1,1,1,1,1,false,0,""
"Los Ranchos",NM,1,1,1,1,1,false,0,""
"Mountainair",NM,1,1,1,1,1,false,0,""
"Portales",NM,1,1,1,1,1,false,0,""
"Raton",NM,1,1,1,1,1,false,0,""
"Rio Rancho",NM,1,1,1,1,1,false,0,""
"Santa Teresa",NM,1,1,1,1,1,false,0,""
"Tierra Amarilla",NM,1,1,1,1,1,false,0,""
"Carson City",NV,2,1,2,2,1,false,0,""
"Minden",NV,1,1,1,1,1,false,0,""
"Stateline",NV,1,1,1,1,1,false,0,""
"West Wendover",NV,1,1,1,1,1,false,0,""
"Winnemucca",NV,1,1,1,1,1,false,0,""
"Yerington",NV,1,1,1,1,1,false,0,""
"Accord",NY,1,1,1,1,1,false,0,""
"Akwesasne",NY,1,1,1,1,1,false,0,""
"Alexandria Bay",NY,1,1,1,1,1,false,0,""
"Altamont",NY,1,1,1,1,1,false,0,""
"Amenia",NY,1,1,1,1,1,false,0,""
"Amherst",NY,2,2,1,2,1,false,0,""
"Amityville",NY,1,1,1,1,1,false,0,""
"Andes",NY,1,1,1,1,1,false,0,""
"Ardsley",NY,1,1,1,1,1,false,0,""
"Armonk",NY,1,1,1,1,1,false,0,""
"Astoria",NY,1,1,1,1,1,false,0,""
"Babylon",NY,1,1,1,1,1,false,0,""
"Ballston Spa",NY,1,1,1,1,1,false,0,""
"Barrytown",NY,1,1,1,1,1,false,0,""
"Batavia",NY,2,1,2,2,1,false,0,""
"Bay Shore",NY,1,1,1,1,1,false,0,""
"Bearsville",NY,1,1,1,1,1,false,0,""
"Bedford",NY,1,1,1,1,1,false,0,""
"Bellport",NY,1,1,1,1,1,false,0,""
"Belmont",NY,1,1,1,1,1,false,0,""
"Bemus Point",NY,1,1,1,1,1,false,0,""
"Black River",NY,1,1,1,1,1,false,0,""
"Blasdell",NY,1,1,1,1,1,false,0,""
"Blue Mountain Lake",NY,1,1,1,1,1,false,0,""
"Brewerton",NY,1,1,1,1,1,false,0,""
"Briarcliff Manor",NY,1,1,1,1,1,false,0,""
"Bridgeport",NY,1,1,1,1,1,false,0,""
"Broadalbin",NY,1,1,1,1,1,false,0,""
"Brocton",NY,1,1,1,1,1,false,0,""
"Cadyville",NY,1,1,1,1,1,false,0,""
"Cambridge",NY,1,1,1,1,1,false,0,""
"Canaan",NY,1,1,1,1,1,false,0,""
"Cape Vincent",NY,1,1,1,1,1,false,0,""
"Caroga Lake",NY,1,1,1,1,1,false,0,""
"Cato",NY,1,1,1,1,1,false,0,""
"Centereach",NY,2,2,1,2,1,false,0,""
"Centerport",NY,1,1,1,1,1,false,0,""
"Chaffee",NY,1,1,1,1,1,false,0,""
"Champlain",NY,1,1,1,1,1,false,0,""
"Chateaugay",NY,1,1,1,1,1,false,0,""
"Cicero",NY,1,1,1,1,1,false,0,""
"Cincinnatus",NY,1,1,1,1,1,false,0,""
"Circleville",NY,1,1,1,1,1,false,0,""
"Clifton Springs",NY,1,1,1,1,1,false,0,""
"Clinton Corners",NY,1,1,1,1,1,false,0,""
"Clinton",NY,1,1,1,1,1,false,0,""
"Cohoes",NY,1,1,1,1,1,false,0,""
"Colonie",NY,1,1,1,1,1,false,0,""
"Colton",NY,1,1,1,1,1,false,0,""
"Commack",NY,2,2,1,2,1,false,0,""
"Congers",NY,1,1,1,1,1,false,0,""
"Copake",NY,1,1,1,1,1,false,0,""
"Cornwall",NY,1,1,1,1,1,false,0,""
"Cortlandt Manor",NY,1,1,1,1,1,false,0,""
"Coxsackie",NY,1,1,1,1,1,false,0,""
"Craryville",NY,1,1,1,1,1,false,0,""
"Delanson",NY,1,1,1,1,1,false,0,""
"Downsville",NY,1,1,1,1,1,false,0,""
"East Islip",NY,1,1,1,1,1,false,0,""
"East Meadow",NY,3,2,2,3,1,false,0,""
"East Nassau",NY,1,1,1,1,1,false,0,""
"East Northport",NY,2,1,2,2,1,false,0,""
"East Syracuse",NY,2,2,1,2,1,false,0,""
"Eastchester",NY,1,1,1,1,1,false,0,""
"Easthampton",NY,1,1,1,1,1,false,0,""
"Eden",NY,1,1,1,1,1,false,0,""
"Elma",NY,1,1,1,1,1,false,0,""
"Endwell",NY,1,1,1,1,1,false,0,""
"Fishers",NY,1,1,1,1,1,false,0,""
"Floral Park",NY,1,1,1,1,1,false,0,""
"Flushing",NY,1,1,1,1,1,false,0,""
"Forestville",NY,1,1,1,1,1,false,0,""
"Fort Edward",NY,1,1,1,1,1,false,0,""
"Freeport",NY,1,1,1,1,1,false,0,""
"Fulton",NY,1,1,1,1,1,false,0,""
"Garden City",NY,2,1,2,2,1,false,0,""
"Geneseo",NY,1,1,1,1,1,false,0,""
"Geneva",NY,1,1,1,1,1,false,0,""
"Getzville",NY,1,1,1,1,1,false,0,""
"Glenville",NY,1,1,1,1,1,false,0,""
"Gouverneur",NY,1,1,1,1,1,false,0,""
"Grand Island",NY,2,2,1,2,1,false,0,""
"Granville",NY,1,1,1,1,1,false,0,""
"Great Neck",NY,1,1,1,1,1,false,0,""
"Greenburgh",NY,1,1,1,1,1,false,0,""
"Greenville",NY,1,1,1,1,1,false,0,""
"Greenwich",NY,1,1,1,1,1,false,0,""
"Guilderland",NY,1,1,1,1,1,false,0,""
"Halfmoon",NY,1,1,1,1,1,false,0,""
"Hauppauge",NY,2,2,1,2,1,false,0,""
"Henderson",NY,1,1,1,1,1,false,0,""
"Hogansburg",NY,1,1,1,1,1,false,0,""
"Honeoye Falls",NY,1,1,1,1,1,false,0,""
"Hoosick",NY,1,1,1,1,1,false,0,""
"Horseheads",NY,1,1,1,1,1,false,0,""
"Huntington NY",NY,1,1,1,1,1,false,0,""
"Indian Lake",NY,2,2,1,2,1,false,0,""
"Irondequoit",NY,1,1,1,1,1,false,0,""
"Jackson Heights",NY,1,1,1,1,1,false,0,""
"Jamesport",NY,1,1,1,1,1,false,0,""
"Jefferson Valley",NY,1,1,1,1,1,false,0,""
"Jericho",NY,1,1,1,1,1,false,0,""
"Kings park",NY,1,1,1,1,1,false,0,""
"Kingston, NY",NY,1,1,1,1,1,false,0,""
"Kirkwood",NY,1,1,1,1,1,false,0,""
"Lake Ronkonkoma",NY,1,1,1,1,1,false,0,""
"Lakewood",NY,2,1,2,2,1,false,0,""
"Lancaster",NY,1,1,1,1,1,false,0,""
"Lansing",NY,1,1,1,1,1,false,0,""
"Lido Beach",NY,1,1,1,1,1,false,0,""
"Livonia",NY,1,1,1,1,1,false,0,""
"Long Beach",NY,1,1,1,1,1,false,0,""
"Long Island City",NY,2,2,1,2,1,false,0,""
"Long Island",NY,1,1,1,1,1,false,0,""
"Lyons",NY,1,1,1,1,1,false,0,""
"Macedon",NY,1,1,1,1,1,false,0,""
"Madrid",NY,1,1,1,1,1,false,0,""
"Mahopac",NY,1,1,1,1,1,false,0,""
"Manhasset",NY,1,1,1,1,1,false,0,""
"Manlius",NY,1,1,1,1,1,false,0,""
"Marcellus",NY,1,1,1,1,1,false,0,""
"Marcy",NY,1,1,1,1,1,false,0,""
"Marietta",NY,1,1,1,1,1,false,0,""
"Maspeth",NY,1,1,1,1,1,false,0,""
"Mastic",NY,1,1,1,1,1,false,0,""
"Mayville",NY,1,1,1,1,1,false,0,""
"Mechanicville",NY,1,1,1,1,1,false,0,""
"Medford",NY,2,2,1,2,1,false,0,""
"Medina",NY,1,1,1,1,1,false,0,""
"Mellenville",NY,1,1,1,1,1,false,0,""
"Merrick",NY,1,1,1,1,1,false,0,""
"Middletown",NY,1,1,1,1,1,false,0,""
"Milan",NY,1,1,1,1,1,false,0,""
"Millbrook",NY,1,1,1,1,1,false,0,""
"Miller Place",NY,1,1,1,1,1,false,0,""
"Milton",NY,1,1,1,1,1,false,0,""
"Modena",NY,1,1,1,1,1,false,0,""
"Mohegan Lake",NY,1,1,1,1,1,false,0,""
"Monticello",NY,1,1,1,1,1,false,0,""
"Moravia",NY,1,1,1,1,1,false,0,""
"Moriah",NY,1,1,1,1,1,false,0,""
"Morrisonville",NY,1,1,1,1,1,false,0,""
"Mount Kisco",NY,1,1,1,1,1,false,0,""
"New Lebanon",NY,1,1,1,1,1,false,0,""
"Newark",NY,1,1,1,1,1,false,0,""
"Niskayuna",NY,1,1,1,1,1,false,0,""
"North Chili",NY,1,1,1,1,1,false,0,""
"North Sea",NY,1,1,1,1,1,false,0,""
"North Syracuse",NY,1,1,1,1,1,false,0,""
"Oceanside",NY,1,1,1,1,1,false,0,""
"Old Chatham",NY,1,1,1,1,1,false,0,""
"Olean",NY,1,1,1,1,1,false,0,""
"Oneida",NY,1,1,1,1,1,false,0,""
"Orchard Park",NY,1,1,1,1,1,false,0,""
"Ossining",NY,3,2,2,3,1,false,0,""
"Owego",NY,1,1,1,1,1,false,0,""
"Palatine Bridge",NY,1,1,1,1,1,false,0,""
"Paul Smiths",NY,1,1,1,1,1,false,0,""
"Peru",NY,1,1,1,1,1,false,0,""
"Phoenix",NY,1,1,1,1,1,false,0,""
"Pine Bush",NY,1,1,1,1,1,false,0,""
"Pine City",NY,1,1,1,1,1,false,0,""
"Pine Island",NY,1,1,1,1,1,false,0,""
"Pittsford",NY,1,1,1,1,1,false,0,""
"Plainview",NY,1,1,1,1,1,false,0,""
"Pleasantville",NY,1,1,1,1,1,false,0,""
"Port Ewen",NY,1,1,1,1,1,false,0,""
"Purchase",NY,1,1,1,1,1,false,0,""
"Putnam Valley",NY,1,1,1,1,1,false,0,""
"Red Creek",NY,1,1,1,1,1,false,0,""
"Rensselaer",NY,1,1,1,1,1,false,0,""
"Riverdale",NY,1,1,1,1,1,false,0,""
"Ronkonkoma",NY,1,1,1,1,1,false,0,""
"Roscoe",NY,1,1,1,1,1,false,0,""
"Rosendale",NY,1,1,1,1,1,false,0,""
"Rotterdam",NY,1,1,1,1,1,false,0,""
"Rye Brook",NY,1,1,1,1,1,false,0,""
"Sacandaga Park",NY,1,1,1,1,1,false,0,""
"Sag Harbor",NY,1,1,1,1,1,false,0,""
"Salamanca",NY,1,1,1,1,1,false,0,""
"Schroon Lake",NY,1,1,1,1,1,false,0,""
"Selkirk",NY,1,1,1,1,1,false,0,""
"Shirley",NY,1,1,1,1,1,false,0,""
"Shokan",NY,1,1,1,1,1,false,0,""
"Shortsville",NY,1,1,1,1,1,false,0,""
"Silver Bay",NY,1,1,1,1,1,false,0,""
"Silver Creek",NY,1,1,1,1,1,false,0,""
"Sleepy Hollow",NY,1,1,1,1,1,false,0,""
"Slingerlands",NY,1,1,1,1,1,false,0,""
"Sloatsburg",NY,1,1,1,1,1,false,0,""
"Somers",NY,1,1,1,1,1,false,0,""
"South Colton",NY,1,1,1,1,1,false,0,""
"South Farmingdale",NY,1,1,1,1,1,false,0,""
"South Jamesport",NY,1,1,1,1,1,false,0,""
"Southold",NY,2,1,2,2,1,false,0,""
"Spencertown",NY,1,1,1,1,1,false,0,""
"St. James",NY,1,1,1,1,1,false,0,""
"Stanley",NY,1,1,1,1,1,false,0,""
"Stillwater",NY,1,1,1,1,1,false,0,""
"Stony Point",NY,1,1,1,1,1,false,0,""
"Stuyvesant",NY,1,1,1,1,1,false,0,""
"Suffern",NY,1,1,1,1,1,false,0,""
"Tannersville",NY,1,1,1,1,1,false,0,""
"The Bronx",NY,1,1,1,1,1,false,0,""
"Tuxedo Park",NY,1,1,1,1,1,false,0,""
"Union Vale",NY,1,1,1,1,1,false,0,""
"Valley Cottage",NY,1,1,1,1,1,false,0,""
"Verona Beach",NY,1,1,1,1,1,false,0,""
"Vestal",NY,3,2,2,3,1,false,0,""
"Voorheesville",NY,1,1,1,1,1,false,0,""
"Walworth",NY,1,1,1,1,1,false,0,""
"Wantagh",NY,1,1,1,1,1,false,0,""
"Warrensburg",NY,1,1,1,1,1,false,0,""
"Warsaw",NY,1,1,1,1,1,false,0,""
"Washingtonville",NY,1,1,1,1,1,false,0,""
"Waterloo",NY,1,1,1,1,1,false,0,""
"Watkins Glen",NY,1,1,1,1,1,false,0,""
"Wawarsing",NY,1,1,1,1,1,false,0,""
"Wayland",NY,1,1,1,1,1,false,0,""
"Wells",NY,1,1,1,1,1,false,0,""
"West Chazy",NY,1,1,1,1,1,false,0,""
"West Harrison",NY,1,1,1,1,1,false,0,""
"West Haverstraw",NY,1,1,1,1,1,false,0,""
"West Islip",NY,1,1,1,1,1,false,0,""
"West Nyack",NY,1,1,1,1,1,false,0,""
"West Plattsburgh",NY,1,1,1,1,1,false,0,""
"West Point",NY,1,1,1,1,1,false,0,""
"West Sayville",NY,1,1,1,1,1,false,0,""
"Westfield",NY,1,1,1,1,1,false,0,""
"Westmoreland",NY,1,1,1,1,1,false,0,""
"Wheatley Heights",NY,1,1,1,1,1,false,0,""
"White Plains",NY,1,1,1,1,1,false,0,""
"Wilton",NY,1,1,1,1,1,false,0,""
"Wingdale",NY,1,1,1,1,1,false,0,""
"Yorktown Heights",NY,1,1,1,1,1,false,0,""
"Albany",OH,1,1,1,1,1,false,0,""
"Antwerp",OH,1,1,1,1,1,false,0,""
"Ashville",OH,1,1,1,1,1,false,0,""
"Beavercreek",OH,1,1,1,1,1,false,0,""
"Bellefontaine",OH,1,1,1,1,1,false,0,""
"Bellville",OH,1,1,1,1,1,false,0,""
"Belmont",OH,1,1,1,1,1,false,0,""
"Bexley",OH,1,1,1,1,1,false,0,""
"Blue Ash",OH,1,1,1,1,1,false,0,""
"Bluffton",OH,1,1,1,1,1,false,0,""
"Brook Park",OH,1,1,1,1,1,false,0,""
"Bucyrus",OH,1,1,1,1,1,false,0,""
"Chillicothe",OH,1,1,1,1,1,false,0,""
"Coldwater",OH,1,1,1,1,1,false,0,""
"Concord  Township",OH,1,1,1,1,1,false,0,""
"Coshocton",OH,1,1,1,1,1,false,0,""
"Coventry Township",OH,1,1,1,1,1,false,0,""
"Delphos",OH,1,1,1,1,1,false,0,""
"Drake Rd. Lebanon",OH,1,1,1,1,1,false,0,""
"Englewood",OH,1,1,1,1,1,false,0,""
"Fairfield",OH,1,1,1,1,1,false,0,""
"Fairlawn",OH,1,1,1,1,1,false,0,""
"Fort Loramie",OH,1,1,1,1,1,false,0,""
"Fort Recovery",OH,1,1,1,1,1,false,0,""
"Fredericktown",OH,1,1,1,1,1,false,0,""
"Fremont",OH,1,1,1,1,1,false,0,""
"Gallipolis",OH,1,1,1,1,1,false,0,""
"Galloway",OH,1,1,1,1,1,false,0,""
"Garfield Heights",OH,1,1,1,1,1,false,0,""
"Garrettsville",OH,1,1,1,1,1,false,0,""
"Gates Mills",OH,1,1,1,1,1,false,0,""
"Geneva -on-the-Lake",OH,1,1,1,1,1,false,0,""
"Geneva on the Lake",OH,1,1,1,1,1,false,0,""
"Grafton",OH,1,1,1,1,1,false,0,""
"Grants Pass",OH,1,1,1,1,1,false,0,""
"Hamilton",OH,2,2,1,2,1,false,0,""
"Highland Heights",OH,1,1,1,1,1,false,0,""
"Hillsboro",OH,1,1,1,1,1,false,0,""
"Hiram",OH,1,1,1,1,1,false,0,""
"Huber Heights",OH,1,1,1,1,1,false,0,""
"Huron",OH,1,1,1,1,1,false,0,""
"Kelleys Island",OH,1,1,1,1,1,false,0,""
"Kent",OH,2,2,1,2,1,false,0,""
"Kirkland",OH,1,1,1,1,1,false,0,""
"Kirtland",OH,1,1,1,1,1,false,0,""
"Lagrange",OH,1,1,1,1,1,false,0,""
"Lakeview",OH,2,2,1,2,1,false,0,""
"Lebanon",OH,1,1,1,1,1,false,0,""
"Lewis Center",OH,1,1,1,1,1,false,0,""
"Lowellville",OH,1,1,1,1,1,false,0,""
"Madeira",OH,1,1,1,1,1,false,0,""
"Martins Ferry",OH,1,1,1,1,1,false,0,""
"Mayfield Village",OH,1,1,1,1,1,false,0,""
"Mayfield",OH,1,1,1,1,1,false,0,""
"McArthur",OH,1,1,1,1,1,false,0,""
"Mentor-on-the-Lake",OH,1,1,1,1,1,false,0,""
"Middletown",OH,1,1,1,1,1,false,0,""
"Milford",OH,2,1,1,2,1,false,0,""
"Millersburg",OH,1,1,1,1,1,false,0,""
"Minster",OH,1,1,1,1,1,false,0,""
"Mogadore",OH,1,1,1,1,1,false,0,""
"Monclova",OH,1,1,1,1,1,false,0,""
"Moraine",OH,1,1,1,1,1,false,0,""
"Mount Vernon",OH,2,1,2,2,1,false,0,""
"Mt. Sterling",OH,1,1,1,1,1,false,0,""
"Nashport",OH,1,1,1,1,1,false,0,""
"New Bremen",OH,1,1,1,1,1,false,0,""
"New Franklin",OH,1,1,1,1,1,false,0,""
"New Marshfield",OH,1,1,1,1,1,false,0,""
"New Philadelphia",OH,1,1,1,1,1,false,0,""
"New Russia Township",OH,1,1,1,1,1,false,0,""
"North Perry",OH,1,1,1,1,1,false,0,""
"Ontario",OH,1,1,1,1,1,false,0,""
"Orange Village",OH,1,1,1,1,1,false,0,""
"Orrville",OH,1,1,1,1,1,false,0,""
"Painesville",OH,2,1,2,2,1,false,0,""
"Parma Heights",OH,1,1,1,1,1,false,0,""
"Parma",OH,1,1,1,1,1,false,0,""
"Pepper Pike",OH,1,1,1,1,1,false,0,""
"Perry",OH,1,1,1,1,1,false,0,""
"Perrysville",OH,1,1,1,1,1,false,0,""
"Pickerington",OH,1,1,1,1,1,false,0,""
"Plain City",OH,1,1,1,1,1,false,0,""
"Powell",OH,2,1,2,2,1,false,0,""
"Ravenna",OH,1,1,1,1,1,false,0,""
"Reminderville",OH,1,1,1,1,1,false,0,""
"Richfield",OH,1,1,1,1,1,false,0,""
"Richmond Heights",OH,1,1,1,1,1,false,0,""
"Rittman",OH,1,1,1,1,1,false,0,""
"Russells Point",OH,1,1,1,1,1,false,0,""
"Russia",OH,1,1,1,1,1,false,0,""
"Saint Marys",OH,1,1,1,1,1,false,0,""
"Sandusky",OH,2,1,2,2,1,false,0,""
"Shadyside",OH,1,1,1,1,1,false,0,""
"Sharonville",OH,1,1,1,1,1,false,0,""
"Sheffield Village",OH,1,1,1,1,1,false,0,""
"Sheffield",OH,1,1,1,1,1,false,0,""
"Silver Lake",OH,1,1,1,1,1,false,0,""
"South Charleston",OH,1,1,1,1,1,false,0,""
"South Euclid",OH,1,1,1,1,1,false,0,""
"Springboro",OH,1,1,1,1,1,false,0,""
"St. Clairsville",OH,1,1,1,1,1,false,0,""
"St. Marys",OH,1,1,1,1,1,false,0,""
"St.Henry",OH,1,1,1,1,1,false,0,""
"Stewart",OH,1,1,1,1,1,false,0,""
"Struthers",OH,1,1,1,1,1,false,0,""
"Sugarcreek Township",OH,1,1,1,1,1,false,0,""
"Tallmadge",OH,2,1,2,2,1,false,0,""
"Uniontown Ohio",OH,1,1,1,1,1,false,0,""
"University Heights",OH,1,1,1,1,1,false,0,""
"Urbana",OH,1,1,1,1,1,false,0,""
"Urbancrest",OH,1,1,1,1,1,false,0,""
"Van Wert",OH,2,2,1,2,1,false,0,""
"Vandalia",OH,1,1,1,1,1,false,0,""
"Vermilion",OH,1,1,1,1,1,false,0,""
"Wapakoneta",OH,1,1,1,1,1,false,0,""
"Wellington",OH,2,1,2,2,1,false,0,""
"West Chester",OH,1,1,1,1,1,false,0,""
"Whitehouse",OH,1,1,1,1,1,false,0,""
"Wickliffe",OH,1,1,1,1,1,false,0,""
"Willard",OH,1,1,1,1,1,false,0,""
"WILLIAMSBURG",OH,1,1,1,1,1,false,0,""
"Willoughby Hills",OH,1,1,1,1,1,false,0,""
"Willowick",OH,1,1,1,1,1,false,0,""
"Wilmington",OH,1,1,1,1,1,false,0,""
"Wright-Patterson AFB",OH,1,1,1,1,1,false,0,""
"Wyoming",OH,1,1,1,1,1,false,0,""
"Yellow Springs",OH,1,1,1,1,1,false,0,""
"Altus",OK,2,2,1,2,1,false,0,""
"Cache",OK,1,1,1,1,1,false,0,""
"Catoosa",OK,1,1,1,1,1,false,0,""
"Davis",OK,1,1,1,1,1,false,0,""
"El Reno",OK,1,1,1,1,1,false,0,""
"Gore",OK,1,1,1,1,1,false,0,""
"Guthrie",OK,1,1,1,1,1,false,0,""
"Lawton",OK,1,1,1,1,1,false,0,""
"Miami",OK,1,1,1,1,1,false,0,""
"Moore",OK,1,1,1,1,1,false,0,""
"Pryor",OK,1,1,1,1,1,false,0,""
"Sapulpa",OK,1,1,1,1,1,false,0,""
"Stuart",OK,1,1,1,1,1,false,0,""
"Tahlequah",OK,1,1,1,1,1,false,0,""
"The Village",OK,1,1,1,1,1,false,0,""
"Tonkawa",OK,1,1,1,1,1,false,0,""
"Wagoner",OK,1,1,1,1,1,false,0,""
"Warr Acres",OK,1,1,1,1,1,false,0,""
"Wewoka",OK,1,1,1,1,1,false,0,""
"Wyandotte",OK,1,1,1,1,1,false,0,""
"Yukon",OK,1,1,1,1,1,false,0,""
"Bay City",OR,1,1,1,1,1,false,0,""
"Carlton",OR,1,1,1,1,1,false,0,""
"Chiloquin",OR,1,1,1,1,1,false,0,""
"Clackamas",OR,2,2,1,2,1,false,0,""
"Cloverdale",OR,1,1,1,1,1,false,0,""
"Coburg",OR,1,1,1,1,1,false,0,""
"Condon",OR,1,1,1,1,1,false,0,""
"Cornelius",OR,1,1,1,1,1,false,0,""
"Cottage Grove",OR,1,1,1,1,1,false,0,""
"Crooked River Ranch",OR,1,1,1,1,1,false,0,""
"Depoe Bay",OR,1,1,1,1,1,false,0,""
"Enterprise",OR,1,1,1,1,1,false,0,""
"Gearhart",OR,1,1,1,1,1,false,0,""
"Gold Beach",OR,2,2,1,2,1,false,0,""
"Harrisburg",OR,1,1,1,1,1,false,0,""
"Hubbard",OR,1,1,1,1,1,false,0,""
"Irrigon",OR,1,1,1,1,1,false,0,""
"Jacksonville",OR,1,1,1,1,1,false,0,""
"John Day",OR,1,1,1,1,1,false,0,""
"Manzanita",OR,1,1,1,1,1,false,0,""
"Milwaukie",OR,2,2,1,2,1,false,0,""
"Molalla",OR,1,1,1,1,1,false,0,""
"Mt Hood",OR,1,1,1,1,1,false,0,""
"Myrtle Point",OR,1,1,1,1,1,false,0,""
"Oak Grove",OR,1,1,1,1,1,false,0,""
"Ontario",OR,1,1,1,1,1,false,0,""
"Oregon City",OR,1,1,1,1,1,false,0,""
"Port Orford",OR,1,1,1,1,1,false,0,""
"Prineville",OR,1,1,1,1,1,false,0,""
"Rufus",OR,1,1,1,1,1,false,0,""
"Sandy",OR,2,2,1,2,1,false,0,""
"Shady Cove",OR,3,3,1,3,1,false,0,""
"Silverton",OR,1,1,1,1,1,false,0,""
"St Helens",OR,1,1,1,1,1,false,0,""
"Stayton",OR,1,1,1,1,1,false,0,""
"Sublimity",OR,1,1,1,1,1,false,0,""
"Talent",OR,1,1,1,1,1,false,0,""
"Tillamook",OR,1,1,1,1,1,false,0,""
"Troutdale",OR,3,3,1,3,1,false,0,""
"Turner",OR,1,1,1,1,1,false,0,""
"Vernonia",OR,1,1,1,1,1,false,0,""
"Waldport",OR,1,1,1,1,1,false,0,""
"Wilsonville",OR,7,7,1,7,1,false,0,""
"Yachats",OR,1,1,1,1,1,false,0,""
"Yamhill",OR,1,1,1,1,1,false,0,""
"Annville",PA,1,1,1,1,1,false,0,""
"Aspinwall",PA,1,1,1,1,1,false,0,""
"Aston",PA,1,1,1,1,1,false,0,""
"Atglen",PA,1,1,1,1,1,false,0,""
"Athens",PA,1,1,1,1,1,false,0,""
"Avella",PA,1,1,1,1,1,false,0,""
"Bala Cynwyd",PA,1,1,1,1,1,false,0,""
"Bangor",PA,1,1,1,1,1,false,0,""
"Beaver Falls",PA,1,1,1,1,1,false,0,""
"Beaver Springs",PA,1,1,1,1,1,false,0,""
"Beaver",PA,1,1,1,1,1,false,0,""
"Bedford",PA,1,1,1,1,1,false,0,""
"Bloomsburg",PA,1,1,1,1,1,false,0,""
"Boiling Springs",PA,1,1,1,1,1,false,0,""
"Brodheadsville",PA,1,1,1,1,1,false,0,""
"Carbondale",PA,1,1,1,1,1,false,0,""
"Chester Springs",PA,1,1,1,1,1,false,0,""
"Cheswick",PA,1,1,1,1,1,false,0,""
"Clarks Summit",PA,1,1,1,1,1,false,0,""
"Clearfield",PA,1,1,1,1,1,false,0,""
"Cogan Station",PA,1,1,1,1,1,false,0,""
"Concord",PA,1,1,1,1,1,false,0,""
"Conyngham",PA,1,1,1,1,1,false,0,""
"Coudersport",PA,1,1,1,1,1,false,0,""
"Dallas",PA,2,2,1,2,1,false,0,""
"Danville",PA,1,1,1,1,1,false,0,""
"Delta",PA,1,1,1,1,1,false,0,""
"Dresher",PA,2,2,1,2,1,false,0,""
"Dunmore",PA,1,1,1,1,1,false,0,""
"East Norriton",PA,1,1,1,1,1,false,0,""
"East Petersburg",PA,1,1,1,1,1,false,0,""
"East Pittsburgh",PA,1,1,1,1,1,false,0,""
"Ebensburg",PA,1,1,1,1,1,false,0,""
"Edinboro",PA,1,1,1,1,1,false,0,""
"Elizabethville",PA,1,1,1,1,1,false,0,""
"Elliottsburg",PA,1,1,1,1,1,false,0,""
"Ephrata",PA,1,1,1,1,1,false,0,""
"Export",PA,1,1,1,1,1,false,0,""
"Farrandsville",PA,1,1,1,1,1,false,0,""
"Fayetteville",PA,1,1,1,1,1,false,0,""
"Feasterville",PA,1,1,1,1,1,false,0,""
"Finleyville",PA,1,1,1,1,1,false,0,""
"Fort Hill",PA,1,1,1,1,1,false,0,""
"Fort Washington",PA,1,1,1,1,1,false,0,""
"Franklin",PA,1,1,1,1,1,false,0,""
"Freeport",PA,1,1,1,1,1,false,0,""
"Garnet Valley",PA,1,1,1,1,1,false,0,""
"Gilbertsville",PA,1,1,1,1,1,false,0,""
"Girard",PA,2,2,1,2,1,false,0,""
"Grantville",PA,1,1,1,1,1,false,0,""
"Grove City",PA,1,1,1,1,1,false,0,""
"Harmony",PA,1,1,1,1,1,false,0,""
"Haverford",PA,1,1,1,1,1,false,0,""
"Hawley",PA,1,1,1,1,1,false,0,""
"Hazle Township",PA,1,1,1,1,1,false,0,""
"Hermitage",PA,1,1,1,1,1,false,0,""
"Hershey",PA,1,1,1,1,1,false,0,""
"Hollidaysburg",PA,1,1,1,1,1,false,0,""
"Honesdale",PA,1,1,1,1,1,false,0,""
"Horsham",PA,1,1,1,1,1,false,0,""
"Houtzdale",PA,1,1,1,1,1,false,0,""
"Huntingdon",PA,1,1,1,1,1,false,0,""
"Imperial",PA,1,1,1,1,1,false,0,""
"Irwin",PA,1,1,1,1,1,false,0,""
"Jamison",PA,1,1,1,1,1,false,0,""
"Jonestown",PA,1,1,1,1,1,false,0,""
"Lamar",PA,1,1,1,1,1,false,0,""
"Landenberg",PA,1,1,1,1,1,false,0,""
"Landisville",PA,1,1,1,1,1,false,0,""
"Latrobe",PA,2,2,1,2,1,false,0,""
"Lebanon",PA,1,1,1,1,1,false,0,""
"Lemont",PA,1,1,1,1,1,false,0,""
"Lemoyne",PA,1,1,1,1,1,false,0,""
"Limerick",PA,1,1,1,1,1,false,0,""
"Linglestown",PA,1,1,1,1,1,false,0,""
"LORDS VALLEY",PA,1,1,1,1,1,false,0,""
"Lower Burrell",PA,1,1,1,1,1,false,0,""
"Macungie",PA,1,1,1,1,1,false,0,""
"Malvern",PA,1,1,1,1,1,false,0,""
"Manheim",PA,1,1,1,1,1,false,0,""
"Markleton",PA,1,1,1,1,1,false,0,""
"Mars",PA,1,1,1,1,1,false,0,""
"Matamoras",PA,1,1,1,1,1,false,0,""
"Mayfield",PA,1,1,1,1,1,false,0,""
"Maytown",PA,1,1,1,1,1,false,0,""
"McAdoo",PA,1,1,1,1,1,false,0,""
"McElhattan",PA,1,1,1,1,1,false,0,""
"McKeesport",PA,1,1,1,1,1,false,0,""
"Mcmurray",PA,1,1,1,1,1,false,0,""
"Mercer",PA,1,1,1,1,1,false,0,""
"Mill Hall",PA,1,1,1,1,1,false,0,""
"Millersville",PA,1,1,1,1,1,false,0,""
"Monongahela",PA,1,1,1,1,1,false,0,""
"Montgomeryville",PA,1,1,1,1,1,false,0,""
"Montrose",PA,1,1,1,1,1,false,0,""
"Moon Twp",PA,1,1,1,1,1,false,0,""
"Mt Pleasant",PA,1,1,1,1,1,false,0,""
"Muncy",PA,1,1,1,1,1,false,0,""
"Natrona Heights",PA,1,1,1,1,1,false,0,""
"Nesquehoning",PA,1,1,1,1,1,false,0,""
"New Holland",PA,1,1,1,1,1,false,0,""
"New Hope",PA,1,1,1,1,1,false,0,""
"Newport",PA,1,1,1,1,1,false,0,""
"Newtown",PA,1,1,1,1,1,false,0,""
"North Fayette",PA,1,1,1,1,1,false,0,""
"North Huntingdon",PA,1,1,1,1,1,false,0,""
"Oil City",PA,1,1,1,1,1,false,0,""
"Orwigsburg",PA,1,1,1,1,1,false,0,""
"Paoli",PA,2,1,2,2,1,false,0,""
"Peckville",PA,1,1,1,1,1,false,0,""
"Pen Argyl",PA,1,1,1,1,1,false,0,""
"Penn Valley",PA,1,1,1,1,1,false,0,""
"Pennsylvania",PA,1,1,1,1,1,false,0,""
"Pipersville",PA,1,1,1,1,1,false,0,""
"Pocono Lake",PA,1,1,1,1,1,false,0,""
"Port Allegany",PA,1,1,1,1,1,false,0,""
"Port Royal",PA,1,1,1,1,1,false,0,""
"Portage",PA,1,1,1,1,1,false,0,""
"Quarryville",PA,1,1,1,1,1,false,0,""
"Radnor",PA,1,1,1,1,1,false,0,""
"Reading",PA,2,2,1,2,1,false,0,""
"Royersford",PA,1,1,1,1,1,false,0,""
"S Abington Twp",PA,1,1,1,1,1,false,0,""
"Scott Township",PA,1,1,1,1,1,false,0,""
"Seneca",PA,1,1,1,1,1,false,0,""
"Sewickley",PA,1,1,1,1,1,false,0,""
"Shippensburg",PA,1,1,1,1,1,false,0,""
"Sidman",PA,1,1,1,1,1,false,0,""
"Slippery Rock",PA,1,1,1,1,1,false,0,""
"Somerset",PA,1,1,1,1,1,false,0,""
"South Park",PA,1,1,1,1,1,false,0,""
"Southampton",PA,1,1,1,1,1,false,0,""
"St Marys",PA,1,1,1,1,1,false,0,""
"Sugarloaf",PA,1,1,1,1,1,false,0,""
"Tannersville",PA,2,1,2,2,1,false,0,""
"Telford",PA,1,1,1,1,1,false,0,""
"Temple",PA,1,1,1,1,1,false,0,""
"Towanda",PA,1,1,1,1,1,false,0,""
"Trafford",PA,1,1,1,1,1,false,0,""
"Tyrone",PA,1,1,1,1,1,false,0,""
"Upper Darby",PA,1,1,1,1,1,false,0,""
"Upper St. Clair",PA,1,1,1,1,1,false,0,""
"Waterford",PA,1,1,1,1,1,false,0,""
"Watsontown",PA,1,1,1,1,1,false,0,""
"West Goshen",PA,1,1,1,1,1,false,0,""
"West Pennsboro Township",PA,1,1,1,1,1,false,0,""
"White Mills",PA,1,1,1,1,1,false,0,""
"Whitehall",PA,1,1,1,1,1,false,0,""
"Wilkes Barre",PA,1,1,1,1,1,false,0,""
"Wilmerding",PA,1,1,1,1,1,false,0,""
"Wyomissing",PA,1,1,1,1,1,false,0,""
"Yardley",PA,1,1,1,1,1,false,0,""
"Betances",PR,1,1,1,1,1,false,0,""
"Caguas",PR,1,1,1,1,1,false,0,""
"Ceiba",PR,1,1,1,1,1,false,0,""
"Fajardo",PR,1,1,1,1,1,false,0,""
"Humacao",PR,1,1,1,1,1,false,0,""
"Juncos",PR,1,1,1,1,1,false,0,""
"Lajas",PR,1,1,1,1,1,false,0,""
"Las Piedras",PR,1,1,1,1,1,false,0,""
"Luquillo",PR,1,1,1,1,1,false,0,""
"Maleza Baja",PR,1,1,1,1,1,false,0,""
"Trujillo Alto",PR,1,1,1,1,1,false,0,""
"Vega Alta",PR,1,1,1,1,1,false,0,""
"Vega Baja",PR,1,1,1,1,1,false,0,""
"Yabucoa",PR,1,1,1,1,1,false,0,""
"Cranston",RI,1,1,1,1,1,false,0,""
"Cumberland",RI,1,1,1,1,1,false,0,""
"Kingston",RI,1,1,1,1,1,false,0,""
"North Smithfield",RI,1,1,1,1,1,false,0,""
"Pawtucket",RI,1,1,1,1,1,false,0,""
"Peace Dale",RI,1,1,1,1,1,false,0,""
"Riverside",RI,2,2,1,2,1,false,0,""
"Tiverton",RI,1,1,1,1,1,false,0,""
"Warren",RI,2,2,1,2,1,false,0,""
"Wickford",RI,1,1,1,1,1,false,0,""
"Woonsocket",RI,1,1,1,1,1,false,0,""
"Andrews",SC,1,1,1,1,1,false,0,""
"Blythewood",SC,1,1,1,1,1,false,0,""
"Boiling Springs",SC,1,1,1,1,1,false,0,""
"Bucksport",SC,1,1,1,1,1,false,0,""
"Cayce",SC,1,1,1,1,1,false,0,""
"Central",SC,1,1,1,1,1,false,0,""
"Cheraw",SC,1,1,1,1,1,false,0,""
"Clemson",SC,1,1,1,1,1,false,0,""
"Clinton",SC,1,1,1,1,1,false,0,""
"Conway",SC,2,1,2,2,1,false,0,""
"Cowpens",SC,1,1,1,1,1,false,0,""
"Daniel Island",SC,1,1,1,1,1,false,0,""
"Early Branch",SC,1,1,1,1,1,false,0,""
"Edgefield",SC,1,1,1,1,1,false,0,""
"Elloree",SC,1,1,1,1,1,false,0,""
"Folly Beach",SC,1,1,1,1,1,false,0,""
"Fripp Island",SC,1,1,1,1,1,false,0,""
"Graniteville",SC,1,1,1,1,1,false,0,""
"Hopkins",SC,1,1,1,1,1,false,0,""
"Indian Land",SC,1,1,1,1,1,false,0,""
"Inman",SC,1,1,1,1,1,false,0,""
"Isle of Palms",SC,2,2,1,2,1,false,0,""
"Johnsonville",SC,1,1,1,1,1,false,0,""
"Manning",SC,1,1,1,1,1,false,0,""
"Mauldin",SC,2,2,1,2,1,false,0,""
"Mccormick",SC,1,1,1,1,1,false,0,""
"Newberry",SC,1,1,1,1,1,false,0,""
"Oakie",SC,1,1,1,1,1,false,0,""
"Okatie",SC,1,1,1,1,1,false,0,""
"Orangeburg",SC,1,1,1,1,1,false,0,""
"Pacolet",SC,1,1,1,1,1,false,0,""
"Quinby",SC,1,1,1,1,1,false,0,""
"Ridgeway",SC,1,1,1,1,1,false,0,""
"Salem",SC,1,1,1,1,1,false,0,""
"SC",SC,1,1,1,1,1,false,0,""
"Sunset",SC,1,1,1,1,1,false,0,""
"Tega Cay",SC,2,2,1,2,1,false,0,""
"Union",SC,1,1,1,1,1,false,0,""
"Walterboro",SC,1,1,1,1,1,false,0,""
"Westville",SC,1,1,1,1,1,false,0,""
"Alcester",SD,1,1,1,1,1,false,0,""
"Beresford",SD,2,1,2,2,1,false,0,""
"Brookings",SD,1,1,1,1,1,false,0,""
"Canistota",SD,1,1,1,1,1,false,0,""
"Canton",SD,1,1,1,1,1,false,0,""
"Crooks",SD,1,1,1,1,1,false,0,""
"Custer",SD,1,1,1,1,1,false,0,""
"Dell Rapids",SD,1,1,1,1,1,false,0,""
"Herreid",SD,1,1,1,1,1,false,0,""
"North Sioux City",SD,1,1,1,1,1,false,0,""
"Pickstown",SD,1,1,1,1,1,false,0,""
"Sturgis",SD,1,1,1,1,1,false,0,""
"Wall",SD,1,1,1,1,1,false,0,""
"Watertown",SD,2,2,1,2,1,false,0,""
"Alcoa",TN,1,1,1,1,1,false,0,""
"Athens",TN,1,1,1,1,1,false,0,""
"Blountville",TN,1,1,1,1,1,false,0,""
"Bulls Gap",TN,1,1,1,1,1,false,0,""
"Carthage",TN,1,1,1,1,1,false,0,""
"College Grove",TN,1,1,1,1,1,false,0,""
"Cross Plains",TN,1,1,1,1,1,false,0,""
"Dover",TN,1,1,1,1,1,false,0,""
"Doyle",TN,1,1,1,1,1,false,0,""
"Dyersburg",TN,1,1,1,1,1,false,0,""
"East Ridge",TN,1,1,1,1,1,false,0,""
"Erwin",TN,1,1,1,1,1,false,0,""
"Fairfield Glade",TN,1,1,1,1,1,false,0,""
"Farragut",TN,1,1,1,1,1,false,0,""
"Fayetteville",TN,1,1,1,1,1,false,0,""
"Flintville",TN,1,1,1,1,1,false,0,""
"Goodlettsville",TN,1,1,1,1,1,false,0,""
"Hermitage",TN,1,1,1,1,1,false,0,""
"Hohenwald",TN,1,1,1,1,1,false,0,""
"Jamestown",TN,1,1,1,1,1,false,0,""
"Jonesborough",TN,1,1,1,1,1,false,0,""
"Kingston",TN,1,1,1,1,1,false,0,""
"Lawrenceburg",TN,1,1,1,1,1,false,0,""
"Lebanon",TN,1,1,1,1,1,false,0,""
"Lewisburg",TN,1,1,1,1,1,false,0,""
"Lookout Mountain",TN,1,1,1,1,1,false,0,""
"Loudon",TN,2,1,2,2,1,false,0,""
"Louisville",TN,1,1,1,1,1,false,0,""
"Madison",TN,1,1,1,1,1,false,0,""
"Manchester",TN,1,1,1,1,1,false,0,""
"Morrison",TN,1,1,1,1,1,false,0,""
"Mount Carmel",TN,1,1,1,1,1,false,0,""
"Mount Juliet",TN,1,1,1,1,1,false,0,""
"Mt. Juliet",TN,1,1,1,1,1,false,0,""
"Nolensville",TN,1,1,1,1,1,false,0,""
"Old Hickory",TN,1,1,1,1,1,false,0,""
"Paris",TN,1,1,1,1,1,false,0,""
"Pulaski",TN,2,2,1,2,1,false,0,""
"Red Bank",TN,1,1,1,1,1,false,0,""
"Ridgetop",TN,1,1,1,1,1,false,0,""
"Roan Mountain",TN,1,1,1,1,1,false,0,""
"Rockwood",TN,1,1,1,1,1,false,0,""
"Rocky Top",TN,1,1,1,1,1,false,0,""
"S Houston Levee Rd Collierville",TN,1,1,1,1,1,false,0,""
"Sevierville",TN,2,2,1,2,1,false,0,""
"Sharps Chapel",TN,1,1,1,1,1,false,0,""
"Shelbyville",TN,1,1,1,1,1,false,0,""
"Signal Mountain",TN,1,1,1,1,1,false,0,""
"Signal Mtn",TN,1,1,1,1,1,false,0,""
"Soddy-Daisy",TN,1,1,1,1,1,false,0,""
"Springfield",TN,1,1,1,1,1,false,0,""
"Thompson Station",TN,1,1,1,1,1,false,0,""
"Vonore",TN,1,1,1,1,1,false,0,""
"Winchester",TN,1,1,1,1,1,false,0,""
"Alvarado",TX,1,1,1,1,1,false,0,""
"Alvord",TX,1,1,1,1,1,false,0,""
"Atascocita",TX,1,1,1,1,1,false,0,""
"Athens",TX,1,1,1,1,1,false,0,""
"Azle",TX,2,1,2,2,1,false,0,""
"Bangs",TX,1,1,1,1,1,false,0,""
"Bastrop",TX,1,1,1,1,1,false,0,""
"Bee Cave",TX,1,1,1,1,1,false,0,""
"Bellville",TX,1,1,1,1,1,false,0,""
"Bertram",TX,1,1,1,1,1,false,0,""
"Blanco",TX,1,1,1,1,1,false,0,""
"Blue Lake",TX,1,1,1,1,1,false,0,""
"Boerne",TX,1,1,1,1,1,false,0,""
"Bowie",TX,1,1,1,1,1,false,0,""
"Brackettville",TX,1,1,1,1,1,false,0,""
"Bridgeport",TX,1,1,1,1,1,false,0,""
"Brookeland",TX,1,1,1,1,1,false,0,""
"Buchanan Dam",TX,1,1,1,1,1,false,0,""
"Bulverde",TX,5,5,1,5,1,false,0,""
"Burton",TX,1,1,1,1,1,false,0,""
"Caldwell",TX,1,1,1,1,1,false,0,""
"Cedar Hill",TX,1,1,1,1,1,false,0,""
"Cisco",TX,1,1,1,1,1,false,0,""
"Cleburne",TX,1,1,1,1,1,false,0,""
"Clyde",TX,1,1,1,1,1,false,0,""
"Columbus",TX,1,1,1,1,1,false,0,""
"Cottonwood Shores",TX,1,1,1,1,1,false,0,""
"Crystal Beach",TX,1,1,1,1,1,false,0,""
"Desoto",TX,1,1,1,1,1,false,0,""
"Donna",TX,1,1,1,1,1,false,0,""
"Driftwood",TX,1,1,1,1,1,false,0,""
"Euless",TX,1,1,1,1,1,false,0,""
"Everman",TX,1,1,1,1,1,false,0,""
"Fair Oaks",TX,1,1,1,1,1,false,0,""
"Fairfield",TX,1,1,1,1,1,false,0,""
"Farmers Branch",TX,2,2,1,2,1,false,0,""
"Fate",TX,1,1,1,1,1,false,0,""
"Flint Ave",TX,1,1,1,1,1,false,0,""
"Floresville",TX,2,1,2,2,1,false,0,""
"Fort Stockton",TX,1,1,1,1,1,false,0,""
"Fritch",TX,1,1,1,1,1,false,0,""
"Fulshear",TX,1,1,1,1,1,false,0,""
"Gainesville",TX,1,1,1,1,1,false,0,""
"Gilmer",TX,1,1,1,1,1,false,0,""
"Gordonville",TX,1,1,1,1,1,false,0,""
"Graford",TX,1,1,1,1,1,false,0,""
"Granite Shoals",TX,1,1,1,1,1,false,0,""
"Gun Barrel City",TX,1,1,1,1,1,false,0,""
"Hallettsville",TX,1,1,1,1,1,false,0,""
"Heath",TX,1,1,1,1,1,false,0,""
"Helotes",TX,1,1,1,1,1,false,0,""
"Hemphill",TX,1,1,1,1,1,false,0,""
"Hereford",TX,3,1,3,3,1,false,0,""
"Huffman",TX,1,1,1,1,1,false,0,""
"Huntsville",TX,1,1,1,1,1,false,0,""
"Jasper",TX,1,1,1,1,1,false,0,""
"Kaufman",TX,1,1,1,1,1,false,0,""
"Killeen",TX,1,1,1,1,1,false,0,""
"Kingsland",TX,1,1,1,1,1,false,0,""
"Kissing Tree",TX,1,1,1,1,1,false,0,""
"La Porte",TX,1,1,1,1,1,false,0,""
"La Vernia",TX,1,1,1,1,1,false,0,""
"Lago Vista",TX,1,1,1,1,1,false,0,""
"Lajitas",TX,1,1,1,1,1,false,0,""
"Lake Kiowa",TX,1,1,1,1,1,false,0,""
"Lake Worth",TX,1,1,1,1,1,false,0,""
"Lakeway",TX,1,1,1,1,1,false,0,""
"Lampasas",TX,1,1,1,1,1,false,0,""
"LaVernia",TX,1,1,1,1,1,false,0,""
"Leauge City",TX,1,1,1,1,1,false,0,""
"Liberty Hill",TX,1,1,1,1,1,false,0,""
"Lumberton",TX,1,1,1,1,1,false,0,""
"Mabank",TX,1,1,1,1,1,false,0,""
"Marshall",TX,1,1,1,1,1,false,0,""
"Mcdade",TX,1,1,1,1,1,false,0,""
"Meadowlakes",TX,1,1,1,1,1,false,0,""
"Meadows Place",TX,1,1,1,1,1,false,0,""
"Mercedes",TX,1,1,1,1,1,false,0,""
"Mertzon",TX,1,1,1,1,1,false,0,""
"Mesquite",TX,1,1,1,1,1,false,0,""
"Midland",TX,2,2,1,2,1,false,0,""
"Mineola",TX,2,1,2,2,1,false,0,""
"Mont Belvieu",TX,1,1,1,1,1,false,0,""
"Nederland",TX,1,1,1,1,1,false,0,""
"North Fort Worth",TX,1,1,1,1,1,false,0,""
"Northlake",TX,1,1,1,1,1,false,0,""
"Oak Hill",TX,1,1,1,1,1,false,0,""
"Odessa",TX,2,2,1,2,1,false,0,""
"Orange",TX,1,1,1,1,1,false,0,""
"Palmview",TX,1,1,1,1,1,false,0,""
"Port Arthur",TX,2,1,2,2,1,false,0,""
"Port Isabel",TX,1,1,1,1,1,false,0,""
"Pottsboro",TX,1,1,1,1,1,false,0,""
"Prosper",TX,1,1,1,1,1,false,0,""
"Rhome",TX,1,1,1,1,1,false,0,""
"Roanoke",TX,1,1,1,1,1,false,0,""
"Robert Lee",TX,1,1,1,1,1,false,0,""
"Rosenberg",TX,1,1,1,1,1,false,0,""
"San Benito",TX,1,1,1,1,1,false,0,""
"San Juan",TX,1,1,1,1,1,false,0,""
"San Luis Pass Road Galveston",TX,1,1,1,1,1,false,0,""
"Schertz",TX,1,1,1,1,1,false,0,""
"Sinton",TX,1,1,1,1,1,false,0,""
"Smithville",TX,1,1,1,1,1,false,0,""
"Spicewood",TX,1,1,1,1,1,false,0,""
"Sunrise Beach Village",TX,1,1,1,1,1,false,0,""
"Taylor",TX,1,1,1,1,1,false,0,""
"Terlingua",TX,1,1,1,1,1,false,0,""
"Terrell",TX,1,1,1,1,1,false,0,""
"Texarkana",TX,1,1,1,1,1,false,0,""
"The Colony",TX,1,1,1,1,1,false,0,""
"Tomball",TX,2,2,1,2,1,false,0,""
"Universal City",TX,1,1,1,1,1,false,0,""
"Watauga",TX,1,1,1,1,1,false,0,""
"Willow Park",TX,1,1,1,1,1,false,0,""
"Wimberley",TX,1,1,1,1,1,false,0,""
"Woodville",TX,1,1,1,1,1,false,0,""
"Bicknell",UT,1,1,1,1,1,false,0,""
"Boulder",UT,1,1,1,1,1,false,0,""
"Cedar Bluffs",UT,1,1,1,1,1,false,0,""
"Cedar City",UT,1,1,1,1,1,false,0,""
"Centerville",UT,1,1,1,1,1,false,0,""
"Diamond Valley",UT,1,1,1,1,1,false,0,""
"Eagle Mountain",UT,1,1,1,1,1,false,0,""
"Eden",UT,1,1,1,1,1,false,0,""
"Escalante",UT,1,1,1,1,1,false,0,""
"Garden City",UT,1,1,1,1,1,false,0,""
"Huntsville",UT,1,1,1,1,1,false,0,""
"Hyde Park",UT,1,1,1,1,1,false,0,""
"Hyrum",UT,1,1,1,1,1,false,0,""
"Ivins",UT,2,2,1,2,1,false,0,""
"Laketown",UT,1,1,1,1,1,false,0,""
"Loa",UT,1,1,1,1,1,false,0,""
"Midvale",UT,2,2,1,2,1,false,0,""
"Millcreek",UT,1,1,1,1,1,false,0,""
"Mt. Carmel",UT,1,1,1,1,1,false,0,""
"Nephi",UT,1,1,1,1,1,false,0,""
"Nibley",UT,1,1,1,1,1,false,0,""
"North Logan",UT,1,1,1,1,1,false,0,""
"Plain City",UT,1,1,1,1,1,false,0,""
"Riverton",UT,2,2,1,2,1,false,0,""
"Roosevelt",UT,1,1,1,1,1,false,0,""
"Saint George",UT,1,1,1,1,1,false,0,""
"Santa Clara",UT,1,1,1,1,1,false,0,""
"Santaquin",UT,1,1,1,1,1,false,0,""
"Saratoga Springs",UT,1,1,1,1,1,false,0,""
"South Salt Lake City",UT,1,1,1,1,1,false,0,""
"South Weber",UT,1,1,1,1,1,false,0,""
"Spanish Fork",UT,1,1,1,1,1,false,0,""
"Springdale",UT,1,1,1,1,1,false,0,""
"Stansbury Park",UT,1,1,1,1,1,false,0,""
"Sugar House",UT,1,1,1,1,1,false,0,""
"Uintah",UT,1,1,1,1,1,false,0,""
"Washington",UT,1,1,1,1,1,false,0,""
"West Bountiful",UT,1,1,1,1,1,false,0,""
"West Haven",UT,1,1,1,1,1,false,0,""
"Afton",VA,1,1,1,1,1,false,0,""
"Aldie",VA,1,1,1,1,1,false,0,""
"Altavista",VA,1,1,1,1,1,false,0,""
"Amherst",VA,1,1,1,1,1,false,0,""
"Ashland",VA,1,1,1,1,1,false,0,""
"Basye",VA,1,1,1,1,1,false,0,""
"Bayse",VA,1,1,1,1,1,false,0,""
"Berryville",VA,1,1,1,1,1,false,0,""
"Bristol",VA,1,1,1,1,1,false,0,""
"Bristow",VA,3,3,1,3,1,false,0,""
"Broadway",VA,1,1,1,1,1,false,0,""
"Buchanan",VA,1,1,1,1,1,false,0,""
"Buena Vista",VA,1,1,1,1,1,false,0,""
"Cape Charles",VA,1,1,1,1,1,false,0,""
"Centreville",VA,3,3,1,3,1,false,0,""
"Clifton Forge",VA,1,1,1,1,1,false,0,""
"Clifton",VA,2,2,1,2,1,false,0,""
"Colonial Beach",VA,1,1,1,1,1,false,0,""
"Colonial Heights",VA,1,1,1,1,1,false,0,""
"Covington",VA,1,1,1,1,1,false,0,""
"Crozier",VA,1,1,1,1,1,false,0,""
"Daleville",VA,1,1,1,1,1,false,0,""
"Deltaville",VA,1,1,1,1,1,false,0,""
"Dinwiddie",VA,1,1,1,1,1,false,0,""
"Disputanta",VA,2,2,1,2,1,false,0,""
"Dublin",VA,1,1,1,1,1,false,0,""
"Earlysville",VA,1,1,1,1,1,false,0,""
"Emporia",VA,1,1,1,1,1,false,0,""
"Ettrick",VA,1,1,1,1,1,false,0,""
"Exmore",VA,1,1,1,1,1,false,0,""
"Falmouth",VA,1,1,1,1,1,false,0,""
"Floyd",VA,1,1,1,1,1,false,0,""
"Galax",VA,1,1,1,1,1,false,0,""
"Goochland County",VA,1,1,1,1,1,false,0,""
"Gordonsville",VA,1,1,1,1,1,false,0,""
"Greenbackville",VA,1,1,1,1,1,false,0,""
"Heathsville",VA,1,1,1,1,1,false,0,""
"Highland Springs",VA,1,1,1,1,1,false,0,""
"Hillsville",VA,1,1,1,1,1,false,0,""
"Hopewell",VA,1,1,1,1,1,false,0,""
"Hot Springs",VA,1,1,1,1,1,false,0,""
"Irvington",VA,1,1,1,1,1,false,0,""
"Kilmarnock",VA,1,1,1,1,1,false,0,""
"Lake Ridge",VA,4,4,1,4,1,false,0,""
"Luray",VA,1,1,1,1,1,false,0,""
"Manakin Sabot",VA,1,1,1,1,1,false,0,""
"Manassas Park",VA,1,1,1,1,1,false,0,""
"Marion",VA,1,1,1,1,1,false,0,""
"Mineral",VA,1,1,1,1,1,false,0,""
"Montclair",VA,2,2,1,2,1,false,0,""
"Montross",VA,1,1,1,1,1,false,0,""
"Mount Jackson",VA,1,1,1,1,1,false,0,""
"N. Chesterfield",VA,1,1,1,1,1,false,0,""
"Natural Bridge Station",VA,1,1,1,1,1,false,0,""
"Nellysford",VA,1,1,1,1,1,false,0,""
"North Chesterfield",VA,3,1,3,3,1,false,0,""
"Occoquan Historic District",VA,1,1,1,1,1,false,0,""
"Orange",VA,1,1,1,1,1,false,0,""
"Penhook",VA,1,1,1,1,1,false,0,""
"Penn Laird",VA,1,1,1,1,1,false,0,""
"Petersburg",VA,1,1,1,1,1,false,0,""
"Quinton",VA,1,1,1,1,1,false,0,""
"Sandston",VA,1,1,1,1,1,false,0,""
"Scottsville",VA,1,1,1,1,1,false,0,""
"Smith Mountain Lake",VA,1,1,1,1,1,false,0,""
"South Boston",VA,1,1,1,1,1,false,0,""
"South Riding",VA,1,1,1,1,1,false,0,""
"Stephens City",VA,1,1,1,1,1,false,0,""
"Sweet Briar",VA,1,1,1,1,1,false,0,""
"Tappahannock",VA,2,2,1,2,1,false,0,""
"Troy",VA,1,1,1,1,1,false,0,""
"Tysons",VA,2,2,1,2,1,false,0,""
"Va Beach",VA,1,1,1,1,1,false,0,""
"Va",VA,1,1,1,1,1,false,0,""
"Vinton",VA,1,1,1,1,1,false,0,""
"Weyers Cave",VA,1,1,1,1,1,false,0,""
"Woodlawn",VA,1,1,1,1,1,false,0,""
"Wytheville",VA,1,1,1,1,1,false,0,""
"Zion Crossroads",VA,1,1,1,1,1,false,0,""
"Alburgh",VT,1,1,1,1,1,false,0,""
"Bellows Falls",VT,1,1,1,1,1,false,0,""
"Bethel",VT,1,1,1,1,1,false,0,""
"Bolton",VT,1,1,1,1,1,false,0,""
"Bradford",VT,1,1,1,1,1,false,0,""
"Brandon",VT,1,1,1,1,1,false,0,""
"Bridgewater",VT,1,1,1,1,1,false,0,""
"Brownington",VT,1,1,1,1,1,false,0,""
"Cambridge",VT,1,1,1,1,1,false,0,""
"Castleton",VT,1,1,1,1,1,false,0,""
"Derby",VT,1,1,1,1,1,false,0,""
"Essex",VT,2,2,1,2,1,false,0,""
"Franklin",VT,1,1,1,1,1,false,0,""
"Georgia",VT,1,1,1,1,1,false,0,""
"Grafton",VT,1,1,1,1,1,false,0,""
"Grand Isle",VT,1,1,1,1,1,false,0,""
"Highgate",VT,1,1,1,1,1,false,0,""
"Irasburg",VT,1,1,1,1,1,false,0,""
"Island Pond",VT,1,1,1,1,1,false,0,""
"Isle La Motte",VT,1,1,1,1,1,false,0,""
"Jeffersonville",VT,1,1,1,1,1,false,0,""
"Jericho",VT,1,1,1,1,1,false,0,""
"Londonderry",VT,2,2,1,2,1,false,0,""
"Manchester",VT,2,2,1,2,1,false,0,""
"Norwich",VT,1,1,1,1,1,false,0,""
"Plymouth",VT,1,1,1,1,1,false,0,""
"Putney",VT,1,1,1,1,1,false,0,""
"Quechee",VT,1,1,1,1,1,false,0,""
"Randolph",VT,1,1,1,1,1,false,0,""
"Rutland Town",VT,1,1,1,1,1,false,0,""
"Saxtons River",VT,1,1,1,1,1,false,0,""
"Shaftsbury",VT,1,1,1,1,1,false,0,""
"Shoreham",VT,1,1,1,1,1,false,0,""
"St Johnsbury",VT,1,1,1,1,1,false,0,""
"Stowe",VT,1,1,1,1,1,false,0,""
"Tinmouth",VT,1,1,1,1,1,false,0,""
"Townshend",VT,1,1,1,1,1,false,0,""
"Underhill",VT,1,1,1,1,1,false,0,""
"Vergennes",VT,1,1,1,1,1,false,0,""
"VT",VT,1,1,1,1,1,false,0,""
"Wallingford",VT,1,1,1,1,1,false,0,""
"Waterbury",VT,1,1,1,1,1,false,0,""
"Wells",VT,1,1,1,1,1,false,0,""
"West Rutland",VT,1,1,1,1,1,false,0,""
"Westminster West",VT,1,1,1,1,1,false,0,""
"Winooski",VT,1,1,1,1,1,false,0,""
"Aberdeen",WA,1,1,1,1,1,false,0,""
"Anderson Island",WA,1,1,1,1,1,false,0,""
"Bonney Lake",WA,1,1,1,1,1,false,0,""
"Brier",WA,1,1,1,1,1,false,0,""
"Burlington",WA,1,1,1,1,1,false,0,""
"Camano Island",WA,1,1,1,1,1,false,0,""
"Centralia",WA,1,1,1,1,1,false,0,""
"Clarkston",WA,1,1,1,1,1,false,0,""
"Colbert",WA,1,1,1,1,1,false,0,""
"College Place",WA,2,1,2,2,1,false,0,""
"Colville",WA,1,1,1,1,1,false,0,""
"Des Moines",WA,1,1,1,1,1,false,0,""
"Elma",WA,1,1,1,1,1,false,0,""
"Everson",WA,1,1,1,1,1,false,0,""
"Forks",WA,1,1,1,1,1,false,0,""
"Fox Island",WA,1,1,1,1,1,false,0,""
"Gold Bar",WA,1,1,1,1,1,false,0,""
"Grandview",WA,1,1,1,1,1,false,0,""
"Hat Island",WA,1,1,1,1,1,false,0,""
"Hoodsport",WA,1,1,1,1,1,false,0,""
"Kettle Falls",WA,1,1,1,1,1,false,0,""
"Kingston",WA,1,1,1,1,1,false,0,""
"La Center",WA,1,1,1,1,1,false,0,""
"Lake Stevens",WA,2,2,1,2,1,false,0,""
"Lake Tapps",WA,1,1,1,1,1,false,0,""
"Leavenworth",WA,1,1,1,1,1,false,0,""
"Loon Lake",WA,1,1,1,1,1,false,0,""
"Maple Valley",WA,2,2,1,2,1,false,0,""
"Mazama",WA,1,1,1,1,1,false,0,""
"McCleary",WA,1,1,1,1,1,false,0,""
"Metaline Falls",WA,1,1,1,1,1,false,0,""
"Mill Creek",WA,2,2,1,2,1,false,0,""
"Millwood City",WA,1,1,1,1,1,false,0,""
"Milton",WA,1,1,1,1,1,false,0,""
"Mukilteo",WA,2,2,1,2,1,false,0,""
"N. Newport Hwy Spokane",WA,1,1,1,1,1,false,0,""
"Naches",WA,1,1,1,1,1,false,0,""
"Normandy Park",WA,1,1,1,1,1,false,0,""
"Ocean Park",WA,3,3,1,3,1,false,0,""
"Ocean Shores",WA,1,1,1,1,1,false,0,""
"Omak",WA,1,1,1,1,1,false,0,""
"Orondo",WA,1,1,1,1,1,false,0,""
"Othello",WA,1,1,1,1,1,false,0,""
"Pacific",WA,1,1,1,1,1,false,0,""
"Quilcene",WA,1,1,1,1,1,false,0,""
"Quincy",WA,1,1,1,1,1,false,0,""
"Rainier",WA,1,1,1,1,1,false,0,""
"Raymond",WA,1,1,1,1,1,false,0,""
"Redmon",WA,1,1,1,1,1,false,0,""
"Republic",WA,1,1,1,1,1,false,0,""
"Roche Harbor",WA,1,1,1,1,1,false,0,""
"Seabrook",WA,1,1,1,1,1,false,0,""
"Seatlle",WA,1,1,1,1,1,false,0,""
"Selah",WA,1,1,1,1,1,false,0,""
"South Bend",WA,1,1,1,1,1,false,0,""
"Springdale",WA,1,1,1,1,1,false,0,""
"Sumas",WA,1,1,1,1,1,false,0,""
"Sunnyside",WA,1,1,1,1,1,false,0,""
"Underwood",WA,1,1,1,1,1,false,0,""
"University Place",WA,1,1,1,1,1,false,0,""
"Vashon",WA,2,2,1,2,1,false,0,""
"WA",WA,1,1,1,1,1,false,0,""
"White Salmon",WA,1,1,1,1,1,false,0,""
"Woodinville",WA,3,3,1,3,1,false,0,""
"Woodland",WA,1,1,1,1,1,false,0,""
"Yarrow Point",WA,1,1,1,1,1,false,0,""
"Zillah",WA,1,1,1,1,1,false,0,""
"Algoma",WI,1,1,1,1,1,false,0,""
"Allouez",WI,1,1,1,1,1,false,0,""
"Ashland",WI,1,1,1,1,1,false,0,""
"Ashwaubenon",WI,1,1,1,1,1,false,0,""
"Baileys Harbor",WI,1,1,1,1,1,false,0,""
"Baldwin",WI,1,1,1,1,1,false,0,""
"Bayside",WI,1,1,1,1,1,false,0,""
"Belgium",WI,1,1,1,1,1,false,0,""
"Bellevue",WI,1,1,1,1,1,false,0,""
"Black River Falls",WI,1,1,1,1,1,false,0,""
"Blue River",WI,1,1,1,1,1,false,0,""
"Brussels",WI,1,1,1,1,1,false,0,""
"Buchanan",WI,1,1,1,1,1,false,0,""
"Clayton",WI,1,1,1,1,1,false,0,""
"Crivitz",WI,1,1,1,1,1,false,0,""
"Cudahy",WI,1,1,1,1,1,false,0,""
"Deerfield",WI,1,1,1,1,1,false,0,""
"DeForest",WI,1,1,1,1,1,false,0,""
"Delavan",WI,1,1,1,1,1,false,0,""
"Elkhart Lake",WI,1,1,1,1,1,false,0,""
"Fennimore",WI,2,2,1,2,1,false,0,""
"Fish Creek",WI,1,1,1,1,1,false,0,""
"Fredonia",WI,1,1,1,1,1,false,0,""
"Green Lake",WI,1,1,1,1,1,false,0,""
"Greendale",WI,1,1,1,1,1,false,0,""
"Harrison",WI,1,1,1,1,1,false,0,""
"Holmen",WI,1,1,1,1,1,false,0,""
"Hortonville",WI,1,1,1,1,1,false,0,""
"Jefferson",WI,1,1,1,1,1,false,0,""
"Kaukauna",WI,1,1,1,1,1,false,0,""
"Kewaskum",WI,1,1,1,1,1,false,0,""
"Kiel",WI,1,1,1,1,1,false,0,""
"La Valle",WI,2,1,2,2,1,false,0,""
"Lac Du Flambeau",WI,1,1,1,1,1,false,0,""
"Ladysmith",WI,1,1,1,1,1,false,0,""
"Lake Hallie",WI,1,1,1,1,1,false,0,""
"Lake Mills",WI,1,1,1,1,1,false,0,""
"Land O Lakes",WI,1,1,1,1,1,false,0,""
"Little Chute",WI,1,1,1,1,1,false,0,""
"Manitowish Waters",WI,1,1,1,1,1,false,0,""
"MARINETTE",WI,1,1,1,1,1,false,0,""
"Markesan",WI,1,1,1,1,1,false,0,""
"Mazomanie",WI,1,1,1,1,1,false,0,""
"McFarland",WI,1,1,1,1,1,false,0,""
"Middleton",WI,2,1,2,2,1,false,0,""
"Minong",WI,1,1,1,1,1,false,0,""
"Mosinee",WI,1,1,1,1,1,false,0,""
"Mount Pleasant.",WI,1,1,1,1,1,false,0,""
"Mt Horeb",WI,1,1,1,1,1,false,0,""
"Mukwonago",WI,1,1,1,1,1,false,0,""
"Muskego",WI,2,1,2,2,1,false,0,""
"Nekoosa",WI,1,1,1,1,1,false,0,""
"North Fond Du Lac",WI,1,1,1,1,1,false,0,""
"Omro",WI,1,1,1,1,1,false,0,""
"Onalaska",WI,2,1,2,2,1,false,0,""
"Osseo",WI,1,1,1,1,1,false,0,""
"Oxford",WI,1,1,1,1,1,false,0,""
"Pewaukee",WI,2,1,2,2,1,false,0,""
"Pickerel",WI,1,1,1,1,1,false,0,""
"Plymouth",WI,1,1,1,1,1,false,0,""
"Poplar",WI,1,1,1,1,1,false,0,""
"Prairie Du Chien",WI,1,1,1,1,1,false,0,""
"Prairie Du Sac",WI,1,1,1,1,1,false,0,""
"Random Lake",WI,1,1,1,1,1,false,0,""
"Readstown",WI,1,1,1,1,1,false,0,""
"Richfield",WI,1,1,1,1,1,false,0,""
"Ripon",WI,1,1,1,1,1,false,0,""
"River Hills",WI,1,1,1,1,1,false,0,""
"Sauk City",WI,1,1,1,1,1,false,0,""
"Siren",WI,1,1,1,1,1,false,0,""
"Sister Bay",WI,1,1,1,1,1,false,0,""
"Somerset",WI,1,1,1,1,1,false,0,""
"South Milwaukee",WI,1,1,1,1,1,false,0,""
"Sparta",WI,1,1,1,1,1,false,0,""
"Spencer",WI,1,1,1,1,1,false,0,""
"Spring Green",WI,1,1,1,1,1,false,0,""
"St Croix Falls",WI,1,1,1,1,1,false,0,""
"Suamico",WI,1,1,1,1,1,false,0,""
"Three Lakes",WI,1,1,1,1,1,false,0,""
"Tomah",WI,1,1,1,1,1,false,0,""
"Trego",WI,1,1,1,1,1,false,0,""
"Twin Lakes",WI,1,1,1,1,1,false,0,""
"Village of",WI,1,1,1,1,1,false,0,""
"W Delavan St",WI,1,1,1,1,1,false,0,""
"Walworth",WI,1,1,1,1,1,false,0,""
"Wausau",WI,1,1,1,1,1,false,0,""
"West Milwaukee",WI,1,1,1,1,1,false,0,""
"Weston",WI,1,1,1,1,1,false,0,""
"Weyerhaeuser",WI,1,1,1,1,1,false,0,""
"White Lake",WI,1,1,1,1,1,false,0,""
"Whitefish Bay",WI,1,1,1,1,1,false,0,""
"Winneconne",WI,1,1,1,1,1,false,0,""
"Wisconsin Rapids",WI,1,1,1,1,1,false,0,""
"Wrightstown",WI,1,1,1,1,1,false,0,""
"Barboursville",WV,1,1,1,1,1,false,0,""
"Bridgeport",WV,1,1,1,1,1,false,0,""
"Capon Bridge",WV,1,1,1,1,1,false,0,""
"Charles Town",WV,1,1,1,1,1,false,0,""
"Fayetteville",WV,1,1,1,1,1,false,0,""
"Follansbee",WV,1,1,1,1,1,false,0,""
"Gilbert",WV,1,1,1,1,1,false,0,""
"Harpers Ferry",WV,1,1,1,1,1,false,0,""
"Institute",WV,1,1,1,1,1,false,0,""
"Logan",WV,1,1,1,1,1,false,0,""
"Middlebourne",WV,1,1,1,1,1,false,0,""
"New Cumberland",WV,1,1,1,1,1,false,0,""
"Paw Paw",WV,1,1,1,1,1,false,0,""
"Pax",WV,1,1,1,1,1,false,0,""
"Princeton",WV,2,2,1,2,1,false,0,""
"Ranson",WV,1,1,1,1,1,false,0,""
"Ravenswood",WV,1,1,1,1,1,false,0,""
"Roanoke",WV,1,1,1,1,1,false,0,""
"Romney",WV,1,1,1,1,1,false,0,""
"Scott Depot",WV,1,1,1,1,1,false,0,""
"Spencer",WV,1,1,1,1,1,false,0,""
"Triadelphia",WV,1,1,1,1,1,false,0,""
"Tridelphia",WV,1,1,1,1,1,false,0,""
"Welch",WV,1,1,1,1,1,false,0,""
"Wellsburg",WV,1,1,1,1,1,false,0,""
"Williamson",WV,1,1,1,1,1,false,0,""
"Cody",WY,1,1,1,1,1,false,0,""
"Dayton",WY,1,1,1,1,1,false,0,""
"Douglas",WY,1,1,1,1,1,false,0,""
"E Park Ave Laramie",WY,1,1,1,1,1,false,0,""
"Etna",WY,1,1,1,1,1,false,0,""
"Hudson",WY,1,1,1,1,1,false,0,""
"Pine Bluffs",WY,1,1,1,1,1,false,0,""
"Pinedale",WY,1,1,1,1,1,false,0,""
"Powell",WY,1,1,1,1,1,false,0,""
"Star Valley Ranch",WY,1,1,1,1,1,false,0,""
"Wilson",WY,1,1,1,1,1,false,0,""
"Worland",WY,2,2,1,2,1,false,0,""
"Sand Point",AK,1,1,0,1,0,false,0,""
"Bessemer",AL,1,0,1,1,0,false,0,""
"Chelsea",AL,1,0,1,1,0,false,0,""
"Clay",AL,1,0,1,1,0,false,0,""
"Langston",AL,1,0,1,1,0,false,0,""
"Greenbrier",AR,1,0,1,1,0,false,0,""
"Heber Springs",AR,1,0,1,1,0,false,0,""
"Holiday Island",AR,1,0,1,1,0,false,0,""
"Anthem",AZ,2,1,1,2,0,false,0,""
"Az",AZ,1,0,1,1,0,false,0,""
"Cave Creek",AZ,1,1,0,1,0,false,0,""
"Guerneville",AZ,1,1,0,1,0,false,0,""
"Laguna Niguel",AZ,1,1,0,1,0,false,0,""
"Larkspur",AZ,1,1,0,1,0,false,0,""
"Orangevale",AZ,1,1,0,1,0,false,0,""
"Booneville",CA,1,1,0,1,0,false,0,""
"Brentwood",CA,1,0,1,1,0,false,0,""
"Carmel By The Sea",CA,1,0,1,1,0,false,0,""
"Fawnskin",CA,1,0,1,1,0,false,0,""
"Goldenwest St Huntington Beach",CA,1,0,1,1,0,false,0,""
"Granada Hills",CA,1,1,0,1,0,false,0,""
"Kernville",CA,1,0,1,1,0,false,0,""
"La Caada",CA,1,0,1,1,0,false,0,""
"Lake Arrowhead",CA,1,1,0,1,0,false,0,""
"Lake Elsinore",CA,1,1,0,1,0,false,0,""
"Lompoc",CA,1,1,0,1,0,false,0,""
"Monrovia",CA,1,0,1,1,0,false,0,""
"Moreno Valley",CA,1,1,0,1,0,false,0,""
"Newhall",CA,1,1,0,1,0,false,0,""
"Porter Ranch",CA,1,0,1,1,0,false,0,""
"San Gabriel",CA,1,0,1,1,0,false,0,""
"Tulare",CA,1,0,1,1,0,false,0,""
"Boone",CO,1,0,0,1,0,false,0,""
"N. Park St.  Cortez",CO,1,0,1,1,0,false,0,""
"Unity Park Trumbull",CT,1,0,0,1,0,false,0,""
"Bethany Beach",DE,1,1,0,1,0,false,0,""
"Greenacres",FL,1,0,1,1,0,false,0,""
"St. Augustine Beach",FL,1,0,1,1,0,false,0,""
"Treasure Island",FL,2,2,0,2,0,false,0,""
"Weeki Wachee",FL,1,0,1,1,0,false,0,""
"Yulee",FL,1,1,0,1,0,false,0,""
"Forsyth",GA,1,0,1,1,0,false,0,""
"ga",GA,1,1,0,1,0,false,0,""
"Hartwell",GA,1,1,0,1,0,false,0,""
"Mount Airy",GA,1,1,0,1,0,false,0,""
"Neese Road Woodstock",GA,1,0,1,1,0,false,0,""
"Summerville",GA,1,1,0,1,0,false,0,""
"Hale'iwa",HI,4,0,4,4,0,false,0,""
"Hau'ula",HI,2,0,2,2,0,false,0,""
"Ka'a'awa",HI,1,1,0,1,0,false,0,""
"Kaʻaʻawa",HI,2,0,2,2,0,false,0,""
"Kāneʻohe",HI,4,0,4,4,0,false,0,""
"Kne'ohe",HI,6,0,0,6,0,false,0,""
"Aspinwall",IA,1,1,0,1,0,false,0,""
"Bellevue",IA,1,1,0,1,0,false,0,""
"Cascade",IA,1,1,0,1,0,false,0,""
"Delmar",IA,1,1,0,1,0,false,0,""
"Ida Gove",IA,1,1,0,1,0,false,0,""
"Nowalk",IA,1,1,0,1,0,false,0,""
"Montpelier",ID,1,1,0,1,0,false,0,""
"Richfield",ID,1,1,0,1,0,false,0,""
"Tamarack",ID,1,1,0,1,0,false,0,""
"Bartlett",IL,1,1,0,1,0,false,0,""
"Chapin",IL,1,1,0,1,0,false,0,""
"East",IL,1,1,0,1,0,false,0,""
"Elgin",IL,1,1,0,1,0,false,0,""
"Englewood",IL,1,1,0,1,0,false,0,""
"La Grange Park",IL,1,0,1,1,0,false,0,""
"Louisville",IL,1,0,0,1,0,false,0,""
"Mattoon",IL,1,0,1,1,0,false,0,""
"South Elgin",IL,1,1,0,1,0,false,0,""
"Unknown",IL,1,0,0,1,0,false,0,""
"Bremen",IN,1,0,1,1,0,false,0,""
"Connersville",IN,1,0,1,1,0,false,0,""
"East St Clair Street",IN,1,0,0,1,0,false,0,""
"Lake Station",IN,1,0,1,1,0,false,0,""
"Lawrence",IN,1,0,0,1,0,false,0,""
"Rensselaer",IN,1,0,1,1,0,false,0,""
"Salem",IN,1,1,0,1,0,false,0,""
"Wabash",IN,1,1,0,1,0,false,0,""
"Kansas City",KS,2,2,0,2,0,false,0,""
"Washington",KS,1,1,0,1,0,false,0,""
"Bob Amos Drive Pikeville",KY,1,1,0,1,0,false,0,""
"Clays Mill Rd Lexington",KY,1,0,1,1,0,false,0,""
"Fairdale",KY,1,1,0,1,0,false,0,""
"Jeffersontown",KY,1,1,0,1,0,false,0,""
"Valley Station",KY,1,1,0,1,0,false,0,""
"Brusly",LA,1,1,0,1,0,false,0,""
"Opelousas",LA,1,1,0,1,0,false,0,""
"Sulfur",LA,1,1,0,1,0,false,0,""
"Halifax",MA,2,2,0,2,0,false,0,""
"Norfolk",MA,1,0,1,1,0,false,0,""
"South Grafton",MA,1,1,0,1,0,false,0,""
"Truro",MA,1,1,0,1,0,false,0,""
"Uxbirdge",MA,1,1,0,1,0,false,0,""
"Wellesley Hills",MA,1,1,0,1,0,false,0,""
"Westboro",MA,1,1,0,1,0,false,0,""
"Abingdon",MD,1,1,0,1,0,false,0,""
"Cascade",MD,1,0,1,1,0,false,0,""
"Colesville",MD,1,1,0,1,0,false,0,""
"Edgewater",MD,1,1,0,1,0,false,0,""
"Finksburg",MD,1,0,1,1,0,false,0,""
"North Bethesda",MD,1,1,0,1,0,false,0,""
"Oakland",MD,1,1,0,1,0,false,0,""
"Old Orchard Beach",ME,1,1,0,1,0,false,0,""
"Rincon de Guayabitos",ME,1,1,0,1,0,false,0,""
"Charlotte",MI,1,1,0,1,0,false,0,""
"Clay",MI,1,1,0,1,0,false,0,""
"Fowlerville",MI,1,1,0,1,0,false,0,""
"Hudsonville",MI,1,1,0,1,0,false,0,""
"Parchment",MI,1,1,0,1,0,false,0,""
"Vicksburg",MI,1,1,0,1,0,false,0,""
"Austin",MN,1,1,0,1,0,false,0,""
"Pequot Lakes",MN,1,0,1,1,0,false,0,""
"Pine River",MN,1,0,1,1,0,false,0,""
"Plainview",MN,1,0,1,1,0,false,0,""
"Racine",MN,1,1,0,1,0,false,0,""
"Ramsey",MN,1,0,1,1,0,false,0,""
"Stewartville",MN,1,0,1,1,0,false,0,""
"Waseca",MN,1,0,1,1,0,false,0,""
"Manchester",MO,1,0,1,1,0,false,0,""
"Mountian View",MO,1,1,0,1,0,false,0,""
"Sikeston",MO,1,0,1,1,0,false,0,""
"Terrace",MO,1,1,0,1,0,false,0,""
"Columbus",MS,1,0,1,1,0,false,0,""
"Purvis",MS,1,0,1,1,0,false,0,""
"Cedar Point",NC,1,0,1,1,0,false,0,""
"Seven Lakes",NC,1,1,0,1,0,false,0,""
"Town Creek",NC,1,1,0,1,0,false,0,""
"Papillon",NE,1,1,0,1,0,false,0,""
"Seward",NE,1,0,1,1,0,false,0,""
"Brattleboro",NH,1,1,0,1,0,false,0,""
"East Hampstead",NH,1,0,1,1,0,false,0,""
"Exeter",NH,2,1,1,2,0,false,0,""
"Raymond",NH,1,0,1,1,0,false,0,""
"Sanbornton",NH,1,1,0,1,0,false,0,""
"Seabrook",NH,1,1,0,1,0,false,0,""
"Lebanon",NJ,1,1,0,1,0,false,0,""
"Mahwah",NJ,1,1,0,1,0,false,0,""
"Manasquan",NJ,1,1,0,1,0,false,0,""
"Medford Lakes",NJ,1,1,0,1,0,false,0,""
"Monroe",NJ,1,0,1,1,0,false,0,""
"North Brunswick",NJ,1,1,0,1,0,false,0,""
"Paterson",NJ,2,2,0,2,0,false,0,""
"Pitman",NJ,1,1,0,1,0,false,0,""
"Plainfield",NJ,1,1,0,1,0,false,0,""
"Runnemede",NJ,1,0,1,1,0,false,0,""
"Turnersville",NJ,1,1,0,1,0,false,0,""
"Voorhees",NJ,1,0,1,1,0,false,0,""
"Woodbridge",NJ,2,2,0,2,0,false,0,""
"Deming",NM,3,1,2,3,0,false,0,""
"Danville",NV,3,3,0,3,0,false,0,""
"Inverness",NV,1,1,0,1,0,false,0,""
"Kernville",NV,2,2,0,2,0,false,0,""
"Kingsbury Grade Stateline",NV,1,0,1,1,0,false,0,""
"Airmont",NY,1,1,0,1,0,false,0,""
"Amagansett",NY,1,1,0,1,0,false,0,""
"Bayside",NY,1,1,0,1,0,false,0,""
"Bedford Hills",NY,1,0,1,1,0,false,0,""
"Bolton Landing",NY,1,0,1,1,0,false,0,""
"Briarcliff",NY,1,0,1,1,0,false,0,""
"Clarence",NY,1,1,0,1,0,false,0,""
"Duanesburg",NY,1,1,0,1,0,false,0,""
"Fishers Island",NY,1,1,0,1,0,false,0,""
"Hague",NY,1,1,0,1,0,false,0,""
"Hampton Bays",NY,1,1,0,1,0,false,0,""
"Jamaica",NY,1,1,0,1,0,false,0,""
"Mineola",NY,1,1,0,1,0,false,0,""
"New City",NY,1,1,0,1,0,false,0,""
"New Rochelle",NY,1,1,0,1,0,false,0,""
"Town of Florid",NY,1,1,0,1,0,false,0,""
"West Dover",NY,1,1,0,1,0,false,0,""
"Youngstown",NY,1,0,1,1,0,false,0,""
"Bladensburg",OH,1,1,0,1,0,false,0,""
"Botkins",OH,1,1,0,1,0,false,0,""
"Cortland",OH,1,0,1,1,0,false,0,""
"Doylestown",OH,1,0,1,1,0,false,0,""
"Forest Park",OH,1,1,0,1,0,false,0,""
"Jackson Center",OH,1,1,0,1,0,false,0,""
"Miamisburg",OH,1,1,0,1,0,false,0,""
"Montrose",OH,1,0,1,1,0,false,0,""
"Shelby",OH,1,0,1,1,0,false,0,""
"Swanton",OH,1,0,1,1,0,false,0,""
"Afton",OK,1,1,0,1,0,false,0,""
"Boise City",OK,1,0,1,1,0,false,0,""
"Ducan",OK,1,1,0,1,0,false,0,""
"Mounds",OK,1,1,0,1,0,false,0,""
"Aurora",OR,1,1,0,1,0,false,0,""
"City",OR,1,1,0,1,0,false,0,""
"Damascus",OR,1,1,0,1,0,false,0,""
"Gaston",OR,1,1,0,1,0,false,0,""
"Gold Hill",OR,1,1,0,1,0,false,0,""
"Happy Valley",OR,1,1,0,1,0,false,0,""
"Harbor",OR,1,1,0,1,0,false,0,""
"Keno",OR,1,1,0,1,0,false,0,""
"Milton-Freewater",OR,1,1,0,1,0,false,0,""
"Sherwood",OR,4,4,0,4,0,false,0,""
"Veneta",OR,1,1,0,1,0,false,0,""
"Audubon",PA,1,1,0,1,0,false,0,""
"Brookville",PA,2,1,1,2,0,false,0,""
"Clifton Heights",PA,1,1,0,1,0,false,0,""
"Coatesville",PA,1,0,1,1,0,false,0,""
"Cresson",PA,1,0,1,1,0,false,0,""
"Hatboro",PA,1,1,0,1,0,false,0,""
"Kingston",PA,1,1,0,1,0,false,0,""
"Marietta",PA,1,0,1,1,0,false,0,""
"Oakdale",PA,1,0,0,1,0,false,0,""
"Scranton",PA,1,1,0,1,0,false,0,""
"Silver Spring Township",PA,1,0,1,1,0,false,0,""
"Uniontown",PA,1,0,1,1,0,false,0,""
"Upper St Clair",PA,1,0,1,1,0,false,0,""
"Western",PA,1,1,0,1,0,false,0,""
"White Oak",PA,1,1,0,1,0,false,0,""
"Juana D�Az",PR,1,1,0,1,0,false,0,""
"Pe�Uelas",PR,1,1,0,1,0,false,0,""
"Rinc�N",PR,1,1,0,1,0,false,0,""
"R�O Grande",PR,1,1,0,1,0,false,0,""
"West Kingston",RI,1,0,1,1,0,false,0,""
"Chesterfield County",SC,1,1,0,1,0,false,0,""
"Hilton Head",SC,1,1,0,1,0,false,0,""
"Mt Pleasant",SC,2,0,2,2,0,false,0,""
"North Augusta",SC,2,1,1,2,0,false,0,""
"Saint Helena Island",SC,1,1,0,1,0,false,0,""
"Travelers Rest",SC,1,1,0,1,0,false,0,""
"Mobridge",SD,1,0,1,1,0,false,0,""
"Fairview",TN,1,0,1,1,0,false,0,""
"Jacksboro",TN,1,1,0,1,0,false,0,""
"Soddy Daisy",TN,1,0,1,1,0,false,0,""
"Alpine",TX,1,1,0,1,0,false,0,""
"Alvin",TX,1,1,0,1,0,false,0,""
"Bay City",TX,1,0,1,1,0,false,0,""
"Belton",TX,1,1,0,1,0,false,0,""
"Carthage",TX,1,0,1,1,0,false,0,""
"Coppell",TX,1,1,0,1,0,false,0,""
"Dale",TX,1,0,1,1,0,false,0,""
"Ennis",TX,1,0,1,1,0,false,0,""
"Flint",TX,1,1,0,1,0,false,0,""
"Keller",TX,1,0,1,1,0,false,0,""
"Magnolia",TX,3,3,0,3,0,false,0,""
"Port Aransas",TX,1,1,0,1,0,false,0,""
"Port Neches",TX,1,0,1,1,0,false,0,""
"Porter",TX,1,1,0,1,0,false,0,""
"Reno",TX,1,1,0,1,0,false,0,""
"Richland Hills",TX,1,1,0,1,0,false,0,""
"Stafford",TX,1,1,0,1,0,false,0,""
"Willis",TX,3,3,0,3,0,false,0,""
"Wills Point",TX,1,1,0,1,0,false,0,""
"Cedar Hills",UT,1,1,0,1,0,false,0,""
"Herriman",UT,3,1,2,3,0,false,0,""
"Riverdale",UT,1,1,0,1,0,false,0,""
"Springfield",UT,1,1,0,1,0,false,0,""
"Vineyard",UT,1,1,0,1,0,false,0,""
"West Valley City",UT,1,0,1,1,0,false,0,""
"Accomac",VA,1,0,1,1,0,false,0,""
"Ameila",VA,1,1,0,1,0,false,0,""
"Bent Mountain",VA,1,1,0,1,0,false,0,""
"Chatham",VA,2,1,1,2,0,false,0,""
"Chesapeake Beach",VA,1,1,0,1,0,false,0,""
"Front Royal VA",VA,1,1,0,1,0,false,0,""
"King William",VA,1,1,0,1,0,false,0,""
"Montpelier",VA,1,1,0,1,0,false,0,""
"Nassawadox",VA,1,1,0,1,0,false,0,""
"Onley",VA,2,2,0,2,0,false,0,""
"Ridgeway",VA,1,1,0,1,0,false,0,""
"Valentines",VA,1,1,0,1,0,false,0,""
"Washington",VA,1,1,0,1,0,false,0,""
"Richmond",VT,1,1,0,1,0,false,0,""
"Rochester",VT,1,1,0,1,0,false,0,""
"Stratton Mountain",VT,1,1,0,1,0,false,0,""
"8th Ave S",WA,1,1,0,1,0,false,0,""
"Arlington",WA,1,1,0,1,0,false,0,""
"Bow",WA,1,1,0,1,0,false,0,""
"Brush Prairie",WA,2,2,0,2,0,false,0,""
"Everett Mill Creek",WA,1,0,0,1,0,false,0,""
"Lake Forest Park",WA,2,2,0,2,0,false,0,""
"Seabeck",WA,1,1,0,1,0,false,0,""
"Sedro Woolley",WA,1,1,0,1,0,false,0,""
"Thorp",WA,1,1,0,1,0,false,0,""
"Tukwila",WA,4,4,0,4,0,false,0,""
"Twisp",WA,1,0,1,1,0,false,0,""
"Baraboo",WI,1,0,1,1,0,false,0,""
"Cable",WI,2,2,0,2,0,false,0,""
"Chilton",WI,1,0,1,1,0,false,0,""
"Eagle River",WI,1,0,1,1,0,false,0,""
"Howard",WI,1,0,1,1,0,false,0,""
"Lake Nebagamon",WI,1,1,0,1,0,false,0,""
"Mont Croix Drive Hudson",WI,1,0,1,1,0,false,0,""
"Seeley",WI,1,1,0,1,0,false,0,""
"Seneca",WI,1,1,0,1,0,false,0,""
"Wascott",WI,1,1,0,1,0,false,0,""
"Granville",WV,1,0,1,1,0,false,0,""
"Leetown",WV,1,1,0,1,0,false,0,""
"Sistersville",WV,1,0,1,1,0,false,0,""
"Ranchester",WY,1,0,1,1,0,false,0,""