slug,city,state,postal_code,derived_county,method,confidence,share,reason
"alaska-club-west","Anchorage",AK,,"",none,0,,"no postal_code"
"juneau-valley-club","Juneau",AK,,"",none,0,,"no postal_code"
"sand-point-school-sand-point","Sand Point",AK,,"",none,0,,"no postal_code"
"alaska-club-wasilla","Wasilla",AK,,"",none,0,,"no postal_code"
"central-alabama-community-college-alexander-city","Alexander City",AL,35010,"Tallapoosa",zip_nearest_county_centroid,0.78,0.773,"ZCTA spans 3 counties; nearest county centroid is 17 km away, next is 27 km (margin 10 km)"
"arab-recreation-center","Arab",AL,35016,"Marshall",zip_nearest_county_centroid,0.78,0.6867,"ZCTA spans 4 counties; nearest county centroid is 16 km away, next is 35 km (margin 19 km)"
"ardmore-park-ardmore","Ardmore",AL,35739,"Limestone",zip_nearest_county_centroid,0.78,0.5547,"ZCTA spans 2 counties; nearest county centroid is 23 km away, next is 36 km (margin 13 km)"
"meek-baptist-church","Arley",AL,35541,"Winston",zip_nearest_county_centroid,0.78,0.9892,"ZCTA spans 2 counties; nearest county centroid is 16 km away, next is 32 km (margin 16 km)"
"auburn-pickleball","Auburn",AL,36831,"",none,0,,"ZIP has no ZCTA in the Census relationship file (often a PO-box or point ZIP)"
"lake-wilmore-park-auburn","Auburn",AL,36830,"Lee",zip_nearest_county_centroid,0.78,0.5563,"ZCTA spans 2 counties; nearest county centroid is 12 km away, next is 32 km (margin 20 km)"
"samford-avenue-courts","Auburn",AL,36830,"Lee",zip_nearest_county_centroid,0.78,0.5563,"ZCTA spans 2 counties; nearest county centroid is 12 km away, next is 32 km (margin 20 km)"
"heardmont-park-54","Birmingham",AL,35242,"Shelby",zip_nearest_county_centroid,0.78,0.799,"ZCTA spans 2 counties; nearest county centroid is 12 km away, next is 27 km (margin 14 km)"
"sicard-hollow-athletic-complex-shac-birmingham","Birmingham",AL,35242,"Jefferson",zip_nearest_county_centroid,0.6,0.201,"ZCTA spans 2 counties; nearest county centroid is 23 km away, next is 23 km (margin 0 km) — OVERRODE the larger-by-land-area candidate"
"the-picklr-birmingham","Birmingham",AL,35216,"Jefferson",zip_nearest_county_centroid,0.6,0.9819,"ZCTA spans 2 counties; nearest county centroid is 16 km away, next is 22 km (margin 6 km)"
"valleydale-baptist-church","Birmingham",AL,35244,"Shelby",zip_nearest_county_centroid,0.78,0.5364,"ZCTA spans 2 counties; nearest county centroid is 15 km away, next is 24 km (margin 9 km)"
"ymca-greystone","Birmingham",AL,35242,"Shelby",zip_nearest_county_centroid,0.78,0.799,"ZCTA spans 2 counties; nearest county centroid is 17 km away, next is 26 km (margin 9 km)"
"ymca-youth-center-birmingham","Birmingham",AL,,"",none,0,,"no postal_code"
"clay-pickleball-tennis-center-57","Clay",AL,35048,"",none,0,,"ZIP has no ZCTA in the Census relationship file (often a PO-box or point ZIP)"
"decatur-athletic-decatur","Decatur",AL,35603,"Morgan",zip_nearest_county_centroid,0.78,0.9945,"ZCTA spans 2 counties; nearest county centroid is 18 km away, next is 29 km (margin 11 km)"
"decatur-julian-harris-park-decatur","Decatur",AL,35603,"Morgan",zip_nearest_county_centroid,0.6,0.9945,"ZCTA spans 2 counties; nearest county centroid is 22 km away, next is 27 km (margin 5 km)"
"priceville-event-center-decatur","Decatur",AL,35603,"Morgan",zip_nearest_county_centroid,0.78,0.9945,"ZCTA spans 2 counties; nearest county centroid is 21 km away, next is 32 km (margin 11 km)"
"azalea-swim-tennis-club-dothan","Dothan",AL,36303,"Houston",zip_nearest_county_centroid,0.78,0.9089,"ZCTA spans 3 counties; nearest county centroid is 15 km away, next is 28 km (margin 13 km)"
"city-of-dothan-pickleball-complex-dothan","Dothan",AL,,"",none,0,,"no postal_code"
"dothan-pickleball-complex-dothan","Dothan",AL,,"",none,0,,"no postal_code"
"rip-hewes-pickleball-complex-dothan","Dothan",AL,,"",none,0,,"no postal_code"
"ty-teen-center-dothan","Dothan",AL,36303,"Houston",zip_nearest_county_centroid,0.78,0.9089,"ZCTA spans 3 counties; nearest county centroid is 11 km away, next is 31 km (margin 20 km)"
"walton-park-dothan","Dothan",AL,36303,"Houston",zip_nearest_county_centroid,0.78,0.9089,"ZCTA spans 3 counties; nearest county centroid is 14 km away, next is 29 km (margin 16 km)"
"bynum-community-center","Eastaboga",AL,36260,"Calhoun",zip_nearest_county_centroid,0.6,0.3695,"ZCTA spans 2 counties; nearest county centroid is 26 km away, next is 30 km (margin 4 km) — OVERRODE the larger-by-land-area candidate"
"bill-morris-tennis-center","Enterprise",AL,36331,"",none,0,,"ZIP has no ZCTA in the Census relationship file (often a PO-box or point ZIP)"
"enterprise-pickleball-complex-enterprise","Enterprise",AL,36330,"Coffee",zip_nearest_county_centroid,0.78,0.9238,"ZCTA spans 2 counties; nearest county centroid is 18 km away, next is 26 km (margin 8 km)"
"enterprise-ymca","Enterprise",AL,36330,"Coffee",zip_nearest_county_centroid,0.78,0.9238,"ZCTA spans 2 counties; nearest county centroid is 16 km away, next is 27 km (margin 11 km)"
"escc-pickleball-complex","Enterprise",AL,36330,"Coffee",zip_nearest_county_centroid,0.78,0.9238,"ZCTA spans 2 counties; nearest county centroid is 16 km away, next is 27 km (margin 11 km)"
"jug-brown-recreation-park-enterprise","Enterprise",AL,36330,"Coffee",zip_nearest_county_centroid,0.78,0.9238,"ZCTA spans 2 counties; nearest county centroid is 16 km away, next is 26 km (margin 10 km)"
"the-bridges-at-tartan-pines","Enterprise",AL,36330,"Coffee",zip_nearest_county_centroid,0.78,0.9238,"ZCTA spans 2 counties; nearest county centroid is 14 km away, next is 29 km (margin 14 km)"
"eufaula-community-center","Eufaula",AL,36072,"",none,0,,"ZIP has no ZCTA in the Census relationship file (often a PO-box or point ZIP)"
"shaols-pickleball-club","Florence",AL,,"",none,0,,"no postal_code"
"the-foley-grove","Foley",AL,36536,"",none,0,,"ZIP has no ZCTA in the Census relationship file (often a PO-box or point ZIP)"
"gurley-recreation-center","Gurley",AL,35748,"Madison",zip_nearest_county_centroid,0.78,0.9293,"ZCTA spans 2 counties; nearest county centroid is 17 km away, next is 37 km (margin 19 km)"
"joe-tucker-park","Helena",AL,35080,"Shelby",zip_nearest_county_centroid,0.78,0.995,"ZCTA spans 2 counties; nearest county centroid is 17 km away, next is 29 km (margin 12 km)"
"hunter-street-baptist-church","Hoover",AL,35244,"Shelby",zip_nearest_county_centroid,0.6,0.5364,"ZCTA spans 2 counties; nearest county centroid is 19 km away, next is 23 km (margin 3 km)"
"veterans-park-hoover","Hoover",AL,35242,"Shelby",zip_nearest_county_centroid,0.78,0.799,"ZCTA spans 2 counties; nearest county centroid is 15 km away, next is 24 km (margin 9 km)"
"john-hunt-park-recreation-center-huntsville-al","Huntsville",AL,,"",none,0,,"no postal_code"
"spragins-hall","Huntsville",AL,35888,"",none,0,,"ZIP has no ZCTA in the Census relationship file (often a PO-box or point ZIP)"
"the-picklr-huntsville","Huntsville",AL,,"",none,0,,"no postal_code"
"swann-court-jasper","Jasper",AL,35502,"",none,0,,"ZIP has no ZCTA in the Census relationship file (often a PO-box or point ZIP)"
"mountain-lakes-resort-73","Langston",AL,35755,"Jackson",zip_nearest_county_centroid,0.6,0.2803,"ZCTA spans 2 counties; nearest county centroid is 26 km away, next is 34 km (margin 8 km) — OVERRODE the larger-by-land-area candidate"
"mosely-park-lincoln","Lincoln",AL,35096,"Talladega",zip_nearest_county_centroid,0.6,0.8852,"ZCTA spans 2 counties; nearest county centroid is 28 km away, next is 32 km (margin 4 km)"
"pickleroom","Madison",AL,35756,"Limestone",zip_nearest_county_centroid,0.6,0.8154,"ZCTA spans 2 counties; nearest county centroid is 18 km away, next is 22 km (margin 4 km)"
"17-springs","Millbrook",AL,36054,"Elmore",zip_nearest_county_centroid,0.78,0.88,"ZCTA spans 2 counties; nearest county centroid is 24 km away, next is 34 km (margin 10 km)"
"the-fields-at-17-springs","Millbrook",AL,36054,"Elmore",zip_nearest_county_centroid,0.78,0.88,"ZCTA spans 2 counties; nearest county centroid is 24 km away, next is 34 km (margin 10 km)"
"crawford-park","Mobile",AL,36601,"",none,0,,"ZIP has no ZCTA in the Census relationship file (often a PO-box or point ZIP)"
"joe-bailey-park","Mobile",AL,36601,"",none,0,,"ZIP has no ZCTA in the Census relationship file (often a PO-box or point ZIP)"
"picklerage-mobile-al","Mobile",AL,,"",none,0,,"no postal_code"
"new-hope-recreation-center","New Hope",AL,35760,"Marshall",zip_nearest_county_centroid,0.6,0.0705,"ZCTA spans 2 counties; nearest county centroid is 26 km away, next is 29 km (margin 3 km) — OVERRODE the larger-by-land-area candidate"
"tuscaloosa-county-pickleball-association","Northport",AL,,"",none,0,,"no postal_code"
"opp-parks-rec","Opp",AL,36467,"Covington",zip_nearest_county_centroid,0.78,0.9411,"ZCTA spans 2 counties; nearest county centroid is 19 km away, next is 29 km (margin 10 km)"
"oxford-alabama-pickleball","Oxford",AL,,"",none,0,,"no postal_code"
"ozark-pickleball-and-sports-complex","Ozark",AL,36361,"",none,0,,"ZIP has no ZCTA in the Census relationship file (often a PO-box or point ZIP)"
"clyde-h-pike-civic-center","Piedmont",AL,36272,"Cherokee",zip_nearest_county_centroid,0.78,0.4224,"ZCTA spans 4 counties; nearest county centroid is 17 km away, next is 26 km (margin 10 km)"
"joe-wheeler-state-park-rogersville","Rogersville",AL,35652,"Limestone",zip_nearest_county_centroid,0.6,0.0239,"ZCTA spans 2 counties; nearest county centroid is 29 km away, next is 34 km (margin 5 km) — OVERRODE the larger-by-land-area candidate"
"rogersville-city-park-rogersville","Rogersville",AL,35652,"Limestone",zip_nearest_county_centroid,0.6,0.0239,"ZCTA spans 2 counties; nearest county centroid is 29 km away, next is 34 km (margin 5 km) — OVERRODE the larger-by-land-area candidate"
"rogersville-park-rogersville","Rogersville",AL,35652,"Limestone",zip_nearest_county_centroid,0.6,0.0239,"ZCTA spans 2 counties; nearest county centroid is 29 km away, next is 34 km (margin 5 km) — OVERRODE the larger-by-land-area candidate"
"ralph-bishop-center-russellville","Russellville",AL,35653,"Franklin",zip_nearest_county_centroid,0.78,0.7801,"ZCTA spans 2 counties; nearest county centroid is 12 km away, next is 23 km (margin 11 km)"
"beth-yates-park-sylacauga","Sylacauga",AL,35150,"Talladega",zip_nearest_county_centroid,0.6,0.9729,"ZCTA spans 3 counties; nearest county centroid is 23 km away, next is 27 km (margin 3 km)"
"courtside-park-sylacauga","Sylacauga",AL,,"",none,0,,"no postal_code"
"madison-crossroads","Toney",AL,35773,"Madison",zip_nearest_county_centroid,0.6,0.7825,"ZCTA spans 2 counties; nearest county centroid is 22 km away, next is 25 km (margin 2 km)"
"trinity-pickleball-courts-trinity","Trinity",AL,35673,"Lawrence",zip_nearest_county_centroid,0.6,0.7204,"ZCTA spans 2 counties; nearest county centroid is 23 km away, next is 28 km (margin 5 km)"
"crosspoint-church-79","Trussville",AL,35173,"St. Clair",zip_nearest_county_centroid,0.78,0.2389,"ZCTA spans 2 counties; nearest county centroid is 20 km away, next is 37 km (margin 17 km) — OVERRODE the larger-by-land-area candidate"
"first-baptist-church-trussville-80","Trussville",AL,35173,"Jefferson",zip_nearest_county_centroid,0.6,0.7611,"ZCTA spans 2 counties; nearest county centroid is 28 km away, next is 30 km (margin 2 km)"
"trussville-civic-center-81","Trussville",AL,35173,"St. Clair",zip_nearest_county_centroid,0.6,0.2389,"ZCTA spans 2 counties; nearest county centroid is 27 km away, next is 30 km (margin 3 km) — OVERRODE the larger-by-land-area candidate"
"trussville-covered-courts","Trussville",AL,35173,"St. Clair",zip_nearest_county_centroid,0.6,0.2389,"ZCTA spans 2 counties; nearest county centroid is 28 km away, next is 29 km (margin 1 km) — OVERRODE the larger-by-land-area candidate"
"trussville-mall-courts-82","Trussville",AL,35173,"Jefferson",zip_nearest_county_centroid,0.6,0.7611,"ZCTA spans 2 counties; nearest county centroid is 28 km away, next is 30 km (margin 2 km)"
"trussville-ymca-83","Trussville",AL,35173,"Jefferson",zip_nearest_county_centroid,0.6,0.7611,"ZCTA spans 2 counties; nearest county centroid is 28 km away, next is 30 km (margin 2 km)"
"bowers-park-pickleball-tuscaloosa-al","Tuscaloosa",AL,,"",none,0,,"no postal_code"
"the-lighthouse-at-vhumc","Vestavia Hills",AL,35216,"Jefferson",zip_nearest_county_centroid,0.78,0.9819,"ZCTA spans 2 counties; nearest county centroid is 15 km away, next is 23 km (margin 8 km)"
"vestavia-hills-civic-center","Vestavia Hills",AL,35216,"Jefferson",zip_nearest_county_centroid,0.78,0.9819,"ZCTA spans 2 counties; nearest county centroid is 15 km away, next is 23 km (margin 8 km)"
"life-time-vestavia-hills","Vestavia",AL,35243,"Shelby",zip_nearest_county_centroid,0.6,0.0203,"ZCTA spans 2 counties; nearest county centroid is 19 km away, next is 20 km (margin 1 km) — OVERRODE the larger-by-land-area candidate"
"walton-family-whole-health-fitness","Bentonville",AR,72716,"",none,0,,"ZIP has no ZCTA in the Census relationship file (often a PO-box or point ZIP)"
"veterans-park-community-center","Cabot",AR,72023,"Lonoke",zip_nearest_county_centroid,0.78,0.6875,"ZCTA spans 3 counties; nearest county centroid is 27 km away, next is 35 km (margin 8 km)"
"dardanelle-community-center","Dardanelle",AR,72834,"Yell",zip_nearest_county_centroid,0.78,0.9723,"ZCTA spans 2 counties; nearest county centroid is 34 km away, next is 51 km (margin 17 km)"
"fairfield-bay-recreation","Fairfield Bay",AR,72088,"Van Buren",zip_nearest_county_centroid,0.6,0.8426,"ZCTA spans 2 counties; nearest county centroid is 23 km away, next is 23 km (margin 1 km)"
"harrison-parks-and-rec-tennis-courts","Harrison",AR,72602,"",none,0,,"ZIP has no ZCTA in the Census relationship file (often a PO-box or point ZIP)"
"balboa-baptist-church","Hot Springs Village",AR,71909,"Garland",zip_nearest_county_centroid,0.78,0.7328,"ZCTA spans 2 counties; nearest county centroid is 16 km away, next is 30 km (margin 14 km)"
"diamante-country-club","Hot Springs Village",AR,71909,"Garland",zip_nearest_county_centroid,0.78,0.7328,"ZCTA spans 2 counties; nearest county centroid is 16 km away, next is 30 km (margin 14 km)"
"hot-springs-village-95","Hot Springs Village",AR,71909,"Garland",zip_nearest_county_centroid,0.78,0.7328,"ZCTA spans 2 counties; nearest county centroid is 16 km away, next is 30 km (margin 14 km)"
"hot-springs-village-church-of-christ","Hot Springs Village",AR,71909,"Garland",zip_nearest_county_centroid,0.78,0.7328,"ZCTA spans 2 counties; nearest county centroid is 16 km away, next is 30 km (margin 14 km)"
"hot-springs-health-and-fitness","Hot Springs",AR,71913,"Garland",zip_nearest_county_centroid,0.78,0.7615,"ZCTA spans 2 counties; nearest county centroid is 12 km away, next is 23 km (margin 11 km)"
"hot-springs-ymca-94","Hot Springs",AR,71901,"Garland",zip_nearest_county_centroid,0.78,0.9949,"ZCTA spans 2 counties; nearest county centroid is 12 km away, next is 23 km (margin 11 km)"
"vulcan-pickleball-park","Hot Springs",AR,71913,"Garland",zip_nearest_county_centroid,0.78,0.7615,"ZCTA spans 2 counties; nearest county centroid is 12 km away, next is 23 km (margin 11 km)"
"jacksonville-high-school","Jacksonville",AR,72076,"Pulaski",zip_nearest_county_centroid,0.6,0.8472,"ZCTA spans 3 counties; nearest county centroid is 21 km away, next is 23 km (margin 2 km)"
"central-baptist-church-8294","Magnolia",AR,71754,"",none,0,,"ZIP has no ZCTA in the Census relationship file (often a PO-box or point ZIP)"
"paragould-community-center","Paragould",AR,72450,"Greene",zip_nearest_county_centroid,0.78,0.9828,"ZCTA spans 2 counties; nearest county centroid is 9 km away, next is 28 km (margin 19 km)"
"pickleball-savings-headquarters","Pearcy",AR,71964,"Garland",zip_nearest_county_centroid,0.78,0.8151,"ZCTA spans 2 counties; nearest county centroid is 21 km away, next is 34 km (margin 13 km)"
"walton-lifetime-health-center","Siloam Springs",AR,72761,"Benton",zip_nearest_county_centroid,0.6,0.9535,"ZCTA spans 2 counties; nearest county centroid is 31 km away, next is 37 km (margin 7 km)"
"harry-sbanotto-park","Springdale",AR,72762,"Benton",zip_nearest_county_centroid,0.6,0.2138,"ZCTA spans 2 counties; nearest county centroid is 20 km away, next is 25 km (margin 4 km) — OVERRODE the larger-by-land-area candidate"
"springdale-recreation-center","Springdale",AR,72762,"Benton",zip_nearest_county_centroid,0.6,0.2138,"ZCTA spans 2 counties; nearest county centroid is 20 km away, next is 25 km (margin 4 km) — OVERRODE the larger-by-land-area candidate"
"the-jones-center","Springdale",AR,72764,"Benton",zip_nearest_county_centroid,0.6,0.0893,"ZCTA spans 2 counties; nearest county centroid is 20 km away, next is 25 km (margin 4 km) — OVERRODE the larger-by-land-area candidate"
"walnut-ridge-high-school","Walnut Ridge",AR,72476,"Lawrence",zip_nearest_county_centroid,0.78,0.8261,"ZCTA spans 4 counties; nearest county centroid is 13 km away, next is 31 km (margin 18 km)"
"ajo-palo-verde-park-ii","Ajo",AZ,85321,"Pima",zip_nearest_county_centroid,0.6,0.8898,"ZCTA spans 2 counties; nearest county centroid is 108 km away, next is 111 km (margin 3 km)"
"dolce-vita-luxury-homes","Apache Junction",AZ,85117,"",none,0,,"ZIP has no ZCTA in the Census relationship file (often a PO-box or point ZIP)"
"la-hacienda-rv-resort","Apache Junction",AZ,85220,"",none,0,,"ZIP has no ZCTA in the Census relationship file (often a PO-box or point ZIP)"
"pioneer-park-8735","Az",AZ,86304,"",none,0,,"ZIP has no ZCTA in the Census relationship file (often a PO-box or point ZIP)"
"riverview-rv-resort","Bullhead City",AZ,86430,"",none,0,,"ZIP has no ZCTA in the Census relationship file (often a PO-box or point ZIP)"
"rotary-park-5897","Bullhead City",AZ,86430,"",none,0,,"ZIP has no ZCTA in the Census relationship file (often a PO-box or point ZIP)"
"the-picklr-cave-creek","Cave Creek",AZ,,"",none,0,,"no postal_code"
"ocotillo-hoa-pickleball-courts","Chandler",AZ,85248,"Maricopa",zip_nearest_county_centroid,0.6,0.6332,"ZCTA spans 2 counties; nearest county centroid is 58 km away, next is 61 km (margin 4 km)"
"pickleball-kingdom-chandler-f50016","Chandler",AZ,,"",none,0,,"no postal_code"
"gilbert-high-school","Gilbert",AZ,85299,"",none,0,,"ZIP has no ZCTA in the Census relationship file (often a PO-box or point ZIP)"
"mountainbrook-village","Gold Canyon",AZ,85218,"",none,0,,"ZIP has no ZCTA in the Census relationship file (often a PO-box or point ZIP)"
"goodyear-tennis-complex","Goodyear",AZ,89395,"",none,0,,"ZIP has no ZCTA in the Census relationship file (often a PO-box or point ZIP)"
"the-flying-pickle-goodyear","Goodyear",AZ,,"",none,0,,"no postal_code"
"guerneville","Guerneville",AZ,95446,"Sonoma",zip_single_county,0,1,"derived county is in CA but the row says AZ - ZIP or state is wrong"
"laguna-niguel-regional-park","Laguna Niguel",AZ,92677,"Orange",zip_single_county,0,1,"derived county is in CA but the row says AZ - ZIP or state is wrong"
"mt-tam-racquet-club","Larkspur",AZ,94939,"Marin",zip_single_county,0,1,"derived county is in CA but the row says AZ - ZIP or state is wrong"
"dell-webb-at-dove-mountain","Marana",AZ,85653,"Pinal",zip_nearest_county_centroid,0.78,0.0509,"ZCTA spans 2 counties; nearest county centroid is 56 km away, next is 74 km (margin 18 km) — OVERRODE the larger-by-land-area candidate"
"oro-mae-harn-district-park","Marana",AZ,85653,"Pinal",zip_nearest_county_centroid,0.78,0.0509,"ZCTA spans 2 counties; nearest county centroid is 54 km away, next is 65 km (margin 10 km) — OVERRODE the larger-by-land-area candidate"
"the-highlands-at-dove-mountain","Marana",AZ,85653,"Pinal",zip_nearest_county_centroid,0.78,0.0509,"ZCTA spans 2 counties; nearest county centroid is 59 km away, next is 76 km (margin 16 km) — OVERRODE the larger-by-land-area candidate"
"the-meadows","Maricopa",AZ,85139,"Maricopa",zip_nearest_county_centroid,0.78,0.472,"ZCTA spans 2 counties; nearest county centroid is 52 km away, next is 66 km (margin 14 km) — OVERRODE the larger-by-land-area candidate"
"liberty-arts-academy","Mesa",AZ,85212,"Pinal",zip_nearest_county_centroid,0.78,0.076,"ZCTA spans 2 counties; nearest county centroid is 58 km away, next is 75 km (margin 18 km) — OVERRODE the larger-by-land-area candidate"
"the-picklr-mesa","Mesa",AZ,,"",none,0,,"no postal_code"
"shady-oaks-park","Orangevale",AZ,95662,"Sacramento",zip_single_county,0,1,"derived county is in CA but the row says AZ - ZIP or state is wrong"
"the-flying-pickle-phoenix","Phoenix",AZ,,"",none,0,,"no postal_code"
"holiday-palms-rv-park","Quartzsite",AZ,85359,"",none,0,,"ZIP has no ZCTA in the Census relationship file (often a PO-box or point ZIP)"
"smash-park-scottsdale-f50010","Scottsdale",AZ,,"",none,0,,"no postal_code"
"the-picklr-scottsdale-north","Scottsdale",AZ,,"",none,0,,"no postal_code"
"juniper-ridge-resort","Show Low",AZ,85901,"Navajo",zip_nearest_county_centroid,0.6,0.8952,"ZCTA spans 2 counties; nearest county centroid is 119 km away, next is 124 km (margin 5 km)"
"juniper-ridge-rv-resort","Show Low",AZ,85901,"Navajo",zip_nearest_county_centroid,0.6,0.8952,"ZCTA spans 2 counties; nearest county centroid is 129 km away, next is 135 km (margin 6 km)"
"show-low-city-gym","Show Low",AZ,85901,"Navajo",zip_nearest_county_centroid,0.6,0.8952,"ZCTA spans 2 counties; nearest county centroid is 130 km away, next is 136 km (margin 6 km)"
"sun-lakes-country-club-pb-club-slccpc","Sun Lakes",AZ,85248,"Pinal",zip_nearest_county_centroid,0.6,0.3668,"ZCTA spans 2 counties; nearest county centroid is 57 km away, next is 60 km (margin 3 km) — OVERRODE the larger-by-land-area candidate"
"sun-lakes-pickleball-club-cottonwood","Sun Lakes",AZ,85248,"Pinal",zip_nearest_county_centroid,0.6,0.3668,"ZCTA spans 2 counties; nearest county centroid is 57 km away, next is 60 km (margin 3 km) — OVERRODE the larger-by-land-area candidate"
"sun-lakes-pickleball-club-iron-oaks-slpcio","Sun Lakes",AZ,85248,"Pinal",zip_nearest_county_centroid,0.6,0.3668,"ZCTA spans 2 counties; nearest county centroid is 57 km away, next is 60 km (margin 3 km) — OVERRODE the larger-by-land-area candidate"
"indian-bend-park-tempe","Tempe",AZ,,"",none,0,,"no postal_code"
"saddlebrooke","Tucson",AZ,85739,"Pima",zip_nearest_county_centroid,0.78,0.1303,"ZCTA spans 2 counties; nearest county centroid is 77 km away, next is 86 km (margin 9 km) — OVERRODE the larger-by-land-area candidate"
"the-pad-tucson-pickleball","Tucson",AZ,,"",none,0,,"no postal_code"
"wickenburg-ranch","Wickenburg",AZ,85390,"Yavapai",zip_nearest_county_centroid,0.78,0.2374,"ZCTA spans 2 counties; nearest county centroid is 71 km away, next is 80 km (margin 9 km) — OVERRODE the larger-by-land-area candidate"
"wickenburg-sunset-park","Wickenburg",AZ,85390,"Maricopa",zip_nearest_county_centroid,0.6,0.7626,"ZCTA spans 2 counties; nearest county centroid is 73 km away, next is 76 km (margin 3 km)"
"albany-high-school","Albany",CA,94706,"Contra Costa",zip_nearest_county_centroid,0.78,0.0029,"ZCTA spans 2 counties; nearest county centroid is 31 km away, next is 43 km (margin 13 km) — OVERRODE the larger-by-land-area candidate"
"ocean-view-park","Albany",CA,94706,"Contra Costa",zip_nearest_county_centroid,0.78,0.0029,"ZCTA spans 2 counties; nearest county centroid is 31 km away, next is 43 km (margin 12 km) — OVERRODE the larger-by-land-area candidate"
"ocean-view-tennis-courts","Albany",CA,94706,"Contra Costa",zip_nearest_county_centroid,0.78,0.0029,"ZCTA spans 2 counties; nearest county centroid is 31 km away, next is 43 km (margin 12 km) — OVERRODE the larger-by-land-area candidate"
"auburn-racquet-fitness-club","Auburn",CA,95603,"Placer",zip_nearest_county_centroid,0.78,1,"ZCTA spans 2 counties; nearest county centroid is 34 km away, next is 49 km (margin 16 km)"
"auburn-recreation-park","Auburn",CA,95603,"Placer",zip_nearest_county_centroid,0.78,1,"ZCTA spans 2 counties; nearest county centroid is 36 km away, next is 49 km (margin 12 km)"
"auburn-regional-park","Auburn",CA,95603,"Placer",zip_nearest_county_centroid,0.78,1,"ZCTA spans 2 counties; nearest county centroid is 36 km away, next is 48 km (margin 13 km)"
"millertown-pickleball-club","Auburn",CA,95603,"Placer",zip_nearest_county_centroid,0.78,1,"ZCTA spans 2 counties; nearest county centroid is 36 km away, next is 48 km (margin 13 km)"
"pine-hills-adventist-academy","Auburn",CA,95603,"Placer",zip_nearest_county_centroid,0.78,1,"ZCTA spans 2 counties; nearest county centroid is 36 km away, next is 48 km (margin 13 km)"
"school-park-preserve","Auburn",CA,95603,"Placer",zip_nearest_county_centroid,0.78,1,"ZCTA spans 2 counties; nearest county centroid is 35 km away, next is 48 km (margin 13 km)"
"cedar-rose-pickleball-courts","Berkeley",CA,94708,"Contra Costa",zip_nearest_county_centroid,0.78,0.5836,"ZCTA spans 2 counties; nearest county centroid is 29 km away, next is 40 km (margin 12 km)"
"calistoga","Calistoga",CA,94515,"Napa",zip_nearest_county_centroid,0.6,0.4935,"ZCTA spans 2 counties; nearest county centroid is 23 km away, next is 31 km (margin 7 km) — OVERRODE the larger-by-land-area candidate"
"calistoga-high-school-tennis-pickleball-courts","Calistoga",CA,94515,"Napa",zip_nearest_county_centroid,0.6,0.4935,"ZCTA spans 2 counties; nearest county centroid is 24 km away, next is 31 km (margin 7 km) — OVERRODE the larger-by-land-area candidate"
"solage-calistoga","Calistoga",CA,94515,"Napa",zip_nearest_county_centroid,0.78,0.4935,"ZCTA spans 2 counties; nearest county centroid is 23 km away, next is 32 km (margin 9 km) — OVERRODE the larger-by-land-area candidate"
"carlsbad-senior-center","Carlsbad",CA,,"",none,0,,"no postal_code"
"pickleball-republic-carlsbad-south-carlsbad","Carlsbad",CA,,"",none,0,,"no postal_code"
"carpinteria-community-tennis-and-pickleball-courts","Carpinteria",CA,93013,"Ventura",zip_nearest_county_centroid,0.78,0.2534,"ZCTA spans 2 counties; nearest county centroid is 36 km away, next is 50 km (margin 14 km) — OVERRODE the larger-by-land-area candidate"
"dignity-health-sports-park-pavillion-courts","Carson",CA,90895,"",none,0,,"ZIP has no ZCTA in the Census relationship file (often a PO-box or point ZIP)"
"arnold-cypress-park","Cypress",CA,90630,"Orange",zip_nearest_county_centroid,0.78,0.9945,"ZCTA spans 2 counties; nearest county centroid is 29 km away, next is 46 km (margin 17 km)"
"lexington-park","Cypress",CA,90630,"Orange",zip_nearest_county_centroid,0.78,0.9945,"ZCTA spans 2 counties; nearest county centroid is 29 km away, next is 46 km (margin 17 km)"
"covell-park","Davis",CA,95616,"Yolo",zip_nearest_county_centroid,0.78,0.9679,"ZCTA spans 2 counties; nearest county centroid is 21 km away, next is 35 km (margin 15 km)"
"redwood-park","Davis",CA,95616,"Yolo",zip_nearest_county_centroid,0.78,0.9679,"ZCTA spans 2 counties; nearest county centroid is 19 km away, next is 35 km (margin 17 km)"
"slide-hill-park","Davis",CA,95618,"Yolo",zip_nearest_county_centroid,0.78,0.7731,"ZCTA spans 2 counties; nearest county centroid is 21 km away, next is 38 km (margin 17 km)"
"slide-hill-park-tennis-courts","Davis",CA,95618,"Yolo",zip_nearest_county_centroid,0.78,0.7731,"ZCTA spans 2 counties; nearest county centroid is 21 km away, next is 35 km (margin 15 km)"
"stonegate-country-club","Davis",CA,95616,"Yolo",zip_nearest_county_centroid,0.78,0.9679,"ZCTA spans 2 counties; nearest county centroid is 17 km away, next is 34 km (margin 17 km)"
"walnut-park","Davis",CA,95618,"Yolo",zip_nearest_county_centroid,0.78,0.7731,"ZCTA spans 2 counties; nearest county centroid is 22 km away, next is 36 km (margin 14 km)"
"jefferson-park","Delano",CA,93215,"Tulare",zip_nearest_county_centroid,0.6,0.4054,"ZCTA spans 2 counties; nearest county centroid is 66 km away, next is 66 km (margin 0 km) — OVERRODE the larger-by-land-area candidate"
"cornell-park","Discovery Bay",CA,94505,"San Joaquin",zip_nearest_county_centroid,0.6,0.0011,"ZCTA spans 3 counties; nearest county centroid is 29 km away, next is 31 km (margin 2 km) — OVERRODE the larger-by-land-area candidate"
"discovery-bay-community-center-pickleball-courts","Discovery Bay",CA,94505,"San Joaquin",zip_nearest_county_centroid,0.6,0.0011,"ZCTA spans 3 counties; nearest county centroid is 28 km away, next is 31 km (margin 3 km) — OVERRODE the larger-by-land-area candidate"
"discovery-bay-public-courts","Discovery Bay",CA,94505,"San Joaquin",zip_nearest_county_centroid,0.6,0.0011,"ZCTA spans 3 counties; nearest county centroid is 28 km away, next is 31 km (margin 3 km) — OVERRODE the larger-by-land-area candidate"
"dixon-hall-park","Dixon",CA,95620,"Solano",zip_nearest_county_centroid,0.6,0.7585,"ZCTA spans 2 counties; nearest county centroid is 22 km away, next is 27 km (margin 5 km)"
"eastvale-community-center","Eastvale",CA,92880,"Riverside",zip_nearest_county_centroid,0.78,0.927,"ZCTA spans 2 counties; nearest county centroid is 147 km away, next is 160 km (margin 13 km)"
"james-c-huber-park","Eastvale",CA,92880,"Riverside",zip_nearest_county_centroid,0.78,0.927,"ZCTA spans 2 counties; nearest county centroid is 147 km away, next is 160 km (margin 13 km)"
"el-macero-country-club","El Macero",CA,95618,"Yolo",zip_nearest_county_centroid,0.78,0.7731,"ZCTA spans 2 counties; nearest county centroid is 24 km away, next is 38 km (margin 14 km)"
"the-smashing-pickle","Elk Grove",CA,,"",none,0,,"no postal_code"
"the-picklr-fairfield-fairfield","Fairfield",CA,,"",none,0,,"no postal_code"
"vinland-park","Fresno",CA,93745,"",none,0,,"ZIP has no ZCTA in the Census relationship file (often a PO-box or point ZIP)"
"galt-community-park","Galt",CA,95632,"Sacramento",zip_nearest_county_centroid,0.78,0.6943,"ZCTA spans 2 counties; nearest county centroid is 22 km away, next is 36 km (margin 14 km)"
"vierra-park","Gridley",CA,95948,"Butte",zip_nearest_county_centroid,0.6,0.9979,"ZCTA spans 2 counties; nearest county centroid is 34 km away, next is 36 km (margin 2 km)"
"pine-mountain-lake","Groveland",CA,95321,"Tuolumne",zip_nearest_county_centroid,0.78,0.9802,"ZCTA spans 2 counties; nearest county centroid is 32 km away, next is 42 km (margin 9 km)"
"pmla-pickelball-center","Groveland",CA,95321,"Tuolumne",zip_nearest_county_centroid,0.78,0.9802,"ZCTA spans 2 counties; nearest county centroid is 32 km away, next is 42 km (margin 9 km)"
"spindler-park-pickleball-courts","Highland",CA,,"",none,0,,"no postal_code"
"dunne-park","Hollister",CA,95023,"San Benito",zip_nearest_county_centroid,0.78,0.6352,"ZCTA spans 2 counties; nearest county centroid is 39 km away, next is 48 km (margin 10 km)"
"ridgemark-tennis-club","Hollister",CA,95023,"San Benito",zip_nearest_county_centroid,0.78,0.6352,"ZCTA spans 2 counties; nearest county centroid is 39 km away, next is 48 km (margin 10 km)"
"howard-park","Ione",CA,95640,"Amador",zip_nearest_county_centroid,0.78,0.9967,"ZCTA spans 2 counties; nearest county centroid is 26 km away, next is 37 km (margin 11 km)"
"oc-pickleheads-club","Irvine",CA,,"",none,0,,"no postal_code"
"portola-springs","Irvine",CA,92816,"",none,0,,"ZIP has no ZCTA in the Census relationship file (often a PO-box or point ZIP)"
"rci-pickleball-racquet-club-of-irvine","Irvine",CA,92714,"",none,0,,"ZIP has no ZCTA in the Census relationship file (often a PO-box or point ZIP)"
"amador-pickleball-club","Jackson",CA,,"",none,0,,"no postal_code"
"riverside-park-9658","Kernville",CA,93238,"Kern",zip_nearest_county_centroid,0.78,0.3355,"ZCTA spans 2 counties; nearest county centroid is 51 km away, next is 63 km (margin 13 km) — OVERRODE the larger-by-land-area candidate"
"ipickle-la-habra","La Habra",CA,90631,"Orange",zip_nearest_county_centroid,0.78,0.543,"ZCTA spans 2 counties; nearest county centroid is 32 km away, next is 41 km (margin 9 km)"
"la-habra-tennis-center","La Habra",CA,90631,"Orange",zip_nearest_county_centroid,0.78,0.543,"ZCTA spans 2 counties; nearest county centroid is 32 km away, next is 41 km (margin 9 km)"
"la-jolla-beach-tennis-club","La Jolla",CA,,"",none,0,,"no postal_code"
"city-of-la-mirada","La Mirada",CA,90638,"Orange",zip_nearest_county_centroid,0.6,0.0092,"ZCTA spans 2 counties; nearest county centroid is 33 km away, next is 40 km (margin 6 km) — OVERRODE the larger-by-land-area candidate"
"la-mirada-community-regional-park","La Mirada",CA,90637,"",none,0,,"ZIP has no ZCTA in the Census relationship file (often a PO-box or point ZIP)"
"rancho-la-quinta","La Quinta",CA,92263,"",none,0,,"ZIP has no ZCTA in the Census relationship file (often a PO-box or point ZIP)"
"badminton-center-court-bcc-sports-center","Lakewood",CA,90711,"",none,0,,"ZIP has no ZCTA in the Census relationship file (often a PO-box or point ZIP)"
"livermore-downs-park","Livermore",CA,94551,"Alameda",zip_nearest_county_centroid,0.78,0.6302,"ZCTA spans 2 counties; nearest county centroid is 13 km away, next is 29 km (margin 17 km)"
"pickleball-kingdom-livermore-livermore","Livermore",CA,,"",none,0,,"no postal_code"
"robert-livermore-community-center-lard","Livermore",CA,94450,"",none,0,,"ZIP has no ZCTA in the Census relationship file (often a PO-box or point ZIP)"
"citrus-trails-community-park","Loma Linda",CA,92373,"Riverside",zip_nearest_county_centroid,0.78,0.4169,"ZCTA spans 2 counties; nearest county centroid is 122 km away, next is 133 km (margin 12 km) — OVERRODE the larger-by-land-area candidate"
"ballers-dtla-los-angeles","Los Angeles",CA,,"",none,0,,"no postal_code"
"hermon-park-pickleball-courts-los-angeles-ca","Los Angeles",CA,,"",none,0,,"no postal_code"
"los-banos-ag-sports-complex-pickleball-courts-los-banos","Los Banos",CA,,"",none,0,,"no postal_code"
"skuce-pavilion-inter-mountain-fair-and-events-center","McArthur",CA,96056,"Shasta",zip_nearest_county_centroid,0.78,0.3285,"ZCTA spans 3 counties; nearest county centroid is 62 km away, next is 75 km (margin 13 km) — OVERRODE the larger-by-land-area candidate"
"fall-river-high-school","McArthur",CA,96056,"Shasta",zip_nearest_county_centroid,0.78,0.3285,"ZCTA spans 3 counties; nearest county centroid is 62 km away, next is 75 km (margin 13 km) — OVERRODE the larger-by-land-area candidate"
"the-picklr-milpitas","Milpitas",CA,,"",none,0,,"no postal_code"
"newhall","Newhall",CA,86321,"Yavapai",zip_single_county,0,1,"derived county is in AZ but the row says CA - ZIP or state is wrong"
"fish-park-oakdale","Oakdale",CA,95361,"Stanislaus",zip_nearest_county_centroid,0.78,0.9771,"ZCTA spans 2 counties; nearest county centroid is 27 km away, next is 42 km (margin 15 km)"
"gilbert-park-oakdale","Oakdale",CA,95361,"Stanislaus",zip_nearest_county_centroid,0.78,0.9771,"ZCTA spans 2 counties; nearest county centroid is 27 km away, next is 42 km (margin 15 km)"
"greger-sports-park-oakdale","Oakdale",CA,95361,"Stanislaus",zip_nearest_county_centroid,0.78,0.9771,"ZCTA spans 2 counties; nearest county centroid is 27 km away, next is 42 km (margin 15 km)"
"oakdale-golf-and-country-club","Oakdale",CA,95361,"Stanislaus",zip_nearest_county_centroid,0.78,0.9771,"ZCTA spans 2 counties; nearest county centroid is 27 km away, next is 42 km (margin 15 km)"
"bushrod-park","Oakland",CA,94611,"Contra Costa",zip_nearest_county_centroid,0.78,0.0504,"ZCTA spans 2 counties; nearest county centroid is 29 km away, next is 38 km (margin 9 km) — OVERRODE the larger-by-land-area candidate"
"hampton-courts-10283","Oakland",CA,94611,"Contra Costa",zip_nearest_county_centroid,0.6,0.0504,"ZCTA spans 2 counties; nearest county centroid is 26 km away, next is 33 km (margin 7 km) — OVERRODE the larger-by-land-area candidate"
"montclair-park","Oakland",CA,94611,"Contra Costa",zip_nearest_county_centroid,0.78,0.0504,"ZCTA spans 2 counties; nearest county centroid is 25 km away, next is 33 km (margin 8 km) — OVERRODE the larger-by-land-area candidate"
"the-flying-pickle-east-bay","Oakland",CA,,"",none,0,,"no postal_code"
"soule-county-park","Ojai",CA,93024,"",none,0,,"ZIP has no ZCTA in the Census relationship file (often a PO-box or point ZIP)"
"hart-park-pickleball-courts","Orange",CA,,"",none,0,,"no postal_code"
"hart-park-pickleball-courts-orange","Orange",CA,,"",none,0,,"no postal_code"
"orland-recreation-center","Orland",CA,95963,"Glenn",zip_nearest_county_centroid,0.78,0.885,"ZCTA spans 2 counties; nearest county centroid is 24 km away, next is 42 km (margin 18 km)"
"vinsonhaler-park","Orland",CA,95963,"Glenn",zip_nearest_county_centroid,0.78,0.885,"ZCTA spans 2 counties; nearest county centroid is 24 km away, next is 42 km (margin 18 km)"
"bedrock-park-tennis-courts","Oroville",CA,95966,"Butte",zip_nearest_county_centroid,0.78,0.968,"ZCTA spans 2 counties; nearest county centroid is 17 km away, next is 33 km (margin 15 km)"
"chaparral-country-club-622","Palm Desert",CA,,"",none,0,,"no postal_code"
"paradise-adventist-academy","Paradise",CA,95967,"",none,0,,"ZIP has no ZCTA in the Census relationship file (often a PO-box or point ZIP)"
"paradise-junior-high-school","Paradise",CA,95967,"",none,0,,"ZIP has no ZCTA in the Census relationship file (often a PO-box or point ZIP)"
"beach-courts","Piedmont",CA,94611,"Contra Costa",zip_nearest_county_centroid,0.6,0.0504,"ZCTA spans 2 counties; nearest county centroid is 28 km away, next is 35 km (margin 7 km) — OVERRODE the larger-by-land-area candidate"
"hampton-courts","Piedmont",CA,94611,"Contra Costa",zip_nearest_county_centroid,0.6,0.0504,"ZCTA spans 2 counties; nearest county centroid is 26 km away, next is 33 km (margin 7 km) — OVERRODE the larger-by-land-area candidate"
"linda-beach-pickleball-courts","Piedmont",CA,94611,"Contra Costa",zip_nearest_county_centroid,0.6,0.0504,"ZCTA spans 2 counties; nearest county centroid is 28 km away, next is 35 km (margin 7 km) — OVERRODE the larger-by-land-area candidate"
"piedmont-middle-school","Piedmont",CA,94620,"",none,0,,"ZIP has no ZCTA in the Census relationship file (often a PO-box or point ZIP)"
"piedmont-middle-school-pickleball-courts","Piedmont",CA,94611,"Contra Costa",zip_nearest_county_centroid,0.6,0.0504,"ZCTA spans 2 counties; nearest county centroid is 27 km away, next is 34 km (margin 7 km) — OVERRODE the larger-by-land-area candidate"
"ventana-sports-court-pismo-beach-ca","Pismo Beach",CA,,"",none,0,,"no postal_code"
"stonehouse-park-rancho-murieta-ca","Rancho Murieta",CA,98583,"Grays Harbor",zip_single_county,0,1,"derived county is in WA but the row says CA - ZIP or state is wrong"
"redlands-family-ymca","Redlands",CA,92373,"Riverside",zip_nearest_county_centroid,0.78,0.4169,"ZCTA spans 2 counties; nearest county centroid is 114 km away, next is 128 km (margin 13 km) — OVERRODE the larger-by-land-area candidate"
"trilogy-rio-vista","Rio Vista",CA,94571,"Solano",zip_nearest_county_centroid,0.78,0.8192,"ZCTA spans 2 counties; nearest county centroid is 25 km away, next is 45 km (margin 20 km)"
"sunset-whitney-recreation-area-pickleball-courts","Rocklin",CA,,"",none,0,,"no postal_code"
"doubletree-by-hilton-sonoma-wine-country","Rohnert Park",CA,94926,"",none,0,,"ZIP has no ZCTA in the Census relationship file (often a PO-box or point ZIP)"
"sunrise-park-rohnert-park-ca","Rohnert Park",CA,94926,"",none,0,,"ZIP has no ZCTA in the Census relationship file (often a PO-box or point ZIP)"
"pickleball-kingdom-roseville","Roseville",CA,,"",none,0,,"no postal_code"
"the-flying-pickle-roseville","Roseville",CA,,"",none,0,,"no postal_code"
"villasport","Roseville",CA,95678,"Sacramento",zip_nearest_county_centroid,0.78,0.0005,"ZCTA spans 2 counties; nearest county centroid is 37 km away, next is 57 km (margin 20 km) — OVERRODE the larger-by-land-area candidate"
"villasport-athletic-club-and-spa","Roseville",CA,95678,"Sacramento",zip_nearest_county_centroid,0.78,0.0005,"ZCTA spans 2 counties; nearest county centroid is 37 km away, next is 57 km (margin 20 km) — OVERRODE the larger-by-land-area candidate"
"san-carlos-youth-center","San Carlos",CA,,"",none,0,,"no postal_code"
"scripps-ranch-community-park","San Diego",CA,,"",none,0,,"no postal_code"
"millberry-recreation-and-fitness-center-at-ucsf-parnassus","San Francisco",CA,94143,"",none,0,,"ZIP has no ZCTA in the Census relationship file (often a PO-box or point ZIP)"
"states-street-playground","San Francisco",CA,94154,"",none,0,,"ZIP has no ZCTA in the Census relationship file (often a PO-box or point ZIP)"
"club-volo-san-jose","San Jose",CA,,"",none,0,,"no postal_code"
"the-flying-pickle-silicon-valley","San Jose",CA,,"",none,0,,"no postal_code"
"the-hangar-pickleball-club","San Luis Obispo",CA,,"",none,0,,"no postal_code"
"flyte-racquet-club","San Rafael",CA,,"",none,0,,"no postal_code"
"atkinson","Santa  Maria",CA,93454,"San Luis Obispo",zip_nearest_county_centroid,0.78,0.2792,"ZCTA spans 2 counties; nearest county centroid is 48 km away, next is 59 km (margin 10 km) — OVERRODE the larger-by-land-area candidate"
"ocsa","Santa Ana",CA,92702,"",none,0,,"ZIP has no ZCTA in the Census relationship file (often a PO-box or point ZIP)"
"boys-girls-clubs-of-mid-central-coast","Santa Maria",CA,93458,"San Luis Obispo",zip_nearest_county_centroid,0.78,0.0015,"ZCTA spans 2 counties; nearest county centroid is 48 km away, next is 59 km (margin 10 km) — OVERRODE the larger-by-land-area candidate"
"leisure-world-pickleball-courts","Seal Beach",CA,90740,"Orange",zip_nearest_county_centroid,0.78,0.9987,"ZCTA spans 2 counties; nearest county centroid is 31 km away, next is 51 km (margin 20 km)"
"shelter-cove","Shelter Cove",CA,95589,"Humboldt",zip_nearest_county_centroid,0.78,0.786,"ZCTA spans 2 counties; nearest county centroid is 75 km away, next is 85 km (margin 10 km)"
"pickle-n-play-arena-simi-valley","Simi Valley",CA,,"",none,0,,"no postal_code"
"rancho-tapo-community-park-simi-valley","Simi Valley",CA,,"",none,0,,"no postal_code"
"terrabay-gymnasium-rec-center","South San Francisco",CA,,"",none,0,,"no postal_code"
"altair-park-pickleball-courts-temecula","Temecula",CA,,"",none,0,,"no postal_code"
"templeton-tennis-ranch","Templeton",CA,93466,"",none,0,,"ZIP has no ZCTA in the Census relationship file (often a PO-box or point ZIP)"
"pickleball-athletic-club-thousand-oaks","Thousand Oaks",CA,,"",none,0,,"no postal_code"
"sherwood-country-club","Thousand Oaks",CA,91358,"",none,0,,"ZIP has no ZCTA in the Census relationship file (often a PO-box or point ZIP)"
"south-end-racquet-health-club-torrance-ca","Torrance",CA,,"",none,0,,"no postal_code"
"sur-la-brea-park","Torrance",CA,90510,"",none,0,,"ZIP has no ZCTA in the Census relationship file (often a PO-box or point ZIP)"
"daniel-ray-schack-park","Tracy",CA,95377,"San Joaquin",zip_nearest_county_centroid,0.6,0.8933,"ZCTA spans 2 counties; nearest county centroid is 35 km away, next is 39 km (margin 4 km)"
"hidden-lake-hoa-members-only","Tracy",CA,95304,"San Joaquin",zip_nearest_county_centroid,0.78,0.9997,"ZCTA spans 2 counties; nearest county centroid is 27 km away, next is 40 km (margin 13 km)"
"western-park","Tracy",CA,95377,"San Joaquin",zip_nearest_county_centroid,0.78,0.8933,"ZCTA spans 2 counties; nearest county centroid is 25 km away, next is 44 km (margin 19 km)"
"northstar-california","Truckee",CA,96161,"Nevada",zip_nearest_county_centroid,0.6,0.6962,"ZCTA spans 2 counties; nearest county centroid is 56 km away, next is 57 km (margin 1 km)"
"schaffer-s-mill-golf-club","Truckee",CA,96161,"Nevada",zip_nearest_county_centroid,0.6,0.6962,"ZCTA spans 2 counties; nearest county centroid is 52 km away, next is 55 km (margin 3 km)"
"steve-randall-community-rec-center","Truckee",CA,96161,"Nevada",zip_nearest_county_centroid,0.6,0.6962,"ZCTA spans 2 counties; nearest county centroid is 52 km away, next is 57 km (margin 5 km)"
"tahoe-donner","Truckee",CA,96161,"Nevada",zip_nearest_county_centroid,0.6,0.6962,"ZCTA spans 2 counties; nearest county centroid is 48 km away, next is 54 km (margin 6 km)"
"tahoe-donner-tennis-pickleball-center","Truckee",CA,96161,"Nevada",zip_nearest_county_centroid,0.6,0.6962,"ZCTA spans 2 counties; nearest county centroid is 48 km away, next is 54 km (margin 6 km)"
"truckee-recreation-center","Truckee",CA,96161,"Nevada",zip_nearest_county_centroid,0.6,0.6962,"ZCTA spans 2 counties; nearest county centroid is 52 km away, next is 57 km (margin 5 km)"
"truckee-river-regional-park","Truckee",CA,96161,"Nevada",zip_nearest_county_centroid,0.6,0.6962,"ZCTA spans 2 counties; nearest county centroid is 51 km away, next is 56 km (margin 4 km)"
"west-end-beach","Truckee",CA,96161,"Nevada",zip_nearest_county_centroid,0.6,0.6962,"ZCTA spans 2 counties; nearest county centroid is 41 km away, next is 47 km (margin 6 km)"
"columbia-park","Turlock",CA,95380,"Stanislaus",zip_nearest_county_centroid,0.78,0.7533,"ZCTA spans 2 counties; nearest county centroid is 16 km away, next is 35 km (margin 19 km)"
"crane-park","Turlock",CA,95380,"Stanislaus",zip_nearest_county_centroid,0.78,0.7533,"ZCTA spans 2 counties; nearest county centroid is 16 km away, next is 35 km (margin 19 km)"
"7th-street-park-pickleball-courts","USA",CA,92399,"San Bernardino",zip_nearest_county_centroid,0.78,0.9902,"ZCTA spans 2 counties; nearest county centroid is 289 km away, next is 306 km (margin 17 km)"
"glen-cove-park","Vallejo",CA,94591,"Solano",zip_nearest_county_centroid,0.78,0.9698,"ZCTA spans 2 counties; nearest county centroid is 33 km away, next is 45 km (margin 12 km)"
"in-shape-vallejo","Vallejo",CA,94591,"Solano",zip_nearest_county_centroid,0.78,0.9698,"ZCTA spans 2 counties; nearest county centroid is 31 km away, next is 45 km (margin 14 km)"
"sunset-ridge-park","Victorville",CA,92393,"",none,0,,"ZIP has no ZCTA in the Census relationship file (often a PO-box or point ZIP)"
"vista-pickleball-club","Vista",CA,92085,"",none,0,,"ZIP has no ZCTA in the Census relationship file (often a PO-box or point ZIP)"
"callaghan-park","Watsonville",CA,95076,"Santa Cruz",zip_nearest_county_centroid,0.78,0.7448,"ZCTA spans 3 counties; nearest county centroid is 25 km away, next is 35 km (margin 10 km)"
"royal-oaks-park","Watsonville",CA,95076,"Santa Cruz",zip_nearest_county_centroid,0.78,0.7448,"ZCTA spans 3 counties; nearest county centroid is 25 km away, next is 35 km (margin 10 km)"
"west-acre-park-west-sacramento","West Sacramento",CA,,"",none,0,,"no postal_code"
"westlake-athletic-club","Westlake Village",CA,91362,"Ventura",zip_nearest_county_centroid,0.78,0.9454,"ZCTA spans 2 counties; nearest county centroid is 38 km away, next is 50 km (margin 12 km)"
"westlake-village-community-park","Westlake Village",CA,91362,"Ventura",zip_nearest_county_centroid,0.78,0.9454,"ZCTA spans 2 counties; nearest county centroid is 38 km away, next is 50 km (margin 12 km)"
"7th-street-park","Yucaipa",CA,92399,"Riverside",zip_nearest_county_centroid,0.78,0.0098,"ZCTA spans 2 counties; nearest county centroid is 103 km away, next is 123 km (margin 19 km) — OVERRODE the larger-by-land-area candidate"
"chapman-heights-elementary-school","Yucaipa",CA,92399,"Riverside",zip_nearest_county_centroid,0.78,0.0098,"ZCTA spans 2 counties; nearest county centroid is 105 km away, next is 122 km (margin 17 km) — OVERRODE the larger-by-land-area candidate"
"crafton-hills-college","Yucaipa",CA,92399,"Riverside",zip_nearest_county_centroid,0.78,0.0098,"ZCTA spans 2 counties; nearest county centroid is 107 km away, next is 124 km (margin 17 km) — OVERRODE the larger-by-land-area candidate"
"dunlap-elementary-school","Yucaipa",CA,92399,"Riverside",zip_nearest_county_centroid,0.78,0.0098,"ZCTA spans 2 counties; nearest county centroid is 105 km away, next is 124 km (margin 19 km) — OVERRODE the larger-by-land-area candidate"
"park-view-middle-school","Yucaipa",CA,92399,"Riverside",zip_nearest_county_centroid,0.78,0.0098,"ZCTA spans 2 counties; nearest county centroid is 103 km away, next is 119 km (margin 17 km) — OVERRODE the larger-by-land-area candidate"
"valley-elementary-school","Yucaipa",CA,92399,"Riverside",zip_nearest_county_centroid,0.78,0.0098,"ZCTA spans 2 counties; nearest county centroid is 104 km away, next is 123 km (margin 19 km) — OVERRODE the larger-by-land-area candidate"
"yucaipa-community-center","Yucaipa",CA,92399,"Riverside",zip_nearest_county_centroid,0.78,0.0098,"ZCTA spans 2 counties; nearest county centroid is 102 km away, next is 119 km (margin 17 km) — OVERRODE the larger-by-land-area candidate"
"the-aspen-meadows","Aspen",CO,,"",none,0,,"no postal_code"
"ace-pickleball","Aurora",CO,80016,"Douglas",zip_nearest_county_centroid,0.78,0.0461,"ZCTA spans 2 counties; nearest county centroid is 32 km away, next is 40 km (margin 8 km) — OVERRODE the larger-by-land-area candidate"
"aurora-the-picklr","Aurora",CO,80016,"Arapahoe",zip_nearest_county_centroid,0.6,0.9539,"ZCTA spans 2 counties; nearest county centroid is 33 km away, next is 36 km (margin 4 km)"
"blackstone-country-club","Aurora",CO,80016,"Arapahoe",zip_nearest_county_centroid,0.6,0.9539,"ZCTA spans 2 counties; nearest county centroid is 30 km away, next is 35 km (margin 4 km)"
"central-park-at-the-farm","Aurora",CO,80016,"Arapahoe",zip_nearest_county_centroid,0.6,0.9539,"ZCTA spans 2 counties; nearest county centroid is 38 km away, next is 38 km (margin 0 km)"
"del-mar-park-aurora","Aurora",CO,80011,"Arapahoe",zip_nearest_county_centroid,0.6,0.4468,"ZCTA spans 2 counties; nearest county centroid is 45 km away, next is 47 km (margin 2 km) — OVERRODE the larger-by-land-area candidate"
"farm-central-park","Aurora",CO,80016,"Arapahoe",zip_nearest_county_centroid,0.6,0.9539,"ZCTA spans 2 counties; nearest county centroid is 38 km away, next is 38 km (margin 0 km)"
"fulton-park","Aurora",CO,80010,"Arapahoe",zip_nearest_county_centroid,0.6,0.5102,"ZCTA spans 2 counties; nearest county centroid is 47 km away, next is 49 km (margin 2 km)"
"moorehead-rec-center","Aurora",CO,80011,"Arapahoe",zip_nearest_county_centroid,0.6,0.4468,"ZCTA spans 2 counties; nearest county centroid is 47 km away, next is 48 km (margin 0 km) — OVERRODE the larger-by-land-area candidate"
"the-farm","Aurora",CO,80016,"Arapahoe",zip_nearest_county_centroid,0.6,0.9539,"ZCTA spans 2 counties; nearest county centroid is 38 km away, next is 38 km (margin 0 km)"
"tollgate","Aurora",CO,80016,"Arapahoe",zip_nearest_county_centroid,0.6,0.9539,"ZCTA spans 2 counties; nearest county centroid is 32 km away, next is 38 km (margin 6 km)"
"town-of-berthoud-town-park-north","Berthoud",CO,80513,"Boulder",zip_nearest_county_centroid,0.78,0.0527,"ZCTA spans 3 counties; nearest county centroid is 35 km away, next is 48 km (margin 13 km) — OVERRODE the larger-by-land-area candidate"
"waggener-farm","Berthoud",CO,80513,"Boulder",zip_nearest_county_centroid,0.78,0.0527,"ZCTA spans 3 counties; nearest county centroid is 36 km away, next is 52 km (margin 16 km) — OVERRODE the larger-by-land-area candidate"
"boone-county-family-ymca-5974","Boone",CO,50036,"Boone",zip_nearest_county_centroid,0,0.9842,"derived county is in IA but the row says CO - ZIP or state is wrong"
"tom-watson-park-pickleball-courts-boulder","Boulder",CO,,"",none,0,,"no postal_code"
"carbondale-young-calaway-pickleball-courts","Carbondale",CO,81623,"Pitkin",zip_nearest_county_centroid,0.78,0.5394,"ZCTA spans 4 counties; nearest county centroid is 31 km away, next is 51 km (margin 20 km)"
"carbondale-recreation-center-gym","Carbondale",CO,81623,"Pitkin",zip_nearest_county_centroid,0.78,0.5394,"ZCTA spans 4 counties; nearest county centroid is 33 km away, next is 51 km (margin 18 km)"
"north-face-park-young-calaway-pickleball-courts","Carbondale",CO,81623,"Pitkin",zip_nearest_county_centroid,0.78,0.5394,"ZCTA spans 4 counties; nearest county centroid is 33 km away, next is 51 km (margin 18 km)"
"young-calaway-alpine-bank-pickleball-courts","Carbondale",CO,81623,"Pitkin",zip_nearest_county_centroid,0.78,0.5394,"ZCTA spans 4 counties; nearest county centroid is 33 km away, next is 51 km (margin 18 km)"
"chenango-park","Centennial",CO,80016,"Douglas",zip_nearest_county_centroid,0.78,0.0461,"ZCTA spans 2 counties; nearest county centroid is 30 km away, next is 40 km (margin 10 km) — OVERRODE the larger-by-land-area candidate"
"pickleballplaypen","Centennial",CO,80112,"Douglas",zip_nearest_county_centroid,0.78,0.2706,"ZCTA spans 2 counties; nearest county centroid is 30 km away, next is 47 km (margin 16 km) — OVERRODE the larger-by-land-area candidate"
"the-trails-rec-center","Centennial",CO,80016,"Douglas",zip_nearest_county_centroid,0.78,0.0461,"ZCTA spans 2 counties; nearest county centroid is 29 km away, next is 47 km (margin 19 km) — OVERRODE the larger-by-land-area candidate"
"boys-girls-club","Craig",CO,81625,"Routt",zip_nearest_county_centroid,0.6,0.0001,"ZCTA spans 2 counties; nearest county centroid is 49 km away, next is 56 km (margin 8 km) — OVERRODE the larger-by-land-area candidate"
"boys-and-girls-club-793","Craig",CO,81625,"Routt",zip_nearest_county_centroid,0.78,0.0001,"ZCTA spans 2 counties; nearest county centroid is 47 km away, next is 58 km (margin 10 km) — OVERRODE the larger-by-land-area candidate"
"craig-city-park","Craig",CO,81625,"Routt",zip_nearest_county_centroid,0.78,0.0001,"ZCTA spans 2 counties; nearest county centroid is 47 km away, next is 58 km (margin 11 km) — OVERRODE the larger-by-land-area candidate"
"rec-center-creede","Creede",CO,81130,"Mineral",zip_nearest_county_centroid,0.6,0.7067,"ZCTA spans 2 counties; nearest county centroid is 34 km away, next is 40 km (margin 7 km)"
"bear-valley-park","Denver",CO,80227,"Jefferson",zip_nearest_county_centroid,0.6,0.8564,"ZCTA spans 2 counties; nearest county centroid is 18 km away, next is 20 km (margin 2 km)"
"bear-valley-pb-park","Denver",CO,80227,"Jefferson",zip_nearest_county_centroid,0.6,0.8564,"ZCTA spans 2 counties; nearest county centroid is 17 km away, next is 20 km (margin 3 km)"
"brixton-park-pickleball-complex","Denver",CO,80214,"Denver",zip_nearest_county_centroid,0.78,0.0098,"ZCTA spans 2 counties; nearest county centroid is 15 km away, next is 24 km (margin 9 km) — OVERRODE the larger-by-land-area candidate"
"foothills-fieldhouse","Denver",CO,80235,"Jefferson",zip_nearest_county_centroid,0.78,0.7494,"ZCTA spans 2 counties; nearest county centroid is 15 km away, next is 23 km (margin 8 km)"
"genesis-monaco","Denver",CO,80222,"Denver",zip_dominant_county,0.75,0.8482,"ZCTA spans 2 counties; dominant county holds 84.8% of land area (no coordinates to disambiguate)"
"pickleball-kingdom-denver","Denver",CO,,"",none,0,,"no postal_code"
"scheitler-recreation-center","Denver",CO,80212,"Denver",zip_nearest_county_centroid,0.78,0.7449,"ZCTA spans 3 counties; nearest county centroid is 15 km away, next is 28 km (margin 13 km)"
"southwest-recreation-center","Denver",CO,80123,"Jefferson",zip_nearest_county_centroid,0.78,0.4965,"ZCTA spans 3 counties; nearest county centroid is 14 km away, next is 24 km (margin 10 km)"
"stapleton-rec-center","Denver",CO,80216,"Denver",zip_nearest_county_centroid,0.6,0.721,"ZCTA spans 2 counties; nearest county centroid is 778 km away, next is 780 km (margin 2 km)"
"el-jebel","El Jebel",CO,81623,"Pitkin",zip_nearest_county_centroid,0.78,0.5394,"ZCTA spans 4 counties; nearest county centroid is 26 km away, next is 42 km (margin 16 km)"
"tennis-and-pickleball-courts","El Jebel",CO,81623,"Pitkin",zip_nearest_county_centroid,0.78,0.5394,"ZCTA spans 4 counties; nearest county centroid is 26 km away, next is 42 km (margin 16 km)"
"colorado-athletic-club-inverness","Englewood",CO,80112,"Douglas",zip_nearest_county_centroid,0.78,0.2706,"ZCTA spans 2 counties; nearest county centroid is 36 km away, next is 56 km (margin 20 km) — OVERRODE the larger-by-land-area candidate"
"foxridge-pickleball-courts","Englewood",CO,80112,"Douglas",zip_nearest_county_centroid,0.78,0.2706,"ZCTA spans 2 counties; nearest county centroid is 36 km away, next is 56 km (margin 20 km) — OVERRODE the larger-by-land-area candidate"
"erie-community-recreation-center","Erie",CO,80516,"Broomfield",zip_nearest_county_centroid,0.78,0.092,"ZCTA spans 3 counties; nearest county centroid is 11 km away, next is 30 km (margin 19 km) — OVERRODE the larger-by-land-area candidate"
"ems-courts","Evergreen",CO,80439,"Jefferson",zip_nearest_county_centroid,0.78,0.4165,"ZCTA spans 2 counties; nearest county centroid is 15 km away, next is 27 km (margin 12 km) — OVERRODE the larger-by-land-area candidate"
"evergreen-middle-school","Evergreen",CO,80439,"Jefferson",zip_nearest_county_centroid,0.78,0.4165,"ZCTA spans 2 counties; nearest county centroid is 15 km away, next is 27 km (margin 12 km) — OVERRODE the larger-by-land-area candidate"
"hiwan-golf-club","Evergreen",CO,80439,"Jefferson",zip_nearest_county_centroid,0.78,0.4165,"ZCTA spans 2 counties; nearest county centroid is 13 km away, next is 28 km (margin 14 km) — OVERRODE the larger-by-land-area candidate"
"the-wild-game","Evergreen",CO,80439,"Jefferson",zip_nearest_county_centroid,0.78,0.4165,"ZCTA spans 2 counties; nearest county centroid is 16 km away, next is 27 km (margin 11 km) — OVERRODE the larger-by-land-area candidate"
"the-cove-at-barefoot-lakes","Firestone",CO,80505,"",none,0,,"ZIP has no ZCTA in the Census relationship file (often a PO-box or point ZIP)"
"csu-student-rec-center","Fort Collins",CO,80523,"",none,0,,"ZIP has no ZCTA in the Census relationship file (often a PO-box or point ZIP)"
"western-mountaineer-field-house","Gunnison",CO,81231,"",none,0,,"ZIP has no ZCTA in the Census relationship file (often a PO-box or point ZIP)"
"clear-creek-recreation-center","Idaho Springs",CO,80452,"Gilpin",zip_nearest_county_centroid,0.6,0.0191,"ZCTA spans 2 counties; nearest county centroid is 13 km away, next is 15 km (margin 1 km) — OVERRODE the larger-by-land-area candidate"
"eddie-aragon-park","Johnstown",CO,80534,"Weld",zip_nearest_county_centroid,0.78,0.8049,"ZCTA spans 2 counties; nearest county centroid is 51 km away, next is 61 km (margin 10 km)"
"grace-community-church","Johnstown",CO,80534,"Weld",zip_nearest_county_centroid,0.6,0.8049,"ZCTA spans 2 counties; nearest county centroid is 52 km away, next is 59 km (margin 6 km)"
"johnstown-ymca","Johnstown",CO,80534,"Weld",zip_nearest_county_centroid,0.78,0.8049,"ZCTA spans 2 counties; nearest county centroid is 51 km away, next is 61 km (margin 10 km)"
"ymcanoco","Lafayette",CO,80026,"Broomfield",zip_nearest_county_centroid,0.78,0.0045,"ZCTA spans 2 counties; nearest county centroid is 10 km away, next is 24 km (margin 15 km) — OVERRODE the larger-by-land-area candidate"
"lake-george-community-park","Lake George",CO,80827,"Teller",zip_nearest_county_centroid,0.78,0.1254,"ZCTA spans 2 counties; nearest county centroid is 19 km away, next is 35 km (margin 15 km) — OVERRODE the larger-by-land-area candidate"
"addenbrooke-park","Lakewood",CO,80226,"Jefferson",zip_nearest_county_centroid,0.6,0.994,"ZCTA spans 2 counties; nearest county centroid is 15 km away, next is 23 km (margin 8 km)"
"carmody-rec-center-indoor","Lakewood",CO,80227,"Jefferson",zip_nearest_county_centroid,0.6,0.8564,"ZCTA spans 2 counties; nearest county centroid is 16 km away, next is 22 km (margin 6 km)"
"carmody-recreation-center","Lakewood",CO,80227,"Denver",zip_nearest_county_centroid,0.6,0.1436,"ZCTA spans 2 counties; nearest county centroid is 18 km away, next is 20 km (margin 1 km) — OVERRODE the larger-by-land-area candidate"
"gold-crown-field-house","Lakewood",CO,80226,"Denver",zip_nearest_county_centroid,0.6,0.006,"ZCTA spans 2 counties; nearest county centroid is 16 km away, next is 22 km (margin 5 km) — OVERRODE the larger-by-land-area candidate"
"green-mountain-rec-center-indoor","Lakewood",CO,80227,"Jefferson",zip_nearest_county_centroid,0.78,0.8564,"ZCTA spans 2 counties; nearest county centroid is 15 km away, next is 24 km (margin 9 km)"
"lakewood-park","Lakewood",CO,80226,"Jefferson",zip_nearest_county_centroid,0.6,0.994,"ZCTA spans 2 counties; nearest county centroid is 19 km away, next is 20 km (margin 1 km)"
"meadow-creek-tennis-and-fitness-club","Lakewood",CO,80214,"Denver",zip_nearest_county_centroid,0.6,0.0098,"ZCTA spans 2 counties; nearest county centroid is 16 km away, next is 22 km (margin 6 km) — OVERRODE the larger-by-land-area candidate"
"clement-park","Littleton",CO,80123,"Jefferson",zip_nearest_county_centroid,0.6,0.4965,"ZCTA spans 3 counties; nearest county centroid is 19 km away, next is 21 km (margin 2 km)"
"epic-pickleball-club","Littleton",CO,80123,"Jefferson",zip_nearest_county_centroid,0.6,0.4965,"ZCTA spans 3 counties; nearest county centroid is 23 km away, next is 23 km (margin 1 km)"
"lilley-gulch-rec-center","Littleton",CO,80123,"Jefferson",zip_nearest_county_centroid,0.78,0.4965,"ZCTA spans 3 counties; nearest county centroid is 13 km away, next is 31 km (margin 18 km)"
"roxborough-park-tennis-courts","Littleton",CO,80125,"Jefferson",zip_nearest_county_centroid,0.6,0.0025,"ZCTA spans 2 counties; nearest county centroid is 19 km away, next is 21 km (margin 2 km) — OVERRODE the larger-by-land-area candidate"
"the-picklr-littleton","Littleton",CO,,"",none,0,,"no postal_code"
"centennial-park-5871","Loveland",CO,80537,"Larimer",zip_nearest_county_centroid,0.78,0.9726,"ZCTA spans 2 counties; nearest county centroid is 45 km away, next is 62 km (margin 18 km)"
"chilson-rec-center","Loveland",CO,80537,"Larimer",zip_nearest_county_centroid,0.78,0.9726,"ZCTA spans 2 counties; nearest county centroid is 46 km away, next is 61 km (margin 15 km)"
"chilson-recreation-center","Loveland",CO,80537,"Larimer",zip_nearest_county_centroid,0.78,0.9726,"ZCTA spans 2 counties; nearest county centroid is 45 km away, next is 61 km (margin 16 km)"
"osborn","Loveland",CO,80537,"Larimer",zip_nearest_county_centroid,0.78,0.9726,"ZCTA spans 2 counties; nearest county centroid is 45 km away, next is 61 km (margin 16 km)"
"osborn-park-863","Loveland",CO,80537,"Larimer",zip_nearest_county_centroid,0.78,0.9726,"ZCTA spans 2 counties; nearest county centroid is 47 km away, next is 60 km (margin 12 km)"
"boyle-park-mancos","Mancos",CO,81328,"Montezuma",zip_nearest_county_centroid,0.78,0.9088,"ZCTA spans 2 counties; nearest county centroid is 27 km away, next is 40 km (margin 13 km)"
"fields-community-park","Manitou Springs",CO,,"",none,0,,"no postal_code"
"marsh-park","Monte Vista",CO,81144,"Rio Grande",zip_nearest_county_centroid,0.6,0.9156,"ZCTA spans 2 counties; nearest county centroid is 29 km away, next is 32 km (margin 3 km)"
"community-center-courts","Norwood",CO,81423,"San Miguel",zip_nearest_county_centroid,0.78,0.8997,"ZCTA spans 2 counties; nearest county centroid is 18 km away, next is 31 km (margin 13 km)"
"lifetime-fitness-parker-colorado","Parker",CO,16049,"Butler",zip_nearest_county_centroid,0,0.4312,"derived county is in PA but the row says CO - ZIP or state is wrong"
"pick-n-tap-co-parker","Parker",CO,,"",none,0,,"no postal_code"
"reps","Pueblo",CO,81010,"",none,0,,"ZIP has no ZCTA in the Census relationship file (often a PO-box or point ZIP)"
"ymca-of-pueblo","Pueblo",CO,81008,"Pueblo",zip_nearest_county_centroid,0.78,0.9814,"ZCTA spans 2 counties; nearest county centroid is 1327 km away, next is 1346 km (margin 19 km)"
"boys-girls-club-of-chaffee-county-colorado","Salida",CO,81201,"Chaffee",zip_nearest_county_centroid,0.78,0.8444,"ZCTA spans 2 counties; nearest county centroid is 35 km away, next is 50 km (margin 15 km)"
"centennial-park-878","Salida",CO,81201,"Chaffee",zip_nearest_county_centroid,0.78,0.8444,"ZCTA spans 2 counties; nearest county centroid is 34 km away, next is 51 km (margin 17 km)"
"chaffee-county-fairgrounds-north-building-8864","Salida",CO,81201,"Chaffee",zip_nearest_county_centroid,0.78,0.8444,"ZCTA spans 2 counties; nearest county centroid is 35 km away, next is 50 km (margin 15 km)"
"chaffee-county-fairgrounds-events-center","Salida",CO,81201,"Chaffee",zip_nearest_county_centroid,0.78,0.8444,"ZCTA spans 2 counties; nearest county centroid is 35 km away, next is 50 km (margin 15 km)"
"community-center-south-fork","South Fork",CO,81154,"Rio Grande",zip_nearest_county_centroid,0.6,0.6539,"ZCTA spans 2 counties; nearest county centroid is 27 km away, next is 34 km (margin 8 km)"
"community-center-rio-grande-pickleballers","South Fork",CO,81154,"Rio Grande",zip_nearest_county_centroid,0.78,0.6539,"ZCTA spans 2 counties; nearest county centroid is 26 km away, next is 35 km (margin 8 km)"
"chicken-n-pickle-thornton-f50007","Thornton",CO,,"",none,0,,"no postal_code"
"wellington-community-park","Wellington",CO,80549,"Larimer",zip_nearest_county_centroid,0.78,0.9482,"ZCTA spans 2 counties; nearest county centroid is 41 km away, next is 55 km (margin 15 km)"
"prospect-park-13789","Wheat Ridge",CO,,"",none,0,,"no postal_code"
"hollister-lake-elementary","Windsor",CO,80550,"Weld",zip_nearest_county_centroid,0.78,0.9067,"ZCTA spans 2 counties; nearest county centroid is 43 km away, next is 54 km (margin 11 km)"
"main-park","Windsor",CO,80550,"Weld",zip_nearest_county_centroid,0.78,0.9067,"ZCTA spans 2 counties; nearest county centroid is 45 km away, next is 53 km (margin 9 km)"
"main-park-pickleball","Windsor",CO,80550,"Weld",zip_nearest_county_centroid,0.6,0.9067,"ZCTA spans 2 counties; nearest county centroid is 45 km away, next is 53 km (margin 8 km)"
"orchard-hill-elementary-school","Windsor",CO,80550,"Weld",zip_nearest_county_centroid,0.6,0.9067,"ZCTA spans 2 counties; nearest county centroid is 48 km away, next is 52 km (margin 3 km)"
"power2play","Windsor",CO,80550,"Larimer",zip_nearest_county_centroid,0.6,0.0933,"ZCTA spans 2 counties; nearest county centroid is 49 km away, next is 52 km (margin 3 km) — OVERRODE the larger-by-land-area candidate"
"windsor-community-rec-center","Windsor",CO,80550,"Weld",zip_nearest_county_centroid,0.78,0.9067,"ZCTA spans 2 counties; nearest county centroid is 45 km away, next is 53 km (margin 9 km)"
"serve-smash-padel-pickle-club-branford-ct","Branford",CT,,"",none,0,,"no postal_code"
"copper-valley-tennis-pickleball-and-social-club","Cheshire",CT,06411,"",none,0,,"ZIP has no ZCTA in the Census relationship file (often a PO-box or point ZIP)"
"outdoor-courts","Colchester",CT,06415,"New London",zip_dominant_county,0.75,0.8746,"ZCTA spans 2 counties; dominant county holds 87.5% of land area (no coordinates to disambiguate)"
"danbury-community-ceter","Danbury",CT,06817,"",none,0,,"ZIP has no ZCTA in the Census relationship file (often a PO-box or point ZIP)"
"fairfield-tunxis-hill-park","Fairfield",CT,,"",none,0,,"no postal_code"
"riverfront-community-center","Glastonbury",CT,,"",none,0,,"no postal_code"
"greenwich-pickleball","Greenwich",CT,,"",none,0,,"no postal_code"
"groton-community-center","Groton",CT,06349,"",none,0,,"ZIP has no ZCTA in the Census relationship file (often a PO-box or point ZIP)"
"milford-ct-dedicated-pickleball-courts","Milford",CT,,"",none,0,,"no postal_code"
"meade-memorial-park","New Canaan",CT,06842,"",none,0,,"ZIP has no ZCTA in the Census relationship file (often a PO-box or point ZIP)"
"new-canaan-racquet-club","New Canaan",CT,06842,"",none,0,,"ZIP has no ZCTA in the Census relationship file (often a PO-box or point ZIP)"
"the-tennis-fitness-center-of-rocky-hill-rocky-hill-ct","Rocky Hill",CT,,"",none,0,,"no postal_code"
"dill-dinkers-simsbury-f30002","Simsbury",CT,,"",none,0,,"no postal_code"
"cove-island-park-pickleball-courts","Stamford",CT,,"",none,0,,"no postal_code"
"unity-park-10392","Unity Park Trumbull",CT,,"",none,0,,"no postal_code"
"westbrook-community-center","Westbrook",CT,04092,"Cumberland",zip_single_county,0,1,"derived county is in ME but the row says CT - ZIP or state is wrong"
"boston-pickle-club-windsor-windsor","Windsor",CT,,"",none,0,,"no postal_code"
"sea-colony","Bethany Beach",DE,,"",none,0,,"no postal_code"
"harrington-park-and-recreation","Harrington",DE,19952,"Kent",zip_nearest_county_centroid,0.78,0.984,"ZCTA spans 2 counties; nearest county centroid is 20 km away, next is 35 km (margin 14 km)"
"milford-parks-recreation","Milford",DE,19963,"Kent",zip_nearest_county_centroid,0.6,0.4974,"ZCTA spans 2 counties; nearest county centroid is 22 km away, next is 27 km (margin 6 km) — OVERRODE the larger-by-land-area candidate"
"milford-pickleball-courts","Milford",DE,19963,"Kent",zip_nearest_county_centroid,0.6,0.4974,"ZCTA spans 2 counties; nearest county centroid is 21 km away, next is 28 km (margin 6 km) — OVERRODE the larger-by-land-area candidate"
"southern-delaware-golf-club","Milford",DE,19963,"Kent",zip_nearest_county_centroid,0.6,0.4974,"ZCTA spans 2 counties; nearest county centroid is 23 km away, next is 26 km (margin 3 km) — OVERRODE the larger-by-land-area candidate"
"the-picklr-newark","Newark",DE,,"",none,0,,"no postal_code"
"dill-dinkers-newport-f30010","Newport",DE,,"",none,0,,"no postal_code"
"bechtel-park-talley-middle-school","Wilmington",DE,,"",none,0,,"no postal_code"
"astor-city-park","Astor",FL,32102,"Volusia",zip_nearest_county_centroid,0.78,0.3795,"ZCTA spans 2 counties; nearest county centroid is 38 km away, next is 48 km (margin 9 km) — OVERRODE the larger-by-land-area candidate"
"adelaide-shores-rv-resort","Avon Park",FL,33825,"Highlands",zip_nearest_county_centroid,0.78,0.6768,"ZCTA spans 2 counties; nearest county centroid is 33 km away, next is 44 km (margin 11 km)"
"reflections-new-courts","Avon Park",FL,33824,"",none,0,,"ZIP has no ZCTA in the Census relationship file (often a PO-box or point ZIP)"
"nye-jordan-park","Bartow",FL,30338,"DeKalb",zip_nearest_county_centroid,0,0.9803,"derived county is in GA but the row says FL - ZIP or state is wrong"
"boca-west-pickleball-center-boca-raton-fl","Boca Raton",FL,,"",none,0,,"no postal_code"
"el-rio-park","Boca Raton",FL,33427,"",none,0,,"ZIP has no ZCTA in the Census relationship file (often a PO-box or point ZIP)"
"the-club-at-boca-pointe","Boca Raton",FL,,"",none,0,,"no postal_code"
"bonita-bay-club-sports-center","Bonita Springs",FL,34134,"Lee",zip_nearest_county_centroid,0.78,0.9033,"ZCTA spans 2 counties; nearest county centroid is 29 km away, next is 48 km (margin 19 km)"
"bonita-springs-ymca","Bonita Springs",FL,34135,"Lee",zip_nearest_county_centroid,0.78,0.9997,"ZCTA spans 2 counties; nearest county centroid is 34 km away, next is 43 km (margin 9 km)"
"bonita-terra-bonita-springs","Bonita Springs",FL,34135,"Lee",zip_nearest_county_centroid,0.78,0.9997,"ZCTA spans 2 counties; nearest county centroid is 32 km away, next is 45 km (margin 13 km)"
"city-of-bonita-springs-recreation-center","Bonita Springs",FL,34135,"Lee",zip_nearest_county_centroid,0.78,0.9997,"ZCTA spans 2 counties; nearest county centroid is 31 km away, next is 46 km (margin 15 km)"
"highland-woods-bonita-springs","Bonita Springs",FL,34135,"Lee",zip_nearest_county_centroid,0.78,0.9997,"ZCTA spans 2 counties; nearest county centroid is 29 km away, next is 48 km (margin 18 km)"
"imperial-bonita-estates","Bonita Springs",FL,34135,"Lee",zip_nearest_county_centroid,0.78,0.9997,"ZCTA spans 2 counties; nearest county centroid is 34 km away, next is 43 km (margin 9 km)"
"riverwalk-park","Bonita Springs",FL,34134,"Lee",zip_nearest_county_centroid,0.78,0.9033,"ZCTA spans 2 counties; nearest county centroid is 32 km away, next is 45 km (margin 13 km)"
"sports-challenge-america-bonita-springs","Bonita Springs",FL,34135,"Lee",zip_nearest_county_centroid,0.78,0.9997,"ZCTA spans 2 counties; nearest county centroid is 33 km away, next is 44 km (margin 11 km)"
"nature-coast-sports-pickleball-club","Brooksville",FL,,"",none,0,,"no postal_code"
"st-james-bay-golf-pickleball-resort","Carrabelle",FL,,"",none,0,,"no postal_code"
"championsgate-country-club","ChampionsGate",FL,33896,"Polk",zip_nearest_county_centroid,0.78,0.358,"ZCTA spans 2 counties; nearest county centroid is 35 km away, next is 52 km (margin 17 km) — OVERRODE the larger-by-land-area candidate"
"north-greenwood-rec-center","Clearwater",FL,34620,"",none,0,,"ZIP has no ZCTA in the Census relationship file (often a PO-box or point ZIP)"
"encore-lake-magic-rv-resort","Clermont",FL,,"",none,0,,"no postal_code"
"thousand-trails-orlando","Clermont",FL,,"",none,0,,"no postal_code"
"civic-park-behind-the-clewiston-inn","Clewiston",FL,33440,"Hendry",zip_nearest_county_centroid,0.78,0.9534,"ZCTA spans 2 counties; nearest county centroid is 32 km away, next is 50 km (margin 17 km)"
"riverside-park-coral-springs","Coral Springs",FL,,"",none,0,,"no postal_code"
"dade-city-armory","Dade City",FL,33523,"Pasco",zip_nearest_county_centroid,0.6,0.9238,"ZCTA spans 2 counties; nearest county centroid is 31 km away, next is 39 km (margin 7 km)"
"travelers-rest-resort","Dade City",FL,33523,"Pasco",zip_nearest_county_centroid,0.6,0.9238,"ZCTA spans 2 counties; nearest county centroid is 31 km away, next is 39 km (margin 7 km)"
"northeast-regional-park","Davenport",FL,33836,"",none,0,,"ZIP has no ZCTA in the Census relationship file (often a PO-box or point ZIP)"
"the-pickle-zone","Debary",FL,,"",none,0,,"no postal_code"
"rallywell-pickleball-and-wellness-club-deland","DeLand",FL,,"",none,0,,"no postal_code"
"city-of-destin-pickleball-facility","Destin",FL,,"",none,0,,"no postal_code"
"destin-city-hall-annex-pickleball-courts-destin","Destin",FL,,"",none,0,,"no postal_code"
"destin-pickleball-courts-destin","Destin",FL,,"",none,0,,"no postal_code"
"ernie-mills-park-10845","Dunnellon",FL,34431,"Levy",zip_nearest_county_centroid,0.6,0.4481,"ZCTA spans 2 counties; nearest county centroid is 44 km away, next is 44 km (margin 0 km) — OVERRODE the larger-by-land-area candidate"
"sea-cliff-park","Dunnellon",FL,34431,"Levy",zip_nearest_county_centroid,0.6,0.4481,"ZCTA spans 2 counties; nearest county centroid is 44 km away, next is 44 km (margin 0 km) — OVERRODE the larger-by-land-area candidate"
"ann-chuck-dever-recreation-center","Englewood",FL,34224,"Charlotte",zip_nearest_county_centroid,0.6,0.9443,"ZCTA spans 2 counties; nearest county centroid is 31 km away, next is 35 km (margin 4 km)"
"ann-chuck-dever-regional-park-rec-center","Englewood",FL,34223,"Charlotte",zip_nearest_county_centroid,0.6,0.052,"ZCTA spans 2 counties; nearest county centroid is 31 km away, next is 35 km (margin 4 km) — OVERRODE the larger-by-land-area candidate"
"boca-royale-racquet-club","Englewood",FL,34223,"Sarasota",zip_nearest_county_centroid,0.78,0.948,"ZCTA spans 2 counties; nearest county centroid is 26 km away, next is 38 km (margin 12 km)"
"englewood-sports-complex","Englewood",FL,34223,"Sarasota",zip_nearest_county_centroid,0.6,0.948,"ZCTA spans 2 counties; nearest county centroid is 30 km away, next is 36 km (margin 5 km)"
"englewood-florida-ymca","Englewood",FL,34223,"Sarasota",zip_nearest_county_centroid,0.6,0.948,"ZCTA spans 2 counties; nearest county centroid is 30 km away, next is 36 km (margin 5 km)"
"oyster-creek","Englewood",FL,34224,"Charlotte",zip_nearest_county_centroid,0.6,0.9443,"ZCTA spans 2 counties; nearest county centroid is 31 km away, next is 34 km (margin 3 km)"
"tringali-recreation-center","Englewood",FL,34224,"Sarasota",zip_nearest_county_centroid,0.6,0.0557,"ZCTA spans 2 counties; nearest county centroid is 30 km away, next is 36 km (margin 5 km) — OVERRODE the larger-by-land-area candidate"
"dunes-club","Fernandina Beach",FL,32035,"",none,0,,"ZIP has no ZCTA in the Census relationship file (often a PO-box or point ZIP)"
"palmetto-park","Florahome",FL,32140,"Putnam",zip_nearest_county_centroid,0.6,0.898,"ZCTA spans 2 counties; nearest county centroid is 21 km away, next is 28 km (margin 7 km)"
"picklerage-fort-myers-fort-myers","Fort Myers",FL,,"",none,0,,"no postal_code"
"julington-creek-plantation-cdd-by-skate-park","Fruit Cove",FL,32259,"Duval",zip_nearest_county_centroid,0.6,0.0149,"ZCTA spans 2 counties; nearest county centroid is 27 km away, next is 30 km (margin 3 km) — OVERRODE the larger-by-land-area candidate"
"rock-creek-hoa-gainesville-fl","Gainesville",FL,,"",none,0,,"no postal_code"
"tom-petty-park-pickleball-courts-gainesville","Gainesville",FL,,"",none,0,,"no postal_code"
"gulf-breeze-community-center-outside-pickleball-courts","Gulf Breeze",FL,32561,"Escambia",zip_nearest_county_centroid,0.78,0.6112,"ZCTA spans 2 counties; nearest county centroid is 24 km away, next is 38 km (margin 14 km)"
"high-springs-civic-center-park-pickleball-courts","High Springs",FL,32643,"Gilchrist",zip_nearest_county_centroid,0.6,0.3496,"ZCTA spans 3 counties; nearest county centroid is 22 km away, next is 29 km (margin 6 km) — OVERRODE the larger-by-land-area candidate"
"cimmarone","Jacksonville",FL,32259,"St. Johns",zip_nearest_county_centroid,0.78,0.9851,"ZCTA spans 2 counties; nearest county centroid is 24 km away, next is 32 km (margin 9 km)"
"island-dunes-jensen-beach","Jensen Beach",FL,34957,"Martin",zip_nearest_county_centroid,0.6,0.6239,"ZCTA spans 2 counties; nearest county centroid is 25 km away, next is 26 km (margin 1 km)"
"langford-park","Jensen Beach",FL,34957,"Martin",zip_nearest_county_centroid,0.6,0.6239,"ZCTA spans 2 counties; nearest county centroid is 25 km away, next is 26 km (margin 1 km)"
"vince-bocchino-community-center","Jensen Beach",FL,,"",none,0,,"no postal_code"
"abacoa-community-park-jupiter","Jupiter",FL,33458,"Martin",zip_nearest_county_centroid,0.6,0.19,"ZCTA spans 2 counties; nearest county centroid is 34 km away, next is 42 km (margin 8 km) — OVERRODE the larger-by-land-area candidate"
"county-line-park","Jupiter",FL,33469,"Martin",zip_nearest_county_centroid,0.78,0.7162,"ZCTA spans 2 counties; nearest county centroid is 31 km away, next is 50 km (margin 20 km)"
"egret-landing-courts-jupiter","Jupiter",FL,33458,"Martin",zip_nearest_county_centroid,0.78,0.19,"ZCTA spans 2 counties; nearest county centroid is 33 km away, next is 43 km (margin 10 km) — OVERRODE the larger-by-land-area candidate"
"jupiter-community-center","Jupiter",FL,33458,"Martin",zip_nearest_county_centroid,0.78,0.19,"ZCTA spans 2 counties; nearest county centroid is 34 km away, next is 46 km (margin 13 km) — OVERRODE the larger-by-land-area candidate"
"jupiter-community-park-12529","Jupiter",FL,33458,"Martin",zip_nearest_county_centroid,0.78,0.19,"ZCTA spans 2 counties; nearest county centroid is 29 km away, next is 45 km (margin 15 km) — OVERRODE the larger-by-land-area candidate"
"jupiter-community-park","Jupiter",FL,33458,"Martin",zip_nearest_county_centroid,0.78,0.19,"ZCTA spans 2 counties; nearest county centroid is 30 km away, next is 44 km (margin 14 km) — OVERRODE the larger-by-land-area candidate"
"lighthouse-park-jupiter","Jupiter",FL,33469,"Martin",zip_nearest_county_centroid,0.78,0.7162,"ZCTA spans 2 counties; nearest county centroid is 34 km away, next is 49 km (margin 15 km)"
"tequesta-park-jupiter","Jupiter",FL,33469,"Martin",zip_nearest_county_centroid,0.78,0.7162,"ZCTA spans 2 counties; nearest county centroid is 33 km away, next is 50 km (margin 17 km)"
"west-jupiter-recreation-center","Jupiter",FL,33458,"Martin",zip_nearest_county_centroid,0.78,0.19,"ZCTA spans 2 counties; nearest county centroid is 31 km away, next is 45 km (margin 14 km) — OVERRODE the larger-by-land-area candidate"
"keystone-heights-sunrise-park","Keystone Heights",FL,32656,"Bradford",zip_nearest_county_centroid,0.6,0.0481,"ZCTA spans 2 counties; nearest county centroid is 23 km away, next is 27 km (margin 5 km) — OVERRODE the larger-by-land-area candidate"
"little-rain-lake-park","Keystone Heights",FL,32656,"Bradford",zip_nearest_county_centroid,0.6,0.0481,"ZCTA spans 2 counties; nearest county centroid is 23 km away, next is 27 km (margin 5 km) — OVERRODE the larger-by-land-area candidate"
"twin-lakes-park","Keystone Heights",FL,32656,"Bradford",zip_nearest_county_centroid,0.6,0.0481,"ZCTA spans 2 counties; nearest county centroid is 23 km away, next is 27 km (margin 5 km) — OVERRODE the larger-by-land-area candidate"
"kingsley-lake-park","Kingsley Lake",FL,32091,"Clay",zip_nearest_county_centroid,0.6,0.1551,"ZCTA spans 2 counties; nearest county centroid is 13 km away, next is 16 km (margin 3 km) — OVERRODE the larger-by-land-area candidate"
"crushyard-orlando","Kissimmee",FL,,"",none,0,,"no postal_code"
"solivita","Kissimmee",FL,34759,"Polk",zip_nearest_county_centroid,0.6,0.6517,"ZCTA spans 2 counties; nearest county centroid is 29 km away, next is 34 km (margin 5 km)"
"civic-park","Labelle",FL,33935,"Glades",zip_nearest_county_centroid,0.6,0.4177,"ZCTA spans 2 counties; nearest county centroid is 33 km away, next is 38 km (margin 5 km) — OVERRODE the larger-by-land-area candidate"
"recreation-plantation-rv-resort","Lady Lake",FL,32159,"Sumter",zip_nearest_county_centroid,0.6,0.1548,"ZCTA spans 2 counties; nearest county centroid is 27 km away, next is 28 km (margin 1 km) — OVERRODE the larger-by-land-area candidate"
"the-grand-oaks-resort","Lady Lake",FL,32159,"Lake",zip_nearest_county_centroid,0.6,0.8452,"ZCTA spans 2 counties; nearest county centroid is 29 km away, next is 30 km (margin 1 km)"
"sun-n-lake-lake-placid","Lake Placid",FL,33862,"",none,0,,"ZIP has no ZCTA in the Census relationship file (often a PO-box or point ZIP)"
"lakeshore-colony","Lake Worth",FL,33346,"",none,0,,"ZIP has no ZCTA in the Census relationship file (often a PO-box or point ZIP)"
"pickleball-at-fontaine-gills-family-ymca","Lakeland",FL,33810,"Polk",zip_nearest_county_centroid,0.78,0.7343,"ZCTA spans 2 counties; nearest county centroid is 33 km away, next is 44 km (margin 11 km)"
"pickleball-courts-at-simpson-park-community-center","Lakeland",FL,33806,"",none,0,,"ZIP has no ZCTA in the Census relationship file (often a PO-box or point ZIP)"
"premier-sports-campus-north-lakewood-ranch","Lakewood Ranch",FL,,"",none,0,,"no postal_code"
"veteran-s-park-fort-myers","Lehigh Acres",FL,33936,"Lee",zip_nearest_county_centroid,0.78,0.3187,"ZCTA spans 2 counties; nearest county centroid is 33 km away, next is 51 km (margin 18 km) — OVERRODE the larger-by-land-area candidate"
"bayfront-park","Longboat Key",FL,34228,"Manatee",zip_nearest_county_centroid,0.6,0.4266,"ZCTA spans 2 counties; nearest county centroid is 27 km away, next is 31 km (margin 4 km) — OVERRODE the larger-by-land-area candidate"
"ace-pickleball-fl","Lutz",FL,33558,"Pasco",zip_nearest_county_centroid,0.78,0.3594,"ZCTA spans 2 counties; nearest county centroid is 18 km away, next is 30 km (margin 11 km) — OVERRODE the larger-by-land-area candidate"
"lake-como-family-nudist-resort","Lutz",FL,33558,"Pasco",zip_nearest_county_centroid,0.78,0.3594,"ZCTA spans 2 counties; nearest county centroid is 18 km away, next is 30 km (margin 11 km) — OVERRODE the larger-by-land-area candidate"
"paradise-lakes-resort","Lutz",FL,33558,"Pasco",zip_nearest_county_centroid,0.78,0.3594,"ZCTA spans 2 counties; nearest county centroid is 18 km away, next is 30 km (margin 11 km) — OVERRODE the larger-by-land-area candidate"
"city-of-maitland-minnehaha-park","Maitland",FL,32751,"Orange",zip_nearest_county_centroid,0.78,0.7473,"ZCTA spans 2 counties; nearest county centroid is 13 km away, next is 24 km (margin 11 km)"
"minnehaha-park","Maitland",FL,32751,"Orange",zip_nearest_county_centroid,0.78,0.7473,"ZCTA spans 2 counties; nearest county centroid is 13 km away, next is 24 km (margin 11 km)"
"marathon-city-pickleball-courts-marathon","Marathon",FL,,"",none,0,,"no postal_code"
"foxmeadow-recreational-park","Middleburg",FL,32050,"",none,0,,"ZIP has no ZCTA in the Census relationship file (often a PO-box or point ZIP)"
"cuyler-community-center-1162","Mims",FL,32754,"Brevard",zip_nearest_county_centroid,0.6,0.7818,"ZCTA spans 2 counties; nearest county centroid is 45 km away, next is 52 km (margin 7 km)"
"cuyler-community-center","Mims",FL,32754,"Brevard",zip_nearest_county_centroid,0.78,0.7818,"ZCTA spans 2 counties; nearest county centroid is 43 km away, next is 54 km (margin 12 km)"
"mims-united-methodist-church","Mims",FL,32754,"Brevard",zip_nearest_county_centroid,0.78,0.7818,"ZCTA spans 2 counties; nearest county centroid is 43 km away, next is 53 km (margin 10 km)"
"mims-united-methodist-church-pickleball-courts","Mims",FL,32754,"Brevard",zip_nearest_county_centroid,0.78,0.7818,"ZCTA spans 2 counties; nearest county centroid is 43 km away, next is 53 km (margin 10 km)"
"seasons-in-the-sun-rv-resort","Mims",FL,32754,"Brevard",zip_nearest_county_centroid,0.6,0.7818,"ZCTA spans 2 counties; nearest county centroid is 45 km away, next is 52 km (margin 7 km)"
"north-lake-estates-rv-resort","Moore Haven",FL,33471,"Glades",zip_nearest_county_centroid,0.78,0.9998,"ZCTA spans 2 counties; nearest county centroid is 17 km away, next is 33 km (margin 16 km)"
"the-glades-rv-resort","Moore Haven",FL,33471,"Glades",zip_nearest_county_centroid,0.78,0.9998,"ZCTA spans 2 counties; nearest county centroid is 17 km away, next is 33 km (margin 16 km)"
"crystal-lake-rv-resort-private-courts","Naples",FL,34119,"Collier",zip_nearest_county_centroid,0.78,0.9816,"ZCTA spans 2 counties; nearest county centroid is 33 km away, next is 44 km (margin 11 km)"
"cypress-woods","Naples",FL,34119,"Collier",zip_nearest_county_centroid,0.6,0.9816,"ZCTA spans 2 counties; nearest county centroid is 38 km away, next is 40 km (margin 1 km)"
"esplanade-golf-country-club-of-naples","Naples",FL,34119,"Lee",zip_nearest_county_centroid,0.6,0.0184,"ZCTA spans 2 counties; nearest county centroid is 39 km away, next is 41 km (margin 2 km) — OVERRODE the larger-by-land-area candidate"
"lake-san-marino-rv-resort","Naples",FL,34110,"Lee",zip_nearest_county_centroid,0.78,0.0517,"ZCTA spans 2 counties; nearest county centroid is 35 km away, next is 44 km (margin 9 km) — OVERRODE the larger-by-land-area candidate"
"silver-lakes-rv-and-golf-resort","Naples",FL,39114,"Smith",zip_nearest_county_centroid,0,0.0003,"derived county is in MS but the row says FL - ZIP or state is wrong"
"bluewater-bay-elementary","Niceville",FL,32588,"",none,0,,"ZIP has no ZCTA in the Census relationship file (often a PO-box or point ZIP)"
"meigs-niceville","Niceville",FL,32578,"Okaloosa",zip_nearest_county_centroid,0.78,0.9739,"ZCTA spans 2 counties; nearest county centroid is 14 km away, next is 31 km (margin 16 km)"
"niceville-senior-center","Niceville",FL,32578,"Okaloosa",zip_nearest_county_centroid,0.78,0.9739,"ZCTA spans 2 counties; nearest county centroid is 15 km away, next is 30 km (margin 16 km)"
"del-webb-oak-creek-north-fort-myers","North Fort Myers",FL,33917,"Lee",zip_nearest_county_centroid,0.78,0.7264,"ZCTA spans 2 counties; nearest county centroid is 16 km away, next is 29 km (margin 13 km)"
"doug-s-place","North Fort Myers",FL,33917,"Lee",zip_nearest_county_centroid,0.78,0.7264,"ZCTA spans 2 counties; nearest county centroid is 19 km away, next is 28 km (margin 9 km)"
"heron-s-glen","North Fort Myers",FL,33917,"Charlotte",zip_nearest_county_centroid,0.6,0.2736,"ZCTA spans 2 counties; nearest county centroid is 18 km away, next is 24 km (margin 6 km) — OVERRODE the larger-by-land-area candidate"
"okeechobee-koa-resort","Okeechobee",FL,34974,"Okeechobee",zip_nearest_county_centroid,0.78,0.2206,"ZCTA spans 4 counties; nearest county centroid is 22 km away, next is 41 km (margin 18 km) — OVERRODE the larger-by-land-area candidate"
"genesis-health-club-orlando-sportsplex","Orlando",FL,,"",none,0,,"no postal_code"
"pickleball-orlando","Orlando",FL,,"",none,0,,"no postal_code"
"picklex-club-orlando","Orlando",FL,,"",none,0,,"no postal_code"
"rdv-sportspex","Orlando",FL,32810,"Orange",zip_nearest_county_centroid,0.78,0.9985,"ZCTA spans 2 counties; nearest county centroid is 15 km away, next is 27 km (margin 11 km)"
"the-picklr-orlando-north","Orlando",FL,32703,"Orange",zip_nearest_county_centroid,0.78,0.9095,"ZCTA spans 2 counties; nearest county centroid is 22 km away, next is 31 km (margin 10 km)"
"ormond-beach-nova-community-center","Ormond Beach",FL,32174,"Volusia",zip_nearest_county_centroid,0.6,0.7059,"ZCTA spans 2 counties; nearest county centroid is 27 km away, next is 28 km (margin 2 km)"
"lakeside-landings","Oxford",FL,04428,"Penobscot",zip_single_county,0,1,"derived county is in ME but the row says FL - ZIP or state is wrong"
"highlands-reserve","Palm City",FL,34990,"Martin",zip_nearest_county_centroid,0.78,0.9817,"ZCTA spans 2 counties; nearest county centroid is 15 km away, next is 28 km (margin 13 km)"
"justin-wilson-memorial-park","Palm City",FL,34990,"Martin",zip_nearest_county_centroid,0.78,0.9817,"ZCTA spans 2 counties; nearest county centroid is 17 km away, next is 27 km (margin 10 km)"
"celdadon-beach-resort","Panama City Beach",FL,32413,"Bay",zip_nearest_county_centroid,0.6,0.9957,"ZCTA spans 2 counties; nearest county centroid is 37 km away, next is 45 km (margin 7 km)"
"diadem-emerald-coast-pickleball-panama-city-beach","Panama City Beach",FL,,"",none,0,,"no postal_code"
"latitude-margaritaville-watersound","Panama City Beach",FL,32413,"Bay",zip_nearest_county_centroid,0.78,0.9957,"ZCTA spans 2 counties; nearest county centroid is 33 km away, next is 43 km (margin 11 km)"
"del-webb-nocatee","Ponte Vedra",FL,32081,"St. Johns",zip_nearest_county_centroid,0.78,0.9029,"ZCTA spans 2 counties; nearest county centroid is 22 km away, next is 36 km (margin 14 km)"
"del-webb-ponte-vedra","Ponte Vedra",FL,32081,"St. Johns",zip_nearest_county_centroid,0.78,0.9029,"ZCTA spans 2 counties; nearest county centroid is 23 km away, next is 36 km (margin 13 km)"
"nocatee-pickleball-courts","Ponte Vedra",FL,32081,"St. Johns",zip_nearest_county_centroid,0.78,0.9029,"ZCTA spans 2 counties; nearest county centroid is 24 km away, next is 34 km (margin 11 km)"
"nocatee-ponte-vedra","Ponte Vedra",FL,32081,"St. Johns",zip_nearest_county_centroid,0.78,0.9029,"ZCTA spans 2 counties; nearest county centroid is 24 km away, next is 34 km (margin 9 km)"
"nocatee-splash-park","Ponte Vedra",FL,32081,"St. Johns",zip_nearest_county_centroid,0.78,0.9029,"ZCTA spans 2 counties; nearest county centroid is 24 km away, next is 34 km (margin 10 km)"
"valley-ridge-academy","Ponte Vedra",FL,32081,"St. Johns",zip_nearest_county_centroid,0.78,0.9029,"ZCTA spans 2 counties; nearest county centroid is 24 km away, next is 32 km (margin 8 km)"
"walden-chase","Ponte Vedra",FL,32081,"St. Johns",zip_nearest_county_centroid,0.78,0.9029,"ZCTA spans 2 counties; nearest county centroid is 23 km away, next is 33 km (margin 10 km)"
"spruce-creek-country-club","Port Orange",FL,32928,"",none,0,,"ZIP has no ZCTA in the Census relationship file (often a PO-box or point ZIP)"
"pball-smash","Port Richey",FL,,"",none,0,,"no postal_code"
"riverland-sports-racquet-club-expansion-port-st-lucie","Port St. Lucie",FL,,"",none,0,,"no postal_code"
"creekside-christian-church","Saint Johns",FL,32259,"St. Johns",zip_nearest_county_centroid,0.6,0.9851,"ZCTA spans 2 counties; nearest county centroid is 26 km away, next is 28 km (margin 2 km)"
"fruit-cove-recreation-club","Saint Johns",FL,32259,"St. Johns",zip_nearest_county_centroid,0.6,0.9851,"ZCTA spans 2 counties; nearest county centroid is 28 km away, next is 30 km (margin 2 km)"
"salt-springs-civic-association-park","Salt Springs",FL,32134,"Putnam",zip_nearest_county_centroid,0.6,0.1783,"ZCTA spans 3 counties; nearest county centroid is 27 km away, next is 34 km (margin 7 km) — OVERRODE the larger-by-land-area candidate"
"san-mateo","San Mateo",FL,32178,"",none,0,,"ZIP has no ZCTA in the Census relationship file (often a PO-box or point ZIP)"
"dill-dinkers-sarasota-f30011","Sarasota",FL,,"",none,0,,"no postal_code"
"governor-ron-desantis-park","Sarasota",FL,34243,"Manatee",zip_nearest_county_centroid,0.6,0.804,"ZCTA spans 2 counties; nearest county centroid is 15 km away, next is 22 km (margin 8 km)"
"longwood-park","Sarasota",FL,34243,"Manatee",zip_nearest_county_centroid,0.6,0.804,"ZCTA spans 2 counties; nearest county centroid is 13 km away, next is 19 km (margin 6 km)"
"our-y-formerly-ymca-sadlier-park","Sarasota",FL,34277,"",none,0,,"ZIP has no ZCTA in the Census relationship file (often a PO-box or point ZIP)"
"palm-aire-country-club","Sarasota",FL,34243,"Manatee",zip_nearest_county_centroid,0.78,0.804,"ZCTA spans 2 counties; nearest county centroid is 12 km away, next is 21 km (margin 9 km)"
"ronald-foxworthy-campus-pickleball-courts-sarasota","Sarasota",FL,,"",none,0,,"no postal_code"
"sun-outdoors-sarasota","Sarasota",FL,,"",none,0,,"no postal_code"
"the-pickleball-club","Sarasota",FL,34240,"Manatee",zip_nearest_county_centroid,0.6,0.0011,"ZCTA spans 2 counties; nearest county centroid is 14 km away, next is 14 km (margin 1 km) — OVERRODE the larger-by-land-area candidate"
"twin-lakes-park-pickleball-courts-sarasota","Sarasota",FL,,"",none,0,,"no postal_code"
"dill-dinkers-satellite-beach-f30014","Satellite Beach",FL,,"",none,0,,"no postal_code"
"sebastian-river-high-school","Sebastian",FL,32978,"",none,0,,"ZIP has no ZCTA in the Census relationship file (often a PO-box or point ZIP)"
"lake-josephine","Sebring",FL,33826,"",none,0,,"ZIP has no ZCTA in the Census relationship file (often a PO-box or point ZIP)"
"veterans-park-st-johns","St Johns",FL,32259,"St. Johns",zip_nearest_county_centroid,0.78,0.9851,"ZCTA spans 2 counties; nearest county centroid is 24 km away, next is 32 km (margin 8 km)"
"veterans-park-13799","St Johns",FL,32259,"Duval",zip_nearest_county_centroid,0.6,0.0149,"ZCTA spans 2 counties; nearest county centroid is 27 km away, next is 28 km (margin 1 km) — OVERRODE the larger-by-land-area candidate"
"dill-dinkers-st-petersburg-f30020","St. Petersburg",FL,,"",none,0,,"no postal_code"
"jupiter-tennis-and-pickleball-tequesta","Tequesta",FL,33469,"Martin",zip_nearest_county_centroid,0.78,0.7162,"ZCTA spans 2 counties; nearest county centroid is 29 km away, next is 48 km (margin 20 km)"
"riverbend-country-club","Tequesta",FL,33469,"Martin",zip_nearest_county_centroid,0.78,0.7162,"ZCTA spans 2 counties; nearest county centroid is 34 km away, next is 50 km (margin 16 km)"
"tequesta-park","Tequesta",FL,33333,"",none,0,,"ZIP has no ZCTA in the Census relationship file (often a PO-box or point ZIP)"
"tequesta-village-parks-rec","Tequesta",FL,33469,"Martin",zip_nearest_county_centroid,0.78,0.7162,"ZCTA spans 2 counties; nearest county centroid is 33 km away, next is 49 km (margin 16 km)"
"allamanda","The Villages",FL,32162,"Sumter",zip_nearest_county_centroid,0.78,0.8457,"ZCTA spans 2 counties; nearest county centroid is 21 km away, next is 36 km (margin 15 km)"
"aviary-the-villages","The Villages",FL,32163,"Sumter",zip_nearest_county_centroid,0.78,0.8974,"ZCTA spans 2 counties; nearest county centroid is 13 km away, next is 26 km (margin 14 km)"
"bradenton","The Villages",FL,32163,"Sumter",zip_nearest_county_centroid,0.78,0.8974,"ZCTA spans 2 counties; nearest county centroid is 18 km away, next is 28 km (margin 10 km)"
"canal-the-villages","The Villages",FL,32162,"Sumter",zip_nearest_county_centroid,0.78,0.8457,"ZCTA spans 2 counties; nearest county centroid is 22 km away, next is 35 km (margin 12 km)"
"chula-vista","The Villages",FL,32159,"Sumter",zip_nearest_county_centroid,0.6,0.1548,"ZCTA spans 2 counties; nearest county centroid is 27 km away, next is 29 km (margin 2 km) — OVERRODE the larger-by-land-area candidate"
"churchill-downs","The Villages",FL,32162,"Sumter",zip_nearest_county_centroid,0.78,0.8457,"ZCTA spans 2 counties; nearest county centroid is 23 km away, next is 32 km (margin 9 km)"
"coconut-cove","The Villages",FL,32162,"Sumter",zip_nearest_county_centroid,0.78,0.8457,"ZCTA spans 2 counties; nearest county centroid is 23 km away, next is 35 km (margin 12 km)"
"colony-cottage-sports-pool-rec","The Villages",FL,,"",none,0,,"no postal_code"
"colony-the-villages","The Villages",FL,32162,"Sumter",zip_nearest_county_centroid,0.78,0.8457,"ZCTA spans 2 counties; nearest county centroid is 20 km away, next is 38 km (margin 18 km)"
"deluna-recreation-center","The Villages",FL,32163,"Sumter",zip_nearest_county_centroid,0.78,0.8974,"ZCTA spans 2 counties; nearest county centroid is 13 km away, next is 33 km (margin 20 km)"
"eisenhower","The Villages",FL,32163,"Sumter",zip_nearest_county_centroid,0.6,0.8974,"ZCTA spans 2 counties; nearest county centroid is 23 km away, next is 30 km (margin 8 km)"
"el-santiago","The Villages",FL,32162,"Sumter",zip_nearest_county_centroid,0.6,0.8457,"ZCTA spans 2 counties; nearest county centroid is 27 km away, next is 29 km (margin 2 km)"
"ezell-the-villages","The Villages",FL,32163,"Sumter",zip_nearest_county_centroid,0.78,0.8974,"ZCTA spans 2 counties; nearest county centroid is 13 km away, next is 25 km (margin 12 km)"
"franklin","The Villages",FL,32163,"Sumter",zip_nearest_county_centroid,0.78,0.8974,"ZCTA spans 2 counties; nearest county centroid is 14 km away, next is 23 km (margin 9 km)"
"hibiscus","The Villages",FL,32162,"Sumter",zip_nearest_county_centroid,0.78,0.8457,"ZCTA spans 2 counties; nearest county centroid is 22 km away, next is 35 km (margin 13 km)"
"la-hacienda","The Villages",FL,32162,"Sumter",zip_nearest_county_centroid,0.6,0.8457,"ZCTA spans 2 counties; nearest county centroid is 28 km away, next is 30 km (margin 2 km)"
"lake-miona","The Villages",FL,32162,"Sumter",zip_nearest_county_centroid,0.78,0.8457,"ZCTA spans 2 counties; nearest county centroid is 22 km away, next is 35 km (margin 13 km)"
"laurel-manor","The Villages",FL,32162,"Sumter",zip_nearest_county_centroid,0.6,0.8457,"ZCTA spans 2 counties; nearest county centroid is 25 km away, next is 31 km (margin 6 km)"
"manatee-the-villages","The Villages",FL,32163,"Sumter",zip_nearest_county_centroid,0.78,0.8974,"ZCTA spans 2 counties; nearest county centroid is 17 km away, next is 29 km (margin 12 km)"
"moyer-the-villages","The Villages",FL,32162,"Sumter",zip_nearest_county_centroid,0.78,0.8457,"ZCTA spans 2 counties; nearest county centroid is 20 km away, next is 39 km (margin 19 km)"
"odell-the-villages","The Villages",FL,32162,"Sumter",zip_nearest_county_centroid,0.78,0.8457,"ZCTA spans 2 counties; nearest county centroid is 21 km away, next is 37 km (margin 16 km)"
"olympia-the-villages","The Villages",FL,32163,"Sumter",zip_nearest_county_centroid,0.78,0.8974,"ZCTA spans 2 counties; nearest county centroid is 10 km away, next is 26 km (margin 16 km)"
"paradise","The Villages",FL,32159,"Sumter",zip_nearest_county_centroid,0.6,0.1548,"ZCTA spans 2 counties; nearest county centroid is 28 km away, next is 31 km (margin 2 km) — OVERRODE the larger-by-land-area candidate"
"pimlico-the-villages","The Villages",FL,32162,"Sumter",zip_nearest_county_centroid,0.78,0.8457,"ZCTA spans 2 counties; nearest county centroid is 23 km away, next is 32 km (margin 8 km)"
"rohan-recreation-center","The Villages",FL,32163,"Sumter",zip_nearest_county_centroid,0.78,0.8974,"ZCTA spans 2 counties; nearest county centroid is 16 km away, next is 26 km (margin 11 km)"
"saddlebrook","The Villages",FL,32162,"Sumter",zip_nearest_county_centroid,0.6,0.8457,"ZCTA spans 2 counties; nearest county centroid is 25 km away, next is 30 km (margin 5 km)"
"sawgrass-fl","The Villages",FL,32162,"Sumter",zip_nearest_county_centroid,0.78,0.8457,"ZCTA spans 2 counties; nearest county centroid is 20 km away, next is 37 km (margin 17 km)"
"truman-the-villages","The Villages",FL,32162,"Sumter",zip_nearest_county_centroid,0.78,0.8457,"ZCTA spans 2 counties; nearest county centroid is 19 km away, next is 38 km (margin 18 km)"
"rosselli-park-pickleball-courts-treasure-island","Treasure Island",FL,,"",none,0,,"no postal_code"
"woodmere-park","Venice",FL,34282,"",none,0,,"ZIP has no ZCTA in the Census relationship file (often a PO-box or point ZIP)"
"vista-royale-vero-beach","Vero Beach",FL,42962,"",none,0,,"ZIP has no ZCTA in the Census relationship file (often a PO-box or point ZIP)"
"everglades-recreation","Wildwood",FL,32163,"Sumter",zip_nearest_county_centroid,0.78,0.8974,"ZCTA spans 2 counties; nearest county centroid is 12 km away, next is 29 km (margin 17 km)"
"williston-crossing-rv-resort","Williston",FL,32696,"Levy",zip_nearest_county_centroid,0.6,0.7979,"ZCTA spans 2 counties; nearest county centroid is 39 km away, next is 44 km (margin 5 km)"
"valencia-lakes","Wimauma",FL,33598,"Hillsborough",zip_nearest_county_centroid,0.6,0.9247,"ZCTA spans 2 counties; nearest county centroid is 21 km away, next is 28 km (margin 7 km)"
"veteran-s-memorial-park","Winter Garden",FL,34787,"Lake",zip_nearest_county_centroid,0.6,0.1877,"ZCTA spans 2 counties; nearest county centroid is 25 km away, next is 26 km (margin 1 km) — OVERRODE the larger-by-land-area candidate"
"cady-way-park","Winter Park",FL,32792,"Orange",zip_nearest_county_centroid,0.78,0.498,"ZCTA spans 2 counties; nearest county centroid is 10 km away, next is 24 km (margin 14 km) — OVERRODE the larger-by-land-area candidate"
"goldenrod-recreation-center","Winter Park",FL,32792,"Orange",zip_nearest_county_centroid,0.78,0.498,"ZCTA spans 2 counties; nearest county centroid is 10 km away, next is 24 km (margin 14 km) — OVERRODE the larger-by-land-area candidate"
"nassau-pickleball","Yulee",FL,,"",none,0,,"no postal_code"
"mouratoglou-academy","Zephyrhills",FL,,"",none,0,,"no postal_code"
"acworth-community-center","Acworth",GA,30101,"Cobb",zip_nearest_county_centroid,0.6,0.6818,"ZCTA spans 4 counties; nearest county centroid is 17 km away, next is 24 km (margin 7 km)"
"bentwater","Acworth",GA,30101,"Cobb",zip_nearest_county_centroid,0.6,0.6818,"ZCTA spans 4 counties; nearest county centroid is 17 km away, next is 24 km (margin 7 km)"
"kennworth-tennis-center","Acworth",GA,30101,"Cobb",zip_nearest_county_centroid,0.6,0.6818,"ZCTA spans 4 counties; nearest county centroid is 17 km away, next is 24 km (margin 7 km)"
"south-bartow-youth-facility","Acworth",GA,30102,"Cobb",zip_nearest_county_centroid,0.6,0.1137,"ZCTA spans 3 counties; nearest county centroid is 17 km away, next is 24 km (margin 8 km) — OVERRODE the larger-by-land-area candidate"
"adairsville-veterans-park","Adairsville",GA,30103,"Gordon",zip_nearest_county_centroid,0.6,0.2406,"ZCTA spans 3 counties; nearest county centroid is 17 km away, next is 17 km (margin 0 km) — OVERRODE the larger-by-land-area candidate"
"manning-mill-park-gym","Adairsville",GA,30103,"Gordon",zip_nearest_county_centroid,0.6,0.2406,"ZCTA spans 3 counties; nearest county centroid is 17 km away, next is 17 km (margin 0 km) — OVERRODE the larger-by-land-area candidate"
"veterans-memorial-park-ga","Adairsville",GA,30103,"Gordon",zip_nearest_county_centroid,0.6,0.2406,"ZCTA spans 3 counties; nearest county centroid is 17 km away, next is 17 km (margin 0 km) — OVERRODE the larger-by-land-area candidate"
"albany-area-ymca","Albany",GA,31707,"Dougherty",zip_nearest_county_centroid,0.78,0.9106,"ZCTA spans 2 counties; nearest county centroid is 7 km away, next is 27 km (margin 20 km)"
"doublegate-country-club","Albany",GA,31721,"Dougherty",zip_nearest_county_centroid,0.78,0.8288,"ZCTA spans 4 counties; nearest county centroid is 7 km away, next is 27 km (margin 20 km)"
"crabapple-government-center","Alpharetta",GA,30004,"Forsyth",zip_nearest_county_centroid,0.6,0.1603,"ZCTA spans 3 counties; nearest county centroid is 23 km away, next is 25 km (margin 2 km) — OVERRODE the larger-by-land-area candidate"
"ed-isakson-alpharetta-family-ymca","Alpharetta",GA,30005,"Forsyth",zip_nearest_county_centroid,0.78,0.2976,"ZCTA spans 2 counties; nearest county centroid is 21 km away, next is 37 km (margin 16 km) — OVERRODE the larger-by-land-area candidate"
"life-time-alpharetta","Alpharetta",GA,30005,"Forsyth",zip_nearest_county_centroid,0.78,0.2976,"ZCTA spans 2 counties; nearest county centroid is 20 km away, next is 37 km (margin 17 km) — OVERRODE the larger-by-land-area candidate"
"newtown-park","Alpharetta",GA,30023,"",none,0,,"ZIP has no ZCTA in the Census relationship file (often a PO-box or point ZIP)"
"the-flying-pickle-alpharetta","Alpharetta",GA,,"",none,0,,"no postal_code"
"webb-bridge-park","Alpharetta",GA,30005,"Forsyth",zip_nearest_county_centroid,0.78,0.2976,"ZCTA spans 2 counties; nearest county centroid is 20 km away, next is 38 km (margin 18 km) — OVERRODE the larger-by-land-area candidate"
"bishop-park","Athens",GA,30606,"Clarke",zip_nearest_county_centroid,0.78,0.7363,"ZCTA spans 2 counties; nearest county centroid is 4 km away, next is 15 km (margin 10 km)"
"east-athens-community-center","Athens",GA,30605,"Clarke",zip_nearest_county_centroid,0.78,0.9503,"ZCTA spans 2 counties; nearest county centroid is 1 km away, next is 16 km (margin 15 km)"
"satterfield-park","Athens",GA,30605,"Clarke",zip_nearest_county_centroid,0.78,0.9503,"ZCTA spans 2 counties; nearest county centroid is 1 km away, next is 15 km (margin 14 km)"
"southeast-clarke-park","Athens",GA,30605,"Clarke",zip_nearest_county_centroid,0.78,0.9503,"ZCTA spans 2 counties; nearest county centroid is 6 km away, next is 16 km (margin 10 km)"
"athletic-club-northeast","Atlanta",GA,30324,"Fulton",zip_nearest_county_centroid,0.6,0.7546,"ZCTA spans 2 counties; nearest county centroid is 11 km away, next is 13 km (margin 1 km)"
"atlanta-pickleball-center","Atlanta",GA,,"",none,0,,"no postal_code"
"bessie-branham-recreation-center","Atlanta",GA,30317,"DeKalb",zip_nearest_county_centroid,0.6,0.9978,"ZCTA spans 2 counties; nearest county centroid is 9 km away, next is 14 km (margin 5 km)"
"briarwood-park","Atlanta",GA,30319,"DeKalb",zip_nearest_county_centroid,0.6,0.8577,"ZCTA spans 2 counties; nearest county centroid is 13 km away, next is 14 km (margin 2 km)"
"brownwood-park","Atlanta",GA,30316,"DeKalb",zip_nearest_county_centroid,0.6,0.8425,"ZCTA spans 2 counties; nearest county centroid is 12 km away, next is 13 km (margin 1 km)"
"chosewood-park","Atlanta",GA,30315,"Fulton",zip_nearest_county_centroid,0.6,0.9948,"ZCTA spans 2 counties; nearest county centroid is 12 km away, next is 15 km (margin 3 km)"
"coan-park","Atlanta",GA,30317,"DeKalb",zip_nearest_county_centroid,0.6,0.9978,"ZCTA spans 2 counties; nearest county centroid is 10 km away, next is 13 km (margin 2 km)"
"cowart-family-ymca","Atlanta",GA,30319,"DeKalb",zip_nearest_county_centroid,0.6,0.8577,"ZCTA spans 2 counties; nearest county centroid is 17 km away, next is 17 km (margin 0 km)"
"crush-yard-atlanta-f10036","Atlanta",GA,30306,"Fulton",zip_nearest_county_centroid,0.6,0.5847,"ZCTA spans 2 counties; nearest county centroid is 10 km away, next is 13 km (margin 3 km)"
"dill-dinkers-atlanta-f30007","Atlanta",GA,,"",none,0,,"no postal_code"
"east-lake-family-ymca","Atlanta",GA,30317,"DeKalb",zip_nearest_county_centroid,0.6,0.9978,"ZCTA spans 2 counties; nearest county centroid is 9 km away, next is 15 km (margin 6 km)"
"east-lake-park-atlanta","Atlanta",GA,,"",none,0,,"no postal_code"
"goldsboro-park","Atlanta",GA,30307,"DeKalb",zip_nearest_county_centroid,0.6,0.822,"ZCTA spans 2 counties; nearest county centroid is 11 km away, next is 12 km (margin 1 km)"
"grant-park-atlanta","Atlanta",GA,30315,"Fulton",zip_nearest_county_centroid,0.6,0.9948,"ZCTA spans 2 counties; nearest county centroid is 11 km away, next is 14 km (margin 3 km)"
"haygood-memorial-members-only","Atlanta",GA,30306,"Fulton",zip_nearest_county_centroid,0.6,0.5847,"ZCTA spans 2 counties; nearest county centroid is 11 km away, next is 12 km (margin 2 km)"
"ita-atlanta","Atlanta",GA,30340,"DeKalb",zip_nearest_county_centroid,0.78,0.8093,"ZCTA spans 2 counties; nearest county centroid is 13 km away, next is 23 km (margin 10 km)"
"jrose-courts","Atlanta",GA,30307,"Fulton",zip_nearest_county_centroid,0.6,0.178,"ZCTA spans 2 counties; nearest county centroid is 8 km away, next is 15 km (margin 7 km) — OVERRODE the larger-by-land-area candidate"
"lang-carson-park-reynoldstown","Atlanta",GA,30316,"Fulton",zip_nearest_county_centroid,0.6,0.1575,"ZCTA spans 2 counties; nearest county centroid is 11 km away, next is 12 km (margin 1 km) — OVERRODE the larger-by-land-area candidate"
"maddox-park-atlanta","Atlanta",GA,,"",none,0,,"no postal_code"
"mcclatchey-park","Atlanta",GA,30315,"Fulton",zip_nearest_county_centroid,0.6,0.9948,"ZCTA spans 2 counties; nearest county centroid is 9 km away, next is 14 km (margin 5 km)"
"murphey-candler-park","Atlanta",GA,30319,"DeKalb",zip_nearest_county_centroid,0.6,0.8577,"ZCTA spans 2 counties; nearest county centroid is 18 km away, next is 19 km (margin 1 km)"
"painted-pickle","Atlanta",GA,30324,"Fulton",zip_dominant_county,0.75,0.7546,"ZCTA spans 2 counties; dominant county holds 75.5% of land area (no coordinates to disambiguate)"
"pickleball-club-of-georgia","Atlanta",GA,,"",none,0,,"no postal_code"
"piedmont-park-sharon-lester-tennis-pickleball-center","Atlanta",GA,30306,"Fulton",zip_nearest_county_centroid,0.6,0.5847,"ZCTA spans 2 counties; nearest county centroid is 9 km away, next is 14 km (margin 5 km)"
"pullman-yard","Atlanta",GA,30317,"DeKalb",zip_nearest_county_centroid,0.6,0.9978,"ZCTA spans 2 counties; nearest county centroid is 10 km away, next is 13 km (margin 4 km)"
"shady-valley-park","Atlanta",GA,30324,"Fulton",zip_nearest_county_centroid,0.6,0.7546,"ZCTA spans 2 counties; nearest county centroid is 12 km away, next is 13 km (margin 2 km)"
"south-bend-park","Atlanta",GA,30315,"Fulton",zip_nearest_county_centroid,0.6,0.9948,"ZCTA spans 2 counties; nearest county centroid is 12 km away, next is 17 km (margin 4 km)"
"south-fulton-tennis-center","Atlanta",GA,30349,"Clayton",zip_nearest_county_centroid,0.78,0.1446,"ZCTA spans 2 counties; nearest county centroid is 14 km away, next is 22 km (margin 8 km) — OVERRODE the larger-by-land-area candidate"
"southside-park","Atlanta",GA,30354,"Clayton",zip_nearest_county_centroid,0.6,0.1288,"ZCTA spans 2 counties; nearest county centroid is 13 km away, next is 17 km (margin 4 km) — OVERRODE the larger-by-land-area candidate"
"thomasville-park-recreation-center","Atlanta",GA,30315,"DeKalb",zip_nearest_county_centroid,0.6,0.0052,"ZCTA spans 2 counties; nearest county centroid is 14 km away, next is 14 km (margin 0 km) — OVERRODE the larger-by-land-area candidate"
"vinings-atlanta","Atlanta",GA,30339,"Fulton",zip_nearest_county_centroid,0.78,0.0443,"ZCTA spans 2 counties; nearest county centroid is 8 km away, next is 27 km (margin 18 km) — OVERRODE the larger-by-land-area candidate"
"blanchard-park-augusta","Augusta",GA,30907,"Richmond",zip_nearest_county_centroid,0.78,0.2247,"ZCTA spans 2 counties; nearest county centroid is 15 km away, next is 27 km (margin 12 km) — OVERRODE the larger-by-land-area candidate"
"montclair","Augusta",GA,30907,"Richmond",zip_nearest_county_centroid,0.78,0.2247,"ZCTA spans 2 counties; nearest county centroid is 15 km away, next is 27 km (margin 12 km) — OVERRODE the larger-by-land-area candidate"
"warren-baptist-church","Augusta",GA,30907,"Richmond",zip_nearest_county_centroid,0.6,0.2247,"ZCTA spans 2 counties; nearest county centroid is 17 km away, next is 18 km (margin 1 km) — OVERRODE the larger-by-land-area candidate"
"warren-road-community-center","Augusta",GA,30907,"Richmond",zip_nearest_county_centroid,0.78,0.2247,"ZCTA spans 2 counties; nearest county centroid is 15 km away, next is 27 km (margin 12 km) — OVERRODE the larger-by-land-area candidate"
"wilson-family-ymca","Augusta",GA,30909,"Richmond",zip_nearest_county_centroid,0.6,0.9846,"ZCTA spans 2 counties; nearest county centroid is 14 km away, next is 18 km (margin 4 km)"
"pickleball-kingdom-south-cobb","Austell",GA,30106,"Cobb",zip_nearest_county_centroid,0.6,0.9768,"ZCTA spans 2 counties; nearest county centroid is 15 km away, next is 17 km (margin 2 km)"
"south-cobb-recreation-center","Austell",GA,30168,"Cobb",zip_nearest_county_centroid,0.6,0.9033,"ZCTA spans 2 counties; nearest county centroid is 18 km away, next is 19 km (margin 1 km)"
"sweetwater-tennis-center","Austell",GA,30106,"Cobb",zip_nearest_county_centroid,0.6,0.9768,"ZCTA spans 2 counties; nearest county centroid is 13 km away, next is 20 km (margin 7 km)"
"ball-ground-city-courts","Ball Ground",GA,30107,"Cherokee",zip_nearest_county_centroid,0.6,0.8042,"ZCTA spans 3 counties; nearest county centroid is 14 km away, next is 17 km (margin 3 km)"
"bethlehem-first-united-methodist-church","Bethlehem",GA,30620,"Barrow",zip_nearest_county_centroid,0.78,0.7792,"ZCTA spans 3 counties; nearest county centroid is 7 km away, next is 17 km (margin 10 km)"
"blairsville-pickleball-club","Blairsville",GA,30514,"",none,0,,"ZIP has no ZCTA in the Census relationship file (often a PO-box or point ZIP)"
"bowdon-rec-dept-copeland-hall","Bowdon",GA,30108,"Carroll",zip_nearest_county_centroid,0.78,0.964,"ZCTA spans 2 counties; nearest county centroid is 17 km away, next is 29 km (margin 13 km)"
"bowdon-recreation-department-outdoor-courts","Bowdon",GA,30108,"Carroll",zip_nearest_county_centroid,0.78,0.964,"ZCTA spans 2 counties; nearest county centroid is 17 km away, next is 29 km (margin 13 km)"
"chateau-elan","Braselton",GA,30517,"Barrow",zip_nearest_county_centroid,0.6,0.073,"ZCTA spans 4 counties; nearest county centroid is 14 km away, next is 19 km (margin 5 km) — OVERRODE the larger-by-land-area candidate"
"del-webb-at-chateau-elan","Braselton",GA,30517,"Barrow",zip_nearest_county_centroid,0.6,0.073,"ZCTA spans 4 counties; nearest county centroid is 18 km away, next is 22 km (margin 5 km) — OVERRODE the larger-by-land-area candidate"
"bremen-recreation-department-gym","Bremen",GA,30110,"Haralson",zip_nearest_county_centroid,0.6,0.8943,"ZCTA spans 2 counties; nearest county centroid is 11 km away, next is 17 km (margin 6 km)"
"bremen-rock-building","Bremen",GA,30110,"Haralson",zip_nearest_county_centroid,0.6,0.8943,"ZCTA spans 2 counties; nearest county centroid is 11 km away, next is 16 km (margin 5 km)"
"haralson-county-rec-dept","Buchanan",GA,30113,"Haralson",zip_nearest_county_centroid,0.78,0.9236,"ZCTA spans 2 counties; nearest county centroid is 3 km away, next is 22 km (margin 18 km)"
"more-than-pickleball","Buford",GA,30519,"Gwinnett",zip_nearest_county_centroid,0.78,0.8832,"ZCTA spans 2 counties; nearest county centroid is 18 km away, next is 28 km (margin 10 km)"
"pickle-and-social","Buford",GA,30519,"Gwinnett",zip_nearest_county_centroid,0.78,0.8832,"ZCTA spans 2 counties; nearest county centroid is 18 km away, next is 28 km (margin 10 km)"
"pickleball","Calhoun",GA,,"",none,0,,"no postal_code"
"carter-grove-clubhouse-courts","Cartersville",GA,30120,"Bartow",zip_nearest_county_centroid,0.6,0.9963,"ZCTA spans 2 counties; nearest county centroid is 15 km away, next is 21 km (margin 6 km)"
"dellinger-park-tennis-center","Cartersville",GA,30120,"Bartow",zip_nearest_county_centroid,0.78,0.9963,"ZCTA spans 2 counties; nearest county centroid is 11 km away, next is 25 km (margin 13 km)"
"tabernacle-a200","Cartersville",GA,30120,"Bartow",zip_nearest_county_centroid,0.78,0.9963,"ZCTA spans 2 counties; nearest county centroid is 9 km away, next is 28 km (margin 19 km)"
"tabernacle-baptist-church","Cartersville",GA,30120,"Bartow",zip_nearest_county_centroid,0.78,0.9963,"ZCTA spans 2 counties; nearest county centroid is 9 km away, next is 28 km (margin 19 km)"
"mary-street","Clarkesville",GA,30523,"Habersham",zip_nearest_county_centroid,0.78,0.8496,"ZCTA spans 3 counties; nearest county centroid is 2 km away, next is 20 km (margin 19 km)"
"ruby-fulbright-aquatic-center-gymnasium","Clarkesville",GA,30523,"Habersham",zip_nearest_county_centroid,0.78,0.8496,"ZCTA spans 3 counties; nearest county centroid is 2 km away, next is 20 km (margin 18 km)"
"white-county-parks-recreation","Cleveland",GA,30528,"White",zip_nearest_county_centroid,0.78,0.8895,"ZCTA spans 2 counties; nearest county centroid is 6 km away, next is 22 km (margin 16 km)"
"bleckley-county-schools-recreation-area","Cochran",GA,31014,"Bleckley",zip_nearest_county_centroid,0.78,0.7695,"ZCTA spans 4 counties; nearest county centroid is 6 km away, next is 20 km (margin 15 km)"
"bpac-bleckley-pickleball-association-complex","Cochran",GA,31014,"Bleckley",zip_nearest_county_centroid,0.78,0.7695,"ZCTA spans 4 counties; nearest county centroid is 6 km away, next is 20 km (margin 15 km)"
"pickleball-at-the-park-spring-creek-park","Colquitt",GA,39837,"Baker",zip_nearest_county_centroid,0.78,0.1121,"ZCTA spans 4 counties; nearest county centroid is 67 km away, next is 84 km (margin 17 km) — OVERRODE the larger-by-land-area candidate"
"columbus-ga-pickleball-assoc-inc","Columbus",GA,,"",none,0,,"no postal_code"
"midtown-pickleball-columbus","Columbus",GA,,"",none,0,,"no postal_code"
"northside-recreation-center-columbus","Columbus",GA,,"",none,0,,"no postal_code"
"newton-county-parks-recreation","Covington",GA,30014,"Newton",zip_nearest_county_centroid,0.78,0.7757,"ZCTA spans 3 counties; nearest county centroid is 5 km away, next is 24 km (margin 19 km)"
"forsyth-county-family-ymca","Cumming",GA,30040,"Forsyth",zip_nearest_county_centroid,0.78,0.9783,"ZCTA spans 2 counties; nearest county centroid is 10 km away, next is 24 km (margin 15 km)"
"fowler-park-recreation-center","Cumming",GA,30040,"Forsyth",zip_nearest_county_centroid,0.78,0.9783,"ZCTA spans 2 counties; nearest county centroid is 12 km away, next is 27 km (margin 15 km)"
"midway-park-6791","Cumming",GA,30040,"Forsyth",zip_nearest_county_centroid,0.78,0.9783,"ZCTA spans 2 counties; nearest county centroid is 9 km away, next is 24 km (margin 15 km)"
"apalachee-farms","Dacula",GA,30019,"Gwinnett",zip_nearest_county_centroid,0.78,0.9603,"ZCTA spans 2 counties; nearest county centroid is 12 km away, next is 30 km (margin 18 km)"
"dacula-park-10191","Dacula",GA,30019,"Gwinnett",zip_nearest_county_centroid,0.78,0.9603,"ZCTA spans 2 counties; nearest county centroid is 12 km away, next is 28 km (margin 15 km)"
"dacula-park","Dacula",GA,30019,"Gwinnett",zip_nearest_county_centroid,0.78,0.9603,"ZCTA spans 2 counties; nearest county centroid is 13 km away, next is 28 km (margin 15 km)"
"lumpkin-county-parks-and-rec","Dahlonega",GA,30533,"Lumpkin",zip_nearest_county_centroid,0.78,0.9533,"ZCTA spans 4 counties; nearest county centroid is 4 km away, next is 20 km (margin 16 km)"
"mt-tabor-park","Dallas",GA,30157,"Paulding",zip_nearest_county_centroid,0.78,0.9902,"ZCTA spans 2 counties; nearest county centroid is 9 km away, next is 18 km (margin 9 km)"
"bristol-park-pickleball-courts-dalton-ga","Dalton",GA,,"",none,0,,"no postal_code"
"coates-park-north-pickleball-courts","Dalton",GA,,"",none,0,,"no postal_code"
"james-brown-park-pickleball-complex","Dalton",GA,,"",none,0,,"no postal_code"
"rock-creek-park-recreation","Dawsonville",GA,30534,"Dawson",zip_nearest_county_centroid,0.78,0.8519,"ZCTA spans 5 counties; nearest county centroid is 6 km away, next is 20 km (margin 14 km)"
"forest-fleming-arena","Doraville",GA,30340,"DeKalb",zip_nearest_county_centroid,0.78,0.8093,"ZCTA spans 2 counties; nearest county centroid is 15 km away, next is 25 km (margin 10 km)"
"alice-j-hawthorne-gymnasium-at-jessie-davis-park","Douglasville",GA,30134,"Douglas",zip_nearest_county_centroid,0.78,0.6763,"ZCTA spans 2 counties; nearest county centroid is 5 km away, next is 22 km (margin 17 km)"
"beulah-gym","Douglasville",GA,30134,"Douglas",zip_nearest_county_centroid,0.78,0.6763,"ZCTA spans 2 counties; nearest county centroid is 11 km away, next is 22 km (margin 11 km)"
"boundary-waters-activity-center-12896","Douglasville",GA,30133,"",none,0,,"ZIP has no ZCTA in the Census relationship file (often a PO-box or point ZIP)"
"jessie-davis-park","Douglasville",GA,30134,"Douglas",zip_nearest_county_centroid,0.78,0.6763,"ZCTA spans 2 counties; nearest county centroid is 7 km away, next is 21 km (margin 13 km)"
"woodie-fite-senior-center","Douglasville",GA,30134,"Douglas",zip_nearest_county_centroid,0.78,0.6763,"ZCTA spans 2 counties; nearest county centroid is 5 km away, next is 24 km (margin 18 km)"
"marcus-jewish-community-center-of-atlanta","Dunwoody",GA,30338,"Fulton",zip_nearest_county_centroid,0.6,0.0197,"ZCTA spans 2 counties; nearest county centroid is 21 km away, next is 22 km (margin 1 km) — OVERRODE the larger-by-land-area candidate"
"jefferson-park-recreation-center-east-point","East Point",GA,,"",none,0,,"no postal_code"
"jones-recreation-complex","Eatonton",GA,,"",none,0,,"no postal_code"
"victory-christian-center-ellijay","Ellijay",GA,,"",none,0,,"no postal_code"
"joe-cowan-park-euharlee","Euharlee",GA,30145,"Bartow",zip_nearest_county_centroid,0.78,0.8195,"ZCTA spans 2 counties; nearest county centroid is 14 km away, next is 29 km (margin 15 km)"
"kiwanis-courts","Fayetteville",GA,30215,"Fayette",zip_nearest_county_centroid,0.6,0.9777,"ZCTA spans 2 counties; nearest county centroid is 5 km away, next is 12 km (margin 7 km)"
"gilbert-stephenson-park-fort-oglehtorpe-ga","Fort Oglethorpe",GA,30742,"Catoosa",zip_nearest_county_centroid,0.78,0.9986,"ZCTA spans 2 counties; nearest county centroid is 12 km away, next is 24 km (margin 13 km)"
"gilbert-stephenson-park","Fort Oglethorpe",GA,30742,"Catoosa",zip_nearest_county_centroid,0.78,0.9986,"ZCTA spans 2 counties; nearest county centroid is 11 km away, next is 24 km (margin 13 km)"
"franklin-pickleball-courts","Franklin",GA,30217,"Heard",zip_nearest_county_centroid,0.78,0.9714,"ZCTA spans 2 counties; nearest county centroid is 214 km away, next is 224 km (margin 10 km)"
"wessell-park-gainesville","Gainesville",GA,,"",none,0,,"no postal_code"
"goodale-park","Grovetown",GA,30813,"Columbia",zip_nearest_county_centroid,0.6,0.9531,"ZCTA spans 2 counties; nearest county centroid is 12 km away, next is 15 km (margin 3 km)"
"mcbrayer-park-hampton-georgia","Hampton",GA,30228,"Spalding",zip_nearest_county_centroid,0.6,0.0589,"ZCTA spans 3 counties; nearest county centroid is 14 km away, next is 14 km (margin 0 km) — OVERRODE the larger-by-land-area candidate"
"hoyt-smith-recreation-center","Hapeville",GA,30354,"Clayton",zip_nearest_county_centroid,0.6,0.1288,"ZCTA spans 2 counties; nearest county centroid is 12 km away, next is 15 km (margin 3 km) — OVERRODE the larger-by-land-area candidate"
"hart-county-recreation-department","Hartwell",GA,,"",none,0,,"no postal_code"
"airport-road-park-hinesville","Hinesville",GA,31313,"Long",zip_nearest_county_centroid,0.6,0.0292,"ZCTA spans 2 counties; nearest county centroid is 11 km away, next is 17 km (margin 6 km) — OVERRODE the larger-by-land-area candidate"
"hinesville-ga-airport-road-park","Hinesville",GA,31313,"Long",zip_nearest_county_centroid,0.6,0.0292,"ZCTA spans 2 counties; nearest county centroid is 11 km away, next is 18 km (margin 7 km) — OVERRODE the larger-by-land-area candidate"
"ben-hill-strickland-sr-memorial-park","Hiram",GA,30141,"Paulding",zip_nearest_county_centroid,0.6,0.9977,"ZCTA spans 2 counties; nearest county centroid is 11 km away, next is 19 km (margin 8 km)"
"creekside-golf-and-tennis","Hiram",GA,30141,"Paulding",zip_nearest_county_centroid,0.78,0.9977,"ZCTA spans 2 counties; nearest county centroid is 10 km away, next is 26 km (margin 16 km)"
"echols-farm","Hiram",GA,30141,"Paulding",zip_nearest_county_centroid,0.6,0.9977,"ZCTA spans 2 counties; nearest county centroid is 11 km away, next is 19 km (margin 8 km)"
"cresswind-georgia-at-twin-lakes","Hoschton",GA,30548,"Barrow",zip_nearest_county_centroid,0.6,0.1999,"ZCTA spans 4 counties; nearest county centroid is 12 km away, next is 20 km (margin 8 km) — OVERRODE the larger-by-land-area candidate"
"the-village-at-deaton-creek","Hoschton",GA,30548,"Barrow",zip_nearest_county_centroid,0.6,0.1999,"ZCTA spans 4 counties; nearest county centroid is 12 km away, next is 19 km (margin 6 km) — OVERRODE the larger-by-land-area candidate"
"pickens-county-recreation-center","Jasper",GA,30143,"Pickens",zip_nearest_county_centroid,0.78,0.8811,"ZCTA spans 3 counties; nearest county centroid is 6 km away, next is 23 km (margin 17 km)"
"the-courts-at-bent-tree","Jasper",GA,30143,"Cherokee",zip_nearest_county_centroid,0.6,0.02,"ZCTA spans 3 counties; nearest county centroid is 125 km away, next is 132 km (margin 7 km) — OVERRODE the larger-by-land-area candidate"
"cauley-creek-park","Johns Creek",GA,30097,"Gwinnett",zip_nearest_county_centroid,0.6,0.4296,"ZCTA spans 3 counties; nearest county centroid is 15 km away, next is 21 km (margin 6 km) — OVERRODE the larger-by-land-area candidate"
"life-time-johns-creek","Johns Creek",GA,30097,"Gwinnett",zip_nearest_county_centroid,0.6,0.4296,"ZCTA spans 3 counties; nearest county centroid is 17 km away, next is 19 km (margin 1 km) — OVERRODE the larger-by-land-area candidate"
"clayton-county-international-park-tennis-center","Jonesboro",GA,30236,"Clayton",zip_nearest_county_centroid,0.78,0.9063,"ZCTA spans 2 counties; nearest county centroid is 6 km away, next is 20 km (margin 14 km)"
"clayton-county-tennis-center","Jonesboro",GA,30236,"Clayton",zip_nearest_county_centroid,0.78,0.9063,"ZCTA spans 2 counties; nearest county centroid is 6 km away, next is 20 km (margin 14 km)"
"the-roc-gym-first-baptist-jonesboro","Jonesboro",GA,30237,"",none,0,,"ZIP has no ZCTA in the Census relationship file (often a PO-box or point ZIP)"
"rhodes-jordan-park","Lawrenceville",GA,30246,"",none,0,,"ZIP has no ZCTA in the Census relationship file (often a PO-box or point ZIP)"
"rock-springs-park","Lawrenceville",GA,30049,"",none,0,,"ZIP has no ZCTA in the Census relationship file (often a PO-box or point ZIP)"
"gilbreath-recreation-center","Lindale",GA,30147,"Floyd",zip_nearest_county_centroid,0.78,0.9247,"ZCTA spans 2 counties; nearest county centroid is 8 km away, next is 22 km (margin 14 km)"
"lithia-springs-senior-center","Lithia Springs",GA,30122,"Douglas",zip_nearest_county_centroid,0.6,0.9931,"ZCTA spans 2 counties; nearest county centroid is 14 km away, next is 18 km (margin 4 km)"
"bay-creek-pickleball-club-of-gwinnett","Loganville-Gwinnett",GA,30052,"Gwinnett",zip_nearest_county_centroid,0.78,0.2711,"ZCTA spans 4 counties; nearest county centroid is 12 km away, next is 22 km (margin 11 km) — OVERRODE the larger-by-land-area candidate"
"bay-creek-park","Loganville",GA,30052,"Walton",zip_nearest_county_centroid,0.6,0.67,"ZCTA spans 4 counties; nearest county centroid is 17 km away, next is 18 km (margin 1 km)"
"the-cross","Loganville",GA,30052,"Walton",zip_nearest_county_centroid,0.6,0.67,"ZCTA spans 4 counties; nearest county centroid is 14 km away, next is 21 km (margin 8 km)"
"ingleside-baptist-church","Macon",GA,31210,"Bibb",zip_nearest_county_centroid,0.78,0.752,"ZCTA spans 2 counties; nearest county centroid is 9 km away, next is 27 km (margin 19 km)"
"john-drew-tennis-center","Macon",GA,31210,"Bibb",zip_nearest_county_centroid,0.78,0.752,"ZCTA spans 2 counties; nearest county centroid is 9 km away, next is 27 km (margin 18 km)"
"lake-tobesofkee","Macon",GA,31220,"Bibb",zip_nearest_county_centroid,0.78,0.5466,"ZCTA spans 2 counties; nearest county centroid is 8 km away, next is 25 km (margin 17 km)"
"lundy-chapel-baptist-church","Macon",GA,31210,"Bibb",zip_nearest_county_centroid,0.78,0.752,"ZCTA spans 2 counties; nearest county centroid is 11 km away, next is 23 km (margin 12 km)"
"columbia-county-racquet-center","Martinez",GA,30907,"Columbia",zip_nearest_county_centroid,0.6,0.7753,"ZCTA spans 2 counties; nearest county centroid is 15 km away, next is 18 km (margin 3 km)"
"milledgeville-pickleball-club","Milledgeville",GA,,"",none,0,,"no postal_code"
"temple-baptist-gym","Mount Airy",GA,27030,"Surry",zip_nearest_county_centroid,0,0.9574,"derived county is in NC but the row says GA - ZIP or state is wrong"
"dupree-park-6569","Neese Road Woodstock",GA,30188,"Cherokee",zip_nearest_county_centroid,0.6,0.9907,"ZCTA spans 2 counties; nearest county centroid is 16 km away, next is 19 km (margin 4 km)"
"glenleaf-condos","Norcross",GA,30092,"Gwinnett",zip_nearest_county_centroid,0.78,0.9851,"ZCTA spans 2 counties; nearest county centroid is 17 km away, next is 29 km (margin 11 km)"
"jim-meade-memorial-park-pickleball-courts-peachtree-city","Peachtree City",GA,,"",none,0,,"no postal_code"
"amberfield","Peachtree Corners",GA,30092,"Gwinnett",zip_nearest_county_centroid,0.78,0.9851,"ZCTA spans 2 counties; nearest county centroid is 18 km away, next is 30 km (margin 12 km)"
"fowler-ymca","Peachtree Corners",GA,30092,"Gwinnett",zip_nearest_county_centroid,0.78,0.9851,"ZCTA spans 2 counties; nearest county centroid is 18 km away, next is 30 km (margin 12 km)"
"life-time-peachtree-corners","Peachtree Corners",GA,30092,"Gwinnett",zip_nearest_county_centroid,0.78,0.9851,"ZCTA spans 2 counties; nearest county centroid is 20 km away, next is 28 km (margin 8 km)"
"tbpb-academy-peachtree-corners","Peachtree Corners",GA,30092,"Gwinnett",zip_nearest_county_centroid,0.78,0.9851,"ZCTA spans 2 counties; nearest county centroid is 18 km away, next is 30 km (margin 12 km)"
"barbara-calhoun-park","Perry",GA,31069,"Houston",zip_nearest_county_centroid,0.78,0.9554,"ZCTA spans 3 counties; nearest county centroid is 7 km away, next is 16 km (margin 9 km)"
"boots-ward-gym","Powder Springs",GA,30127,"Cobb",zip_nearest_county_centroid,0.6,0.8495,"ZCTA spans 2 counties; nearest county centroid is 14 km away, next is 18 km (margin 5 km)"
"church-of-jesus-christ","Powder Springs",GA,30127,"Cobb",zip_nearest_county_centroid,0.6,0.8495,"ZCTA spans 2 counties; nearest county centroid is 13 km away, next is 19 km (margin 6 km)"
"first-baptist-church-powder-springs","Powder Springs",GA,30127,"Cobb",zip_nearest_county_centroid,0.6,0.8495,"ZCTA spans 2 counties; nearest county centroid is 13 km away, next is 19 km (margin 5 km)"
"mceachern-united-methodist-church","Powder Springs",GA,30127,"Cobb",zip_nearest_county_centroid,0.6,0.8495,"ZCTA spans 2 counties; nearest county centroid is 14 km away, next is 18 km (margin 5 km)"
"ron-anderson-gym-wild-horse-creek-park","Powder Springs",GA,30127,"Cobb",zip_nearest_county_centroid,0.78,0.8495,"ZCTA spans 2 counties; nearest county centroid is 11 km away, next is 19 km (margin 8 km)"
"taylor-farm-park","Powder Springs",GA,30127,"Cobb",zip_nearest_county_centroid,0.6,0.8495,"ZCTA spans 2 counties; nearest county centroid is 14 km away, next is 18 km (margin 5 km)"
"richard-parks-tennis-courts","Reynolds",GA,31076,"Taylor",zip_nearest_county_centroid,0.6,0.6964,"ZCTA spans 2 counties; nearest county centroid is 15 km away, next is 22 km (margin 8 km)"
"richmond-hill-recreation-complex","Richmond Hill",GA,31324,"Bryan",zip_nearest_county_centroid,0.6,0.9991,"ZCTA spans 2 counties; nearest county centroid is 16 km away, next is 21 km (margin 5 km)"
"south-bryan-county-rec-gym-and-junior-tennis-courts","Richmond Hill",GA,31324,"Bryan",zip_nearest_county_centroid,0.6,0.9991,"ZCTA spans 2 counties; nearest county centroid is 16 km away, next is 21 km (margin 5 km)"
"graysville-gym","Ringgold",GA,30736,"Catoosa",zip_nearest_county_centroid,0.78,0.9553,"ZCTA spans 3 counties; nearest county centroid is 3 km away, next is 18 km (margin 15 km)"
"ringgold-pickleball","Ringgold",GA,30736,"Catoosa",zip_nearest_county_centroid,0.78,0.9553,"ZCTA spans 3 counties; nearest county centroid is 3 km away, next is 18 km (margin 15 km)"
"civic-center-pickleball-courts","Rock Spring",GA,30739,"Walker",zip_nearest_county_centroid,0.6,0.7487,"ZCTA spans 2 counties; nearest county centroid is 11 km away, next is 13 km (margin 2 km)"
"rockmart-city-tennis-courts","Rockmart",GA,30153,"Polk",zip_nearest_county_centroid,0.6,0.7078,"ZCTA spans 3 counties; nearest county centroid is 14 km away, next is 18 km (margin 5 km)"
"east-roswell-recreation-center","Roswell",GA,30075,"Cobb",zip_nearest_county_centroid,0.6,0.1409,"ZCTA spans 3 counties; nearest county centroid is 26 km away, next is 28 km (margin 2 km) — OVERRODE the larger-by-land-area candidate"
"hamilton-commons-swim-and-tennis","Roswell",GA,30075,"Cobb",zip_nearest_county_centroid,0.6,0.1409,"ZCTA spans 3 counties; nearest county centroid is 23 km away, next is 27 km (margin 5 km) — OVERRODE the larger-by-land-area candidate"
"pine-log-united-methodist-church","Rydal",GA,30171,"Bartow",zip_nearest_county_centroid,0.78,0.8591,"ZCTA spans 2 counties; nearest county centroid is 15 km away, next is 24 km (margin 9 km)"
"islands-family-ymca","Savannah",GA,38372,"Hardin",zip_single_county,0,1,"derived county is in TN but the row says GA - ZIP or state is wrong"
"islands-family-ymca-savannah","Savannah",GA,,"",none,0,,"no postal_code"
"sky-valley-country-club","Sky Valley",GA,,"",none,0,,"no postal_code"
"nickajack-park-4014-rhyne-circle","Smyrna",GA,20082,"",none,0,,"ZIP has no ZCTA in the Census relationship file (often a PO-box or point ZIP)"
"eagles-landing-country-club","Stockbridge",GA,30281,"Henry",zip_nearest_county_centroid,0.78,0.7925,"ZCTA spans 3 counties; nearest county centroid is 8 km away, next is 19 km (margin 10 km)"
"fairview-recreation-center","Stockbridge",GA,30281,"Rockdale",zip_nearest_county_centroid,0.6,0.1911,"ZCTA spans 3 counties; nearest county centroid is 16 km away, next is 18 km (margin 2 km) — OVERRODE the larger-by-land-area candidate"
"hidden-valley-park-10336","Stockbridge",GA,30281,"Rockdale",zip_nearest_county_centroid,0.6,0.1911,"ZCTA spans 3 counties; nearest county centroid is 18 km away, next is 18 km (margin 0 km) — OVERRODE the larger-by-land-area candidate"
"jimmie-lee-smith-community-center","Stockbridge",GA,30281,"Henry",zip_nearest_county_centroid,0.78,0.7925,"ZCTA spans 3 counties; nearest county centroid is 9 km away, next is 18 km (margin 9 km)"
"jp-moseley-recreational-center","Stockbridge",GA,30281,"Henry",zip_nearest_county_centroid,0.78,0.7925,"ZCTA spans 3 counties; nearest county centroid is 9 km away, next is 18 km (margin 9 km)"
"stone-mountain-recreation-rock-gym","Stone Mountain",GA,30087,"DeKalb",zip_nearest_county_centroid,0.78,0.6839,"ZCTA spans 2 counties; nearest county centroid is 8 km away, next is 20 km (margin 12 km)"
"e-center","Sugar Hill",GA,30518,"Gwinnett",zip_nearest_county_centroid,0.78,0.7879,"ZCTA spans 2 counties; nearest county centroid is 16 km away, next is 31 km (margin 14 km)"
"e-e-robinson-park","Sugar Hill",GA,30518,"Gwinnett",zip_nearest_county_centroid,0.78,0.7879,"ZCTA spans 2 counties; nearest county centroid is 16 km away, next is 31 km (margin 14 km)"
"ee-robinson-park","Sugar Hill",GA,30518,"Gwinnett",zip_nearest_county_centroid,0.78,0.7879,"ZCTA spans 2 counties; nearest county centroid is 16 km away, next is 31 km (margin 14 km)"
"del-webb-cane-bay-pickleball-club","Summerville",GA,29483,"Dorchester",zip_nearest_county_centroid,0,0.8339,"derived county is in SC but the row says GA - ZIP or state is wrong"
"george-pierce-park-community-recreation-center","Suwanee",GA,30024,"Gwinnett",zip_nearest_county_centroid,0.78,0.6522,"ZCTA spans 3 counties; nearest county centroid is 11 km away, next is 20 km (margin 9 km)"
"temple-recreation-center","Temple",GA,30179,"Carroll",zip_nearest_county_centroid,0.6,0.5161,"ZCTA spans 3 counties; nearest county centroid is 18 km away, next is 19 km (margin 1 km)"
"balfour-park","Thomasville",GA,31792,"Thomas",zip_nearest_county_centroid,0.78,0.7066,"ZCTA spans 2 counties; nearest county centroid is 6 km away, next is 26 km (margin 19 km)"
"remington-park-thomasville","Thomasville",GA,31792,"Thomas",zip_nearest_county_centroid,0.78,0.7066,"ZCTA spans 2 counties; nearest county centroid is 6 km away, next is 26 km (margin 19 km)"
"thomasville-high-school","Thomasville",GA,31792,"Thomas",zip_nearest_county_centroid,0.78,0.7066,"ZCTA spans 2 counties; nearest county centroid is 6 km away, next is 26 km (margin 19 km)"
"thomson-high-school","Thomson",GA,30824,"McDuffie",zip_nearest_county_centroid,0.78,0.9826,"ZCTA spans 3 counties; nearest county centroid is 3 km away, next is 18 km (margin 15 km)"
"trion-rec-center","Trion",GA,30753,"Chattooga",zip_nearest_county_centroid,0.78,0.6082,"ZCTA spans 2 counties; nearest county centroid is 8 km away, next is 21 km (margin 13 km)"
"henderson-park","Tucker",GA,30084,"DeKalb",zip_nearest_county_centroid,0.78,0.8249,"ZCTA spans 2 counties; nearest county centroid is 9 km away, next is 21 km (margin 12 km)"
"rehoboth-baptist-church","Tucker",GA,30084,"DeKalb",zip_nearest_county_centroid,0.78,0.8249,"ZCTA spans 2 counties; nearest county centroid is 9 km away, next is 21 km (margin 12 km)"
"tucker-recreation-center","Tucker",GA,30085,"",none,0,,"ZIP has no ZCTA in the Census relationship file (often a PO-box or point ZIP)"
"tucker-smokerise-rosenfeld-park","Tucker",GA,30084,"DeKalb",zip_nearest_county_centroid,0.78,0.8249,"ZCTA spans 2 counties; nearest county centroid is 9 km away, next is 21 km (margin 12 km)"
"memorial-park-pickleball-courts-tybee-island","Tybee Island",GA,,"",none,0,,"no postal_code"
"savannah-beach-racquet-club-tybee","Tybee Island",GA,,"",none,0,,"no postal_code"
"vidalia-recreation-department","Vidalia",GA,30474,"Montgomery",zip_nearest_county_centroid,0.6,0.2144,"ZCTA spans 4 counties; nearest county centroid is 12 km away, next is 14 km (margin 1 km) — OVERRODE the larger-by-land-area candidate"
"fairfield-plantation","Villa Rica",GA,30180,"Douglas",zip_nearest_county_centroid,0.6,0.2766,"ZCTA spans 3 counties; nearest county centroid is 14 km away, next is 22 km (margin 7 km) — OVERRODE the larger-by-land-area candidate"
"gold-dust-downtown-gym","Villa Rica",GA,30180,"Douglas",zip_nearest_county_centroid,0.6,0.2766,"ZCTA spans 3 counties; nearest county centroid is 14 km away, next is 22 km (margin 7 km) — OVERRODE the larger-by-land-area candidate"
"gold-dust-park-outdoor-courts","Villa Rica",GA,30180,"Douglas",zip_nearest_county_centroid,0.6,0.2766,"ZCTA spans 3 counties; nearest county centroid is 14 km away, next is 22 km (margin 7 km) — OVERRODE the larger-by-land-area candidate"
"kansas-baptist-church","Waco",GA,30182,"Haralson",zip_nearest_county_centroid,0.6,0.3657,"ZCTA spans 2 counties; nearest county centroid is 11 km away, next is 16 km (margin 6 km) — OVERRODE the larger-by-land-area candidate"
"lake-arrowhead","Waleska",GA,30183,"Cherokee",zip_nearest_county_centroid,0.6,0.9591,"ZCTA spans 3 counties; nearest county centroid is 11 km away, next is 17 km (margin 6 km)"
"pittard-park","Winterville",GA,30601,"Clarke",zip_nearest_county_centroid,0.78,0.9017,"ZCTA spans 3 counties; nearest county centroid is 8 km away, next is 19 km (margin 11 km)"
"bradshaw-farm","Woodstock",GA,30188,"Cherokee",zip_nearest_county_centroid,0.6,0.9907,"ZCTA spans 2 counties; nearest county centroid is 16 km away, next is 19 km (margin 2 km)"
"dupree-park","Woodstock",GA,30188,"Cherokee",zip_nearest_county_centroid,0.6,0.9907,"ZCTA spans 2 counties; nearest county centroid is 16 km away, next is 19 km (margin 2 km)"
"life-time-woodstock","Woodstock",GA,30188,"Cherokee",zip_nearest_county_centroid,0.6,0.9907,"ZCTA spans 2 counties; nearest county centroid is 18 km away, next is 19 km (margin 1 km)"
"towns-county-recreation-and-conference-center","Young Harris",GA,30582,"Towns",zip_nearest_county_centroid,0.6,0.6248,"ZCTA spans 2 counties; nearest county centroid is 11 km away, next is 17 km (margin 6 km)"
"sunset-beach-neighborhood-park","Hale'iwa",HI,96715,"",none,0,,"ZIP has no ZCTA in the Census relationship file (often a PO-box or point ZIP)"
"sunset-beach-neighborhood-park","Hale'iwa",HI,96715,"",none,0,,"ZIP has no ZCTA in the Census relationship file (often a PO-box or point ZIP)"
"oahu-ala-moana-tennis-center","Honolulu",HI,96801,"",none,0,,"ZIP has no ZCTA in the Census relationship file (often a PO-box or point ZIP)"
"papakea-oceanfront-resort","Lahaina",HI,96861,"",none,0,,"ZIP has no ZCTA in the Census relationship file (often a PO-box or point ZIP)"
"whaler-hotel","Lahaina",HI,95747,"Placer",zip_single_county,0,1,"derived county is in CA but the row says HI - ZIP or state is wrong"
"wilcox-elementary-school-courts-lihue","Lihue",HI,96767,"",none,0,,"ZIP has no ZCTA in the Census relationship file (often a PO-box or point ZIP)"
"village-park","Altoona",IA,,"",none,0,,"no postal_code"
"emma-mccarthy-lee-park","Ames",IA,50014,"Story",zip_nearest_county_centroid,0.6,0.5618,"ZCTA spans 2 counties; nearest county centroid is 16 km away, next is 23 km (margin 6 km)"
"isu-state-gym","Ames",IA,50011,"",none,0,,"ZIP has no ZCTA in the Census relationship file (often a PO-box or point ZIP)"
"lawrence-community-center","Anamosa",IA,52205,"Jones",zip_nearest_county_centroid,0.78,0.8515,"ZCTA spans 2 counties; nearest county centroid is 14 km away, next is 26 km (margin 12 km)"
"aspinwall-recreation-area","Aspinwall",IA,15215,"Allegheny",zip_single_county,0,1,"derived county is in PA but the row says IA - ZIP or state is wrong"
"beaman-beaman","Beaman",IA,50509,"",none,0,,"ZIP has no ZCTA in the Census relationship file (often a PO-box or point ZIP)"
"beaman-outdoor-courts","Beaman",IA,50609,"Grundy",zip_nearest_county_centroid,0.6,0.6586,"ZCTA spans 3 counties; nearest county centroid is 20 km away, next is 24 km (margin 3 km)"
"franklin-park","Belle Plaine",IA,52208,"Benton",zip_nearest_county_centroid,0.6,0.5576,"ZCTA spans 4 counties; nearest county centroid is 28 km away, next is 29 km (margin 0 km)"
"forest-grove-elementary-school","Bettendorf",IA,52897,"",none,0,,"ZIP has no ZCTA in the Census relationship file (often a PO-box or point ZIP)"
"oak-hill-park-pickleball-courts-cascade","Cascade",IA,,"",none,0,,"no postal_code"
"cedar-falls-rec-center","Cedar Falls",IA,50613,"Black Hawk",zip_nearest_county_centroid,0.78,0.8071,"ZCTA spans 3 counties; nearest county centroid is 13 km away, next is 31 km (margin 19 km)"
"cedar-falls-recreation-center","Cedar Falls",IA,50613,"Black Hawk",zip_nearest_county_centroid,0.78,0.8071,"ZCTA spans 3 counties; nearest county centroid is 13 km away, next is 31 km (margin 19 km)"
"fit-gym-cedar-falls","Cedar Falls",IA,50613,"Black Hawk",zip_nearest_county_centroid,0.78,0.8071,"ZCTA spans 3 counties; nearest county centroid is 12 km away, next is 29 km (margin 17 km)"
"nazareth-church-gym","Cedar Falls",IA,50613,"Black Hawk",zip_nearest_county_centroid,0.78,0.8071,"ZCTA spans 3 counties; nearest county centroid is 12 km away, next is 31 km (margin 18 km)"
"northern-iowa-tennis-and-pickleball-courts","Cedar Falls",IA,50613,"Black Hawk",zip_nearest_county_centroid,0.78,0.8071,"ZCTA spans 3 counties; nearest county centroid is 14 km away, next is 32 km (margin 18 km)"
"uni-wellness-and-recreation-center","Cedar Falls",IA,50614,"",none,0,,"ZIP has no ZCTA in the Census relationship file (often a PO-box or point ZIP)"
"backyard-pickleball","Cedar Rapids",IA,52404,"Linn",zip_nearest_county_centroid,0.78,0.9496,"ZCTA spans 2 counties; nearest county centroid is 17 km away, next is 34 km (margin 17 km)"
"jones-park-pickleball-complex","Cedar Rapids",IA,52404,"Linn",zip_nearest_county_centroid,0.78,0.9496,"ZCTA spans 2 counties; nearest county centroid is 15 km away, next is 31 km (margin 17 km)"
"jones-park-tennis-courts","Cedar Rapids",IA,52404,"Linn",zip_nearest_county_centroid,0.78,0.9496,"ZCTA spans 2 counties; nearest county centroid is 14 km away, next is 32 km (margin 18 km)"
"kirkwood-community-college-tennis-courts","Cedar Rapids",IA,52404,"Linn",zip_nearest_county_centroid,0.78,0.9496,"ZCTA spans 2 counties; nearest county centroid is 19 km away, next is 28 km (margin 9 km)"
"noelridge-park","Cedar Rapids",IA,,"",none,0,,"no postal_code"
"smithfield-tennis-pickleball-center","Cedar Rapids",IA,52404,"Linn",zip_nearest_county_centroid,0.78,0.9496,"ZCTA spans 2 counties; nearest county centroid is 16 km away, next is 34 km (margin 18 km)"
"charles-city-family-ymca","Charles City",IA,50616,"Floyd",zip_nearest_county_centroid,0.78,0.9372,"ZCTA spans 2 counties; nearest county centroid is 9 km away, next is 29 km (margin 20 km)"
"clarinda-lied-center","Clarinda",IA,51632,"Page",zip_nearest_county_centroid,0.78,0.985,"ZCTA spans 2 counties; nearest county centroid is 10 km away, next is 28 km (margin 19 km)"
"campbell-recreation-area","Clive",IA,50325,"Polk",zip_nearest_county_centroid,0.6,0.6025,"ZCTA spans 2 counties; nearest county centroid is 20 km away, next is 23 km (margin 3 km)"
"genesis-health-club","Clive",IA,50325,"Polk",zip_nearest_county_centroid,0.6,0.6025,"ZCTA spans 2 counties; nearest county centroid is 19 km away, next is 24 km (margin 5 km)"
"lions-park-clive","Clive",IA,50325,"Dallas",zip_nearest_county_centroid,0.6,0.3975,"ZCTA spans 2 counties; nearest county centroid is 19 km away, next is 23 km (margin 4 km) — OVERRODE the larger-by-land-area candidate"
"wildwood-park","Clive",IA,50325,"Polk",zip_nearest_county_centroid,0.6,0.6025,"ZCTA spans 2 counties; nearest county centroid is 19 km away, next is 24 km (margin 5 km)"
"conrad-reunion-park","Conrad",IA,50621,"Grundy",zip_nearest_county_centroid,0.6,0.8376,"ZCTA spans 2 counties; nearest county centroid is 21 km away, next is 22 km (margin 1 km)"
"rv-school-courts","Correctionville",IA,51016,"Woodbury",zip_nearest_county_centroid,0.6,0.9052,"ZCTA spans 2 counties; nearest county centroid is 24 km away, next is 25 km (margin 1 km)"
"cb-parks-recreation-dept","Council Bluffs",IA,51503,"Pottawattamie",zip_nearest_county_centroid,0.6,0.8464,"ZCTA spans 2 counties; nearest county centroid is 27 km away, next is 32 km (margin 5 km)"
"council-bluffs-ymca","Council Bluffs",IA,51503,"Pottawattamie",zip_nearest_county_centroid,0.6,0.8464,"ZCTA spans 2 counties; nearest county centroid is 26 km away, next is 32 km (margin 6 km)"
"kimball-park","Council Bluffs",IA,51503,"Pottawattamie",zip_nearest_county_centroid,0.6,0.8464,"ZCTA spans 2 counties; nearest county centroid is 25 km away, next is 33 km (margin 8 km)"
"ymca-healthy-living-center","Council Bluffs",IA,51503,"Pottawattamie",zip_nearest_county_centroid,0.6,0.8464,"ZCTA spans 2 counties; nearest county centroid is 27 km away, next is 32 km (margin 5 km)"
"cresco-fitness-center","Cresco",IA,52136,"Howard",zip_nearest_county_centroid,0.6,0.6689,"ZCTA spans 2 counties; nearest county centroid is 17 km away, next is 23 km (margin 6 km)"
"evans-park-ia","Cresco",IA,52136,"Howard",zip_nearest_county_centroid,0.6,0.6689,"ZCTA spans 2 counties; nearest county centroid is 17 km away, next is 23 km (margin 7 km)"
"evans-park-pickleball-courts","Cresco",IA,52136,"Howard",zip_nearest_county_centroid,0.6,0.6689,"ZCTA spans 2 counties; nearest county centroid is 17 km away, next is 23 km (margin 6 km)"
"creston-ymca","Creston",IA,50801,"Union",zip_nearest_county_centroid,0.78,0.6858,"ZCTA spans 3 counties; nearest county centroid is 12 km away, next is 27 km (margin 15 km)"
"mckinley-park","Creston",IA,50801,"Union",zip_nearest_county_centroid,0.78,0.6858,"ZCTA spans 3 counties; nearest county centroid is 12 km away, next is 27 km (margin 15 km)"
"nancy-and-duane-becker-pickleball-courts-delmar","Delmar",IA,,"",none,0,,"no postal_code"
"mccollum-waveland-tennis-complex","Des Moines",IA,50391,"",none,0,,"ZIP has no ZCTA in the Census relationship file (often a PO-box or point ZIP)"
"wakonda-country-club","Des Moines",IA,50321,"Polk",zip_nearest_county_centroid,0.78,0.9998,"ZCTA spans 2 counties; nearest county centroid is 16 km away, next is 25 km (margin 9 km)"
"durant-dutton-park","Durant",IA,52747,"Muscatine",zip_nearest_county_centroid,0.6,0.454,"ZCTA spans 3 counties; nearest county centroid is 22 km away, next is 24 km (margin 2 km)"
"callahan-courts-dysart-park","Dysart",IA,52224,"Tama",zip_nearest_county_centroid,0.6,0.478,"ZCTA spans 2 counties; nearest county centroid is 21 km away, next is 22 km (margin 1 km) — OVERRODE the larger-by-land-area candidate"
"dg-elementary-school","Dysart",IA,52224,"Tama",zip_nearest_county_centroid,0.6,0.478,"ZCTA spans 2 counties; nearest county centroid is 21 km away, next is 23 km (margin 2 km) — OVERRODE the larger-by-land-area candidate"
"union-middle-school","Dysart",IA,52224,"Tama",zip_nearest_county_centroid,0.6,0.478,"ZCTA spans 2 counties; nearest county centroid is 21 km away, next is 23 km (margin 2 km) — OVERRODE the larger-by-land-area candidate"
"sun-valley-lake","Ellston",IA,50266,"Dallas",zip_nearest_county_centroid,0.78,0.7481,"ZCTA spans 2 counties; nearest county centroid is 94 km away, next is 104 km (margin 10 km)"
"regional-wellness-center","Estherville",IA,51334,"Emmet",zip_nearest_county_centroid,0.78,0.8911,"ZCTA spans 2 counties; nearest county centroid is 14 km away, next is 29 km (margin 15 km)"
"fairfax-tennis-pickleball-court-in-city-park","Fairfax",IA,52228,"Linn",zip_nearest_county_centroid,0.6,0.7571,"ZCTA spans 3 counties; nearest county centroid is 23 km away, next is 30 km (margin 7 km)"
"boman-park","Forest City",IA,50436,"Winnebago",zip_nearest_county_centroid,0.6,0.5793,"ZCTA spans 2 counties; nearest county centroid is 15 km away, next is 23 km (margin 7 km)"
"forest-city-pickleball-courts","Forest City",IA,,"",none,0,,"no postal_code"
"germantown-iowa","Germantown",IA,51046,"O'Brien",zip_nearest_county_centroid,0.6,0.9459,"ZCTA spans 2 counties; nearest county centroid is 19 km away, next is 26 km (margin 7 km)"
"granville-pickleball-court","Granville",IA,51022,"O'Brien",zip_nearest_county_centroid,0.6,0.5794,"ZCTA spans 3 counties; nearest county centroid is 23 km away, next is 27 km (margin 4 km)"
"grimes-sports-complex-6647","Grimes",IA,50111,"Polk",zip_nearest_county_centroid,0.6,0.6606,"ZCTA spans 2 counties; nearest county centroid is 18 km away, next is 21 km (margin 2 km)"
"grimes-sports-complex","Grimes",IA,50111,"Polk",zip_nearest_county_centroid,0.6,0.6606,"ZCTA spans 2 counties; nearest county centroid is 19 km away, next is 20 km (margin 2 km)"
"ahrens-park","Grinnell",IA,50112,"Poweshiek",zip_nearest_county_centroid,0.78,0.7408,"ZCTA spans 2 counties; nearest county centroid is 16 km away, next is 29 km (margin 13 km)"
"grinnell-area-recreation-center","Grinnell",IA,50112,"Poweshiek",zip_nearest_county_centroid,0.78,0.7408,"ZCTA spans 2 counties; nearest county centroid is 17 km away, next is 30 km (margin 13 km)"
"grinnell-college-tennis-courts","Grinnell",IA,50112,"Poweshiek",zip_nearest_county_centroid,0.78,0.7408,"ZCTA spans 2 counties; nearest county centroid is 18 km away, next is 28 km (margin 10 km)"
"pickle-ball-court-at-spencer","Grinnell",IA,50112,"Poweshiek",zip_nearest_county_centroid,0.78,0.7408,"ZCTA spans 2 counties; nearest county centroid is 18 km away, next is 28 km (margin 10 km)"
"van-horn-park","Grinnell",IA,50112,"Poweshiek",zip_nearest_county_centroid,0.78,0.7408,"ZCTA spans 2 counties; nearest county centroid is 19 km away, next is 28 km (margin 9 km)"
"hawarden-city-park","Hawarden",IA,51023,"Union",zip_nearest_county_centroid,0,0.298,"derived county is in SD but the row says IA - ZIP or state is wrong"
"hawarden-elementary","Hawarden",IA,51023,"Union",zip_nearest_county_centroid,0,0.298,"derived county is in SD but the row says IA - ZIP or state is wrong"
"hull-community-building","Hull",IA,51239,"Sioux",zip_nearest_county_centroid,0.78,0.927,"ZCTA spans 2 counties; nearest county centroid is 12 km away, next is 22 km (margin 10 km)"
"3c-s-fitness-recreation-center","Huxley",IA,50124,"Story",zip_nearest_county_centroid,0.6,0.7396,"ZCTA spans 2 counties; nearest county centroid is 20 km away, next is 24 km (margin 4 km)"
"centennial-park-huxley","Huxley",IA,50124,"Story",zip_nearest_county_centroid,0.6,0.7396,"ZCTA spans 2 counties; nearest county centroid is 18 km away, next is 25 km (margin 6 km)"
"iowa-city-ped-mall","Iowa City",IA,52250,"",none,0,,"ZIP has no ZCTA in the Census relationship file (often a PO-box or point ZIP)"
"ireton-city-park","Ireton",IA,51027,"Sioux",zip_nearest_county_centroid,0.78,0.8393,"ZCTA spans 2 counties; nearest county centroid is 17 km away, next is 28 km (margin 11 km)"
"jefferson-racquetball-room","Jefferson",IA,50129,"Guthrie",zip_nearest_county_centroid,0.6,0.0016,"ZCTA spans 2 counties; nearest county centroid is 224 km away, next is 231 km (margin 8 km) — OVERRODE the larger-by-land-area candidate"
"jefferson-rec-center-court-2-sw","Jefferson",IA,50129,"Guthrie",zip_nearest_county_centroid,0.78,0.0016,"ZCTA spans 2 counties; nearest county centroid is 71 km away, next is 90 km (margin 19 km) — OVERRODE the larger-by-land-area candidate"
"kalona-city-park","Kalona",IA,52247,"Washington",zip_nearest_county_centroid,0.6,0.45,"ZCTA spans 2 counties; nearest county centroid is 17 km away, next is 23 km (margin 5 km) — OVERRODE the larger-by-land-area candidate"
"kalona-ymca","Kalona",IA,52247,"Washington",zip_nearest_county_centroid,0.6,0.45,"ZCTA spans 2 counties; nearest county centroid is 17 km away, next is 23 km (margin 6 km) — OVERRODE the larger-by-land-area candidate"
"kingsley-park","Kingsley",IA,51028,"Woodbury",zip_nearest_county_centroid,0.6,0.1996,"ZCTA spans 2 counties; nearest county centroid is 23 km away, next is 26 km (margin 3 km) — OVERRODE the larger-by-land-area candidate"
"union-high-school-tennis-courts","La Porte City",IA,50651,"Black Hawk",zip_nearest_county_centroid,0.6,0.7129,"ZCTA spans 3 counties; nearest county centroid is 20 km away, next is 27 km (margin 7 km)"
"oakwood-park","Lake Mills",IA,50450,"Winnebago",zip_nearest_county_centroid,0.6,0.6803,"ZCTA spans 2 counties; nearest county centroid is 18 km away, next is 24 km (margin 6 km)"
"edgewood-park-madrid","Madrid",IA,50156,"Boone",zip_nearest_county_centroid,0.6,0.7736,"ZCTA spans 3 counties; nearest county centroid is 20 km away, next is 28 km (margin 8 km)"
"manning-rec-center","Manning",IA,51455,"Carroll",zip_nearest_county_centroid,0.6,0.5574,"ZCTA spans 4 counties; nearest county centroid is 22 km away, next is 29 km (margin 7 km)"
"5th-ward-park","Maquoketa",IA,52060,"Jackson",zip_nearest_county_centroid,0.6,0.8809,"ZCTA spans 2 counties; nearest county centroid is 14 km away, next is 22 km (margin 8 km)"
"maquoketa-ymca","Maquoketa",IA,52060,"Jackson",zip_nearest_county_centroid,0.6,0.8809,"ZCTA spans 2 counties; nearest county centroid is 13 km away, next is 21 km (margin 8 km)"
"monticello-pickleball-courts","Monticello",IA,52310,"Jones",zip_nearest_county_centroid,0.78,0.9535,"ZCTA spans 3 counties; nearest county centroid is 14 km away, next is 30 km (margin 16 km)"
"trussell-park","Moravia",IA,52571,"Monroe",zip_nearest_county_centroid,0.6,0.2968,"ZCTA spans 2 counties; nearest county centroid is 16 km away, next is 17 km (margin 1 km) — OVERRODE the larger-by-land-area candidate"
"musco-dome","Muscatine",IA,52761,"Muscatine",zip_nearest_county_centroid,0.78,0.9059,"ZCTA spans 2 counties; nearest county centroid is 9 km away, next is 25 km (margin 16 km)"
"taylor-park","Muscatine",IA,52761,"Muscatine",zip_nearest_county_centroid,0.78,0.9059,"ZCTA spans 2 counties; nearest county centroid is 9 km away, next is 27 km (margin 18 km)"
"husky-wellness-center","Nashua",IA,50658,"Chickasaw",zip_nearest_county_centroid,0.6,0.5523,"ZCTA spans 4 counties; nearest county centroid is 21 km away, next is 23 km (margin 2 km)"
"private-indoor-courts-east-of-mason-city","Nora Springs",IA,50458,"Floyd",zip_nearest_county_centroid,0.6,0.5327,"ZCTA spans 3 counties; nearest county centroid is 20 km away, next is 21 km (margin 1 km)"
"norwalk-fieldhouse","Norwalk",IA,50211,"Warren",zip_nearest_county_centroid,0.78,0.9591,"ZCTA spans 2 counties; nearest county centroid is 19 km away, next is 34 km (margin 15 km)"
"windflower-park-norwalk","Norwalk",IA,50211,"Warren",zip_nearest_county_centroid,0.78,0.9591,"ZCTA spans 2 counties; nearest county centroid is 18 km away, next is 33 km (margin 15 km)"
"oviatt-elementary-norwalk","Nowalk",IA,50210,"Warren",zip_nearest_county_centroid,0.78,0.7715,"ZCTA spans 3 counties; nearest county centroid is 1167 km away, next is 1185 km (margin 19 km)"
"packwood","Packwood",IA,52580,"Jefferson",zip_nearest_county_centroid,0.6,0.9757,"ZCTA spans 2 counties; nearest county centroid is 17 km away, next is 23 km (margin 6 km)"
"paton-paton","Paton",IA,50217,"Greene",zip_nearest_county_centroid,0.78,0.8437,"ZCTA spans 2 counties; nearest county centroid is 18 km away, next is 30 km (margin 12 km)"
"caldwell-park-6472","Pella",IA,50219,"Marion",zip_nearest_county_centroid,0.6,0.6382,"ZCTA spans 2 counties; nearest county centroid is 17 km away, next is 25 km (margin 8 km)"
"caldwell-park","Pella",IA,50219,"Marion",zip_nearest_county_centroid,0.6,0.6382,"ZCTA spans 2 counties; nearest county centroid is 18 km away, next is 24 km (margin 6 km)"
"central-college","Pella",IA,50219,"Marion",zip_nearest_county_centroid,0.78,0.6382,"ZCTA spans 2 counties; nearest county centroid is 16 km away, next is 25 km (margin 9 km)"
"estates-of-pella","Pella",IA,50219,"Marion",zip_nearest_county_centroid,0.78,0.6382,"ZCTA spans 2 counties; nearest county centroid is 14 km away, next is 27 km (margin 14 km)"
"pella-pella","Pella",IA,50219,"Marion",zip_nearest_county_centroid,0.6,0.6382,"ZCTA spans 2 counties; nearest county centroid is 17 km away, next is 25 km (margin 8 km)"
"smash-park-pella-f50009","Pella",IA,,"",none,0,,"no postal_code"
"west-side-social","Pella",IA,50219,"Marion",zip_nearest_county_centroid,0.78,0.6382,"ZCTA spans 2 counties; nearest county centroid is 15 km away, next is 27 km (margin 12 km)"
"mccreary-community-building","Perry",IA,50220,"Dallas",zip_nearest_county_centroid,0.78,0.6339,"ZCTA spans 3 counties; nearest county centroid is 18 km away, next is 26 km (margin 8 km)"
"preston-preston","Preston",IA,52069,"Jackson",zip_nearest_county_centroid,0.6,0.7758,"ZCTA spans 2 counties; nearest county centroid is 20 km away, next is 21 km (margin 1 km)"
"remsen-outdoor-courts","Remsen",IA,51050,"Plymouth",zip_nearest_county_centroid,0.78,0.9857,"ZCTA spans 2 counties; nearest county centroid is 22 km away, next is 34 km (margin 13 km)"
"northwest-iowa-community-college","Sheldon",IA,51201,"O'Brien",zip_nearest_county_centroid,0.6,0.4864,"ZCTA spans 3 counties; nearest county centroid is 22 km away, next is 28 km (margin 6 km) — OVERRODE the larger-by-land-area candidate"
"sheldon-comm-high-school","Sheldon",IA,51201,"O'Brien",zip_nearest_county_centroid,0.78,0.4864,"ZCTA spans 3 counties; nearest county centroid is 20 km away, next is 30 km (margin 10 km) — OVERRODE the larger-by-land-area candidate"
"sheldon-high-school","Sheldon",IA,51201,"O'Brien",zip_nearest_county_centroid,0.78,0.4864,"ZCTA spans 3 counties; nearest county centroid is 20 km away, next is 30 km (margin 10 km) — OVERRODE the larger-by-land-area candidate"
"sheldon-llrc","Sheldon",IA,51201,"O'Brien",zip_nearest_county_centroid,0.6,0.4864,"ZCTA spans 3 counties; nearest county centroid is 21 km away, next is 29 km (margin 7 km) — OVERRODE the larger-by-land-area candidate"
"sports-plex-and-pizzeria","Shenandoah",IA,51601,"Fremont",zip_nearest_county_centroid,0.6,0.3733,"ZCTA spans 2 counties; nearest county centroid is 19 km away, next is 19 km (margin 0 km) — OVERRODE the larger-by-land-area candidate"
"riverside-park-9159","Sioux City",IA,51109,"Plymouth",zip_nearest_county_centroid,0.6,0.8972,"ZCTA spans 2 counties; nearest county centroid is 33 km away, next is 36 km (margin 3 km)"
"solon-community-center","Solon",IA,52333,"Johnson",zip_nearest_county_centroid,0.78,0.9578,"ZCTA spans 2 counties; nearest county centroid is 17 km away, next is 30 km (margin 13 km)"
"solon-recreation-nature-area-srna","Solon",IA,52333,"Johnson",zip_nearest_county_centroid,0.78,0.9578,"ZCTA spans 2 counties; nearest county centroid is 17 km away, next is 30 km (margin 13 km)"
"solon-united-methodist-family-life-center","Solon",IA,52333,"Johnson",zip_nearest_county_centroid,0.78,0.9578,"ZCTA spans 2 counties; nearest county centroid is 17 km away, next is 30 km (margin 13 km)"
"ymca-bedell","Spirit Lake",IA,51360,"Dickinson",zip_nearest_county_centroid,0.78,0.9702,"ZCTA spans 2 counties; nearest county centroid is 8 km away, next is 28 km (margin 20 km)"
"emerald-park","Storm Lake",IA,50588,"Buena Vista",zip_nearest_county_centroid,0.78,0.9935,"ZCTA spans 2 counties; nearest county centroid is 12 km away, next is 30 km (margin 18 km)"
"story-city-recreatoin-center","Story City",IA,50248,"Story",zip_nearest_county_centroid,0.6,0.54,"ZCTA spans 3 counties; nearest county centroid is 20 km away, next is 24 km (margin 5 km)"
"campbell-park-pickleball-courts","Strawberry Point",IA,52076,"Clayton",zip_nearest_county_centroid,0.6,0.8281,"ZCTA spans 3 counties; nearest county centroid is 25 km away, next is 27 km (margin 3 km)"
"life-time-des-moines","Urbandale",IA,50323,"Polk",zip_nearest_county_centroid,0.6,0.3949,"ZCTA spans 2 counties; nearest county centroid is 19 km away, next is 23 km (margin 4 km) — OVERRODE the larger-by-land-area candidate"
"lions-park-6643","Urbandale",IA,50323,"Polk",zip_nearest_county_centroid,0.78,0.3949,"ZCTA spans 2 counties; nearest county centroid is 15 km away, next is 26 km (margin 11 km) — OVERRODE the larger-by-land-area candidate"
"south-karen-acres","Urbandale",IA,50323,"Polk",zip_nearest_county_centroid,0.78,0.3949,"ZCTA spans 2 counties; nearest county centroid is 15 km away, next is 26 km (margin 11 km) — OVERRODE the larger-by-land-area candidate"
"west-branch-cubby-park","West Branch",IA,52358,"Johnson",zip_nearest_county_centroid,0.6,0.1748,"ZCTA spans 2 counties; nearest county centroid is 20 km away, next is 21 km (margin 1 km) — OVERRODE the larger-by-land-area candidate"
"american-legion-park-west-des-moines","West Des Moines",IA,50265,"Polk",zip_nearest_county_centroid,0.78,0.9675,"ZCTA spans 2 counties; nearest county centroid is 16 km away, next is 30 km (margin 13 km)"
"holiday-park","West Des Moines",IA,50265,"Polk",zip_nearest_county_centroid,0.78,0.9675,"ZCTA spans 2 counties; nearest county centroid is 21 km away, next is 30 km (margin 10 km)"
"holiday-wilson-park","West Des Moines",IA,50265,"Polk",zip_nearest_county_centroid,0.78,0.9675,"ZCTA spans 2 counties; nearest county centroid is 17 km away, next is 29 km (margin 12 km)"
"independence-day-parade-wdm","West Des Moines",IA,50265,"Polk",zip_nearest_county_centroid,0.78,0.9675,"ZCTA spans 2 counties; nearest county centroid is 19 km away, next is 32 km (margin 13 km)"
"jaycee-park-1540","West Des Moines",IA,50266,"Polk",zip_nearest_county_centroid,0.6,0.2519,"ZCTA spans 2 counties; nearest county centroid is 21 km away, next is 24 km (margin 3 km) — OVERRODE the larger-by-land-area candidate"
"lutheran-church-of-hope","West Des Moines",IA,50266,"Dallas",zip_nearest_county_centroid,0.6,0.7481,"ZCTA spans 2 counties; nearest county centroid is 23 km away, next is 23 km (margin 0 km)"
"recplex-wdm","West Des Moines",IA,50266,"Polk",zip_nearest_county_centroid,0.6,0.2519,"ZCTA spans 2 counties; nearest county centroid is 25 km away, next is 26 km (margin 1 km) — OVERRODE the larger-by-land-area candidate"
"smash-park","West Des Moines",IA,50266,"Polk",zip_nearest_county_centroid,0.6,0.2519,"ZCTA spans 2 counties; nearest county centroid is 23 km away, next is 24 km (margin 1 km) — OVERRODE the larger-by-land-area candidate"
"smash-park-west-des-moines-f50008","West Des Moines",IA,,"",none,0,,"no postal_code"
"valley-community-center","West Des Moines",IA,50265,"Polk",zip_nearest_county_centroid,0.78,0.9675,"ZCTA spans 2 counties; nearest county centroid is 22 km away, next is 30 km (margin 8 km)"
"valley-high-school-july-3rd-parade","West Des Moines",IA,50266,"Polk",zip_nearest_county_centroid,0.6,0.2519,"ZCTA spans 2 counties; nearest county centroid is 19 km away, next is 26 km (margin 7 km) — OVERRODE the larger-by-land-area candidate"
"valley-view-park-6645","West Des Moines",IA,50265,"Polk",zip_nearest_county_centroid,0.78,0.9675,"ZCTA spans 2 counties; nearest county centroid is 21 km away, next is 30 km (margin 10 km)"
"valley-view-park-pickleball-courts-wdm","West Des Moines",IA,50265,"Polk",zip_nearest_county_centroid,0.78,0.9675,"ZCTA spans 2 counties; nearest county centroid is 21 km away, next is 30 km (margin 10 km)"
"walnut-creek-ymca-wdm","West Des Moines",IA,50265,"Polk",zip_nearest_county_centroid,0.78,0.9675,"ZCTA spans 2 counties; nearest county centroid is 16 km away, next is 32 km (margin 16 km)"
"willow-springs-park","West Des Moines",IA,50266,"Polk",zip_nearest_county_centroid,0.6,0.2519,"ZCTA spans 2 counties; nearest county centroid is 22 km away, next is 25 km (margin 3 km) — OVERRODE the larger-by-land-area candidate"
"woodland-hills-park-wdm","West Des Moines",IA,50266,"Dallas",zip_nearest_county_centroid,0.6,0.7481,"ZCTA spans 2 counties; nearest county centroid is 22 km away, next is 27 km (margin 5 km)"
"andrus-elementary","Boise",ID,83715,"",none,0,,"ZIP has no ZCTA in the Census relationship file (often a PO-box or point ZIP)"
"oregon-trail-recreation-center","Burley",ID,83318,"Cassia",zip_nearest_county_centroid,0.6,0.9986,"ZCTA spans 2 counties; nearest county centroid is 31 km away, next is 38 km (margin 7 km)"
"mary-s-park","Chubbuck",ID,83202,"Bannock",zip_nearest_county_centroid,0.6,0.9035,"ZCTA spans 2 counties; nearest county centroid is 31 km away, next is 34 km (margin 3 km)"
"memorial-field","Coeur d'Alene",ID,83816,"",none,0,,"ZIP has no ZCTA in the Census relationship file (often a PO-box or point ZIP)"
"pickleball-kingdom-coeur-dalene","Coeur d'Alene",ID,,"",none,0,,"no postal_code"
"venture-high-school","Coeur d'Alene",ID,,"",none,0,,"no postal_code"
"avimor-eagle","Eagle",ID,83616,"Gem",zip_nearest_county_centroid,0.6,0.3562,"ZCTA spans 2 counties; nearest county centroid is 33 km away, next is 37 km (margin 4 km) — OVERRODE the larger-by-land-area candidate"
"coltrin-eagle","Eagle",ID,83616,"Ada",zip_nearest_county_centroid,0.78,0.6438,"ZCTA spans 2 counties; nearest county centroid is 26 km away, next is 44 km (margin 18 km)"
"eagle-tennis-club-etc","Eagle",ID,83616,"Ada",zip_nearest_county_centroid,0.78,0.6438,"ZCTA spans 2 counties; nearest county centroid is 27 km away, next is 42 km (margin 15 km)"
"friendship-park","Eagle",ID,83616,"Ada",zip_nearest_county_centroid,0.78,0.6438,"ZCTA spans 2 counties; nearest county centroid is 29 km away, next is 40 km (margin 11 km)"
"lakemoor-courts","Eagle",ID,83616,"Ada",zip_nearest_county_centroid,0.78,0.6438,"ZCTA spans 2 counties; nearest county centroid is 29 km away, next is 41 km (margin 12 km)"
"legacy-eagle","Eagle",ID,83616,"Ada",zip_nearest_county_centroid,0.6,0.6438,"ZCTA spans 2 counties; nearest county centroid is 32 km away, next is 40 km (margin 8 km)"
"life-time-eagle","Eagle",ID,83616,"Ada",zip_nearest_county_centroid,0.78,0.6438,"ZCTA spans 2 counties; nearest county centroid is 27 km away, next is 42 km (margin 15 km)"
"life-time-fitness-id","Eagle",ID,83616,"Ada",zip_nearest_county_centroid,0.78,0.6438,"ZCTA spans 2 counties; nearest county centroid is 27 km away, next is 42 km (margin 15 km)"
"the-shores-private-courts","Eagle",ID,83616,"Ada",zip_nearest_county_centroid,0.78,0.6438,"ZCTA spans 2 counties; nearest county centroid is 29 km away, next is 41 km (margin 12 km)"
"two-rivers-eagle-subdivision","Eagle",ID,83616,"Ada",zip_nearest_county_centroid,0.78,0.6438,"ZCTA spans 2 counties; nearest county centroid is 27 km away, next is 42 km (margin 15 km)"
"bews-pickleball-courts","Emmett",ID,83617,"Gem",zip_nearest_county_centroid,0.6,0.999,"ZCTA spans 2 counties; nearest county centroid is 22 km away, next is 25 km (margin 2 km)"
"emmett-city-park","Emmett",ID,83617,"Gem",zip_nearest_county_centroid,0.6,0.999,"ZCTA spans 2 counties; nearest county centroid is 22 km away, next is 25 km (margin 2 km)"
"gozzer-ranch-golf-lake-club","Harrison",ID,83833,"Kootenai",zip_nearest_county_centroid,0.6,0.9987,"ZCTA spans 2 counties; nearest county centroid is 25 km away, next is 28 km (margin 2 km)"
"idaho-falls-recreation-center","Idaho Falls",ID,83403,"",none,0,,"ZIP has no ZCTA in the Census relationship file (often a PO-box or point ZIP)"
"idaho-falls-tennis-club","Idaho Falls",ID,83402,"Bonneville",zip_nearest_county_centroid,0.78,0.9711,"ZCTA spans 3 counties; nearest county centroid is 32 km away, next is 43 km (margin 11 km)"
"lincoln-park-pickleball-complex","Idaho Falls",ID,83401,"Bonneville",zip_nearest_county_centroid,0.78,0.9979,"ZCTA spans 2 counties; nearest county centroid is 32 km away, next is 42 km (margin 9 km)"
"lincoln-park-pickleball-courts-idaho-falls","Idaho Falls",ID,83401,"Bonneville",zip_nearest_county_centroid,0.78,0.9979,"ZCTA spans 2 counties; nearest county centroid is 32 km away, next is 42 km (margin 9 km)"
"spitfire-pickleball","Idaho Falls",ID,83401,"Bonneville",zip_nearest_county_centroid,0.6,0.9979,"ZCTA spans 2 counties; nearest county centroid is 34 km away, next is 40 km (margin 6 km)"
"church-of-jesus-christ-id","Jerome",ID,83338,"Jerome",zip_nearest_county_centroid,0.78,0.9536,"ZCTA spans 3 counties; nearest county centroid is 20 km away, next is 37 km (margin 17 km)"
"kuna-indian-creek-ranch","Kuna",ID,83634,"Ada",zip_nearest_county_centroid,0.78,0.9515,"ZCTA spans 2 counties; nearest county centroid is 15 km away, next is 28 km (margin 13 km)"
"kuna-patagonia","Kuna",ID,83635,"",none,0,,"ZIP has no ZCTA in the Census relationship file (often a PO-box or point ZIP)"
"elk-creek-celebration-center","Mccall",ID,83638,"Adams",zip_nearest_county_centroid,0.6,0.0059,"ZCTA spans 3 counties; nearest county centroid is 29 km away, next is 37 km (margin 8 km) — OVERRODE the larger-by-land-area candidate"
"the-aspen-club-mccall","Mccall",ID,83638,"Adams",zip_nearest_county_centroid,0.6,0.0059,"ZCTA spans 3 counties; nearest county centroid is 30 km away, next is 38 km (margin 8 km) — OVERRODE the larger-by-land-area candidate"
"the-club-at-aspen-village","Mccall",ID,83638,"Adams",zip_nearest_county_centroid,0.6,0.0059,"ZCTA spans 3 counties; nearest county centroid is 30 km away, next is 38 km (margin 8 km) — OVERRODE the larger-by-land-area candidate"
"the-woodlands","Mccall",ID,83638,"Adams",zip_nearest_county_centroid,0.78,0.0059,"ZCTA spans 3 counties; nearest county centroid is 29 km away, next is 38 km (margin 9 km) — OVERRODE the larger-by-land-area candidate"
"valley-city-pickleball-courts","Mccall",ID,83638,"Adams",zip_nearest_county_centroid,0.6,0.0059,"ZCTA spans 3 counties; nearest county centroid is 31 km away, next is 36 km (margin 4 km) — OVERRODE the larger-by-land-area candidate"
"whitetail-club","Mccall",ID,83638,"Adams",zip_nearest_county_centroid,0.78,0.0059,"ZCTA spans 3 counties; nearest county centroid is 27 km away, next is 40 km (margin 13 km) — OVERRODE the larger-by-land-area candidate"
"woodlands","Mccall",ID,83638,"Adams",zip_nearest_county_centroid,0.78,0.0059,"ZCTA spans 3 counties; nearest county centroid is 29 km away, next is 38 km (margin 9 km) — OVERRODE the larger-by-land-area candidate"
"melbarando","Melba",ID,83641,"Ada",zip_nearest_county_centroid,0.6,0.1407,"ZCTA spans 3 counties; nearest county centroid is 25 km away, next is 32 km (margin 7 km) — OVERRODE the larger-by-land-area candidate"
"gem-prep-meridian-north","Meridian",ID,83680,"",none,0,,"ZIP has no ZCTA in the Census relationship file (often a PO-box or point ZIP)"
"montpelier-creek-koa-journey-pickleball-courts","Montpelier",ID,,"",none,0,,"no postal_code"
"flying-pickle-nampa","Nampa",ID,83687,"Canyon",zip_nearest_county_centroid,0.78,0.8969,"ZCTA spans 2 counties; nearest county centroid is 16 km away, next is 27 km (margin 10 km)"
"mettle-sports","Nampa",ID,83687,"Canyon",zip_nearest_county_centroid,0.78,0.8969,"ZCTA spans 2 counties; nearest county centroid is 16 km away, next is 27 km (margin 11 km)"
"nampa-recreation-center","Nampa",ID,83653,"",none,0,,"ZIP has no ZCTA in the Census relationship file (often a PO-box or point ZIP)"
"orah-brandt","Nampa",ID,83687,"Canyon",zip_nearest_county_centroid,0.78,0.8969,"ZCTA spans 2 counties; nearest county centroid is 13 km away, next is 31 km (margin 18 km)"
"yellow-gym-parma-elementary","Parma",ID,83660,"Canyon",zip_nearest_county_centroid,0.6,0.7159,"ZCTA spans 2 counties; nearest county centroid is 26 km away, next is 28 km (margin 2 km)"
"raymond-park-1594","Pocatello",ID,,"",none,0,,"no postal_code"
"raymond-park","Pocatello",ID,83204,"Bannock",zip_nearest_county_centroid,0.78,0.4074,"ZCTA spans 2 counties; nearest county centroid is 27 km away, next is 37 km (margin 9 km) — OVERRODE the larger-by-land-area candidate"
"hill-s-resort","Priest Lake",ID,83856,"Pend Oreille",zip_nearest_county_centroid,0,0.0811,"derived county is in WA but the row says ID - ZIP or state is wrong"
"st-peter-s-catholic-church","Richfield",ID,55423,"Hennepin",zip_single_county,0,1,"derived county is in MN but the row says ID - ZIP or state is wrong"
"rigby-indoor-tennis-and-pickleball","Rigby",ID,83442,"Jefferson",zip_nearest_county_centroid,0.6,0.7116,"ZCTA spans 2 counties; nearest county centroid is 35 km away, next is 39 km (margin 4 km)"
"rigby-youth-tennis-and-pickleball","Rigby",ID,83442,"Jefferson",zip_nearest_county_centroid,0.6,0.7116,"ZCTA spans 2 counties; nearest county centroid is 35 km away, next is 39 km (margin 4 km)"
"rupert-pickleball-courts","Rupert",ID,83350,"Minidoka",zip_nearest_county_centroid,0.78,0.8204,"ZCTA spans 3 counties; nearest county centroid is 27 km away, next is 38 km (margin 11 km)"
"rupert-west-stake-center","Rupert",ID,83350,"Minidoka",zip_nearest_county_centroid,0.78,0.8204,"ZCTA spans 3 counties; nearest county centroid is 27 km away, next is 38 km (margin 11 km)"
"heron-river-subdivision","Star",ID,83669,"Canyon",zip_nearest_county_centroid,0.78,0.3407,"ZCTA spans 2 counties; nearest county centroid is 20 km away, next is 32 km (margin 12 km) — OVERRODE the larger-by-land-area candidate"
"lifespring-christian-church","Star",ID,83669,"Canyon",zip_nearest_county_centroid,0.78,0.3407,"ZCTA spans 2 counties; nearest county centroid is 19 km away, next is 34 km (margin 15 km) — OVERRODE the larger-by-land-area candidate"
"pavilion-park","Star",ID,83669,"Canyon",zip_nearest_county_centroid,0.78,0.3407,"ZCTA spans 2 counties; nearest county centroid is 19 km away, next is 34 km (margin 15 km) — OVERRODE the larger-by-land-area candidate"
"regency-private-courts","Star",ID,83669,"Canyon",zip_nearest_county_centroid,0.78,0.3407,"ZCTA spans 2 counties; nearest county centroid is 22 km away, next is 34 km (margin 12 km) — OVERRODE the larger-by-land-area candidate"
"star-middle-school","Star",ID,83669,"Canyon",zip_nearest_county_centroid,0.78,0.3407,"ZCTA spans 2 counties; nearest county centroid is 21 km away, next is 34 km (margin 13 km) — OVERRODE the larger-by-land-area candidate"
"frontier-park-id","Twin Falls",ID,83301,"Jerome",zip_nearest_county_centroid,0.6,0.0067,"ZCTA spans 2 counties; nearest county centroid is 23 km away, next is 28 km (margin 5 km) — OVERRODE the larger-by-land-area candidate"
"frontier-park-pickleball-complex","Twin Falls",ID,83301,"Jerome",zip_nearest_county_centroid,0.78,0.0067,"ZCTA spans 2 counties; nearest county centroid is 21 km away, next is 30 km (margin 9 km) — OVERRODE the larger-by-land-area candidate"
"oregon-trail-pickleball-courts","Twin Falls",ID,,"",none,0,,"no postal_code"
"pickleball-time-soccertime-bldg","Twin Falls",ID,83301,"Jerome",zip_nearest_county_centroid,0.6,0.0067,"ZCTA spans 2 counties; nearest county centroid is 23 km away, next is 27 km (margin 4 km) — OVERRODE the larger-by-land-area candidate"
"pierce-park","Twin Falls",ID,83301,"Jerome",zip_nearest_county_centroid,0.6,0.0067,"ZCTA spans 2 counties; nearest county centroid is 22 km away, next is 29 km (margin 7 km) — OVERRODE the larger-by-land-area candidate"
"ymca-twin-falls","Twin Falls",ID,83301,"Jerome",zip_nearest_county_centroid,0.78,0.0067,"ZCTA spans 2 counties; nearest county centroid is 20 km away, next is 30 km (margin 10 km) — OVERRODE the larger-by-land-area candidate"
"life-time-algonquin","Algonquin",IL,60102,"McHenry",zip_nearest_county_centroid,0.6,0.7778,"ZCTA spans 2 counties; nearest county centroid is 20 km away, next is 27 km (margin 7 km)"
"stoneybrook-park","Algonquin",IL,60102,"McHenry",zip_nearest_county_centroid,0.6,0.7778,"ZCTA spans 2 counties; nearest county centroid is 22 km away, next is 27 km (margin 6 km)"
"the-racket-club","Algonquin",IL,60102,"McHenry",zip_nearest_county_centroid,0.6,0.7778,"ZCTA spans 2 counties; nearest county centroid is 22 km away, next is 27 km (margin 6 km)"
"rush-copley-healthplex","Aurora",IL,60504,"Kendall",zip_nearest_county_centroid,0.6,0.0082,"ZCTA spans 3 counties; nearest county centroid is 21 km away, next is 22 km (margin 1 km) — OVERRODE the larger-by-land-area candidate"
"supreme-courts","Aurora",IL,60503,"Kendall",zip_nearest_county_centroid,0.78,0.2773,"ZCTA spans 2 counties; nearest county centroid is 26 km away, next is 40 km (margin 15 km) — OVERRODE the larger-by-land-area candidate"
"vaughan-athletic-center","Aurora",IL,60506,"Kane",zip_nearest_county_centroid,0.6,0.9922,"ZCTA spans 2 counties; nearest county centroid is 18 km away, next is 22 km (margin 4 km)"
"barrington-park-district-fitness-rec-ctr","Barrington",IL,60010,"Lake",zip_nearest_county_centroid,0.6,0.3812,"ZCTA spans 4 counties; nearest county centroid is 27 km away, next is 32 km (margin 5 km) — OVERRODE the larger-by-land-area candidate"
"bartlett-community-center","Bartlett",IL,60103,"DuPage",zip_nearest_county_centroid,0.6,0.6558,"ZCTA spans 3 counties; nearest county centroid is 17 km away, next is 21 km (margin 3 km)"
"funway-ultimate-entertainment-center","Batavia",IL,60510,"Kane",zip_nearest_county_centroid,0.6,0.8351,"ZCTA spans 2 counties; nearest county centroid is 14 km away, next is 19 km (margin 5 km)"
"aberdeen-park","Belvidere",IL,61008,"Boone",zip_nearest_county_centroid,0.78,0.999,"ZCTA spans 2 counties; nearest county centroid is 7 km away, next is 21 km (margin 13 km)"
"belvidere-park","Belvidere",IL,61008,"Boone",zip_nearest_county_centroid,0.78,0.999,"ZCTA spans 2 counties; nearest county centroid is 7 km away, next is 26 km (margin 19 km)"
"rivers-edge-rec-center","Belvidere",IL,61008,"Boone",zip_nearest_county_centroid,0.78,0.999,"ZCTA spans 2 counties; nearest county centroid is 8 km away, next is 27 km (margin 19 km)"
"harvester-park","Burr Ridge",IL,60527,"DuPage",zip_nearest_county_centroid,0.78,0.7926,"ZCTA spans 2 counties; nearest county centroid is 18 km away, next is 28 km (margin 9 km)"
"life-time-burr-ridge","Burr Ridge",IL,60527,"DuPage",zip_nearest_county_centroid,0.78,0.7926,"ZCTA spans 2 counties; nearest county centroid is 18 km away, next is 27 km (margin 9 km)"
"life-time-burr-ridge-sport-and-racquet","Burr Ridge",IL,60527,"DuPage",zip_nearest_county_centroid,0.78,0.7926,"ZCTA spans 2 counties; nearest county centroid is 16 km away, next is 28 km (margin 12 km)"
"lifetime-fitness-burr-ridge","Burr Ridge",IL,60527,"DuPage",zip_nearest_county_centroid,0.78,0.7926,"ZCTA spans 2 counties; nearest county centroid is 18 km away, next is 28 km (margin 9 km)"
"walker-park-pleasant-dale-park-district","Burr Ridge",IL,60527,"DuPage",zip_nearest_county_centroid,0.78,0.7926,"ZCTA spans 2 counties; nearest county centroid is 18 km away, next is 28 km (margin 9 km)"
"saluki-courts-outdoor","Carbondale",IL,62901,"Jackson",zip_nearest_county_centroid,0.78,0.8926,"ZCTA spans 2 counties; nearest county centroid is 17 km away, next is 25 km (margin 8 km)"
"siu-recreation-center","Carbondale",IL,62901,"Jackson",zip_nearest_county_centroid,0.78,0.8926,"ZCTA spans 2 counties; nearest county centroid is 17 km away, next is 25 km (margin 8 km)"
"siu-saluki-courts-outdoor-near-stadium","Carbondale",IL,62901,"Jackson",zip_nearest_county_centroid,0.78,0.8926,"ZCTA spans 2 counties; nearest county centroid is 16 km away, next is 25 km (margin 9 km)"
"john-a-logan-college-tennis-courts","Carterville",IL,62958,"Williamson",zip_nearest_county_centroid,0.78,0.23,"ZCTA spans 3 counties; nearest county centroid is 13 km away, next is 27 km (margin 13 km) — OVERRODE the larger-by-land-area candidate"
"born-park","Cerro Gordo",IL,61818,"Piatt",zip_nearest_county_centroid,0.6,0.8554,"ZCTA spans 2 counties; nearest county centroid is 18 km away, next is 20 km (margin 3 km)"
"cerro-gordo-born-park","Cerro Gordo",IL,61818,"Piatt",zip_nearest_county_centroid,0.6,0.8554,"ZCTA spans 2 counties; nearest county centroid is 18 km away, next is 20 km (margin 3 km)"
"gamechangers","Channahon",IL,60410,"Grundy",zip_nearest_county_centroid,0.6,0.1672,"ZCTA spans 2 counties; nearest county centroid is 21 km away, next is 21 km (margin 0 km) — OVERRODE the larger-by-land-area candidate"
"melvin-park","Chapin",IL,29036,"Newberry",zip_nearest_county_centroid,0,0.0473,"derived county is in SC but the row says IL - ZIP or state is wrong"
"baumann-park","Cherry Valley",IL,61016,"Boone",zip_nearest_county_centroid,0.6,0.4316,"ZCTA spans 2 counties; nearest county centroid is 14 km away, next is 20 km (margin 6 km) — OVERRODE the larger-by-land-area candidate"
"maggie-daley-park","Chicago",IL,60663,"",none,0,,"ZIP has no ZCTA in the Census relationship file (often a PO-box or point ZIP)"
"paddle-tap-chicago-f50027","Chicago",IL,,"",none,0,,"no postal_code"
"pearce-community-center","Chillicothe",IL,61523,"Marshall",zip_nearest_county_centroid,0.78,0.0637,"ZCTA spans 2 counties; nearest county centroid is 18 km away, next is 27 km (margin 9 km) — OVERRODE the larger-by-land-area candidate"
"shore-acres-park-9193","Chillicothe",IL,61523,"Marshall",zip_nearest_county_centroid,0.6,0.0637,"ZCTA spans 2 counties; nearest county centroid is 19 km away, next is 27 km (margin 8 km) — OVERRODE the larger-by-land-area candidate"
"coal-valley-city-park","Coal Valley",IL,61240,"Rock Island",zip_nearest_county_centroid,0.78,0.5406,"ZCTA spans 2 counties; nearest county centroid is 10 km away, next is 29 km (margin 20 km)"
"coal-valley-municipal-park","Coal Valley",IL,61240,"Rock Island",zip_nearest_county_centroid,0.78,0.5406,"ZCTA spans 2 counties; nearest county centroid is 10 km away, next is 29 km (margin 20 km)"
"glidden-park","Collinsville",IL,62234,"Madison",zip_nearest_county_centroid,0.6,0.8325,"ZCTA spans 2 counties; nearest county centroid is 19 km away, next is 23 km (margin 4 km)"
"bolm-schuhkraft-memorial-park","Columbia",IL,62236,"Monroe",zip_nearest_county_centroid,0.6,0.8203,"ZCTA spans 2 counties; nearest county centroid is 19 km away, next is 25 km (margin 6 km)"
"metter-park","Columbia",IL,62236,"Monroe",zip_nearest_county_centroid,0.6,0.8203,"ZCTA spans 2 counties; nearest county centroid is 19 km away, next is 24 km (margin 5 km)"
"monroe-county-ymca-6364","Columbia",IL,62236,"Monroe",zip_nearest_county_centroid,0.6,0.8203,"ZCTA spans 2 counties; nearest county centroid is 18 km away, next is 24 km (margin 5 km)"
"lake-summerset","Davis",IL,61019,"Stephenson",zip_nearest_county_centroid,0.6,0.6199,"ZCTA spans 2 counties; nearest county centroid is 22 km away, next is 23 km (margin 1 km)"
"dixon-park-district","Dixon",IL,61021,"Lee",zip_nearest_county_centroid,0.6,0.896,"ZCTA spans 2 counties; nearest county centroid is 20 km away, next is 24 km (margin 4 km)"
"emma-hubbs-tennis-courts","Dixon",IL,61021,"Lee",zip_nearest_county_centroid,0.6,0.896,"ZCTA spans 2 counties; nearest county centroid is 20 km away, next is 26 km (margin 6 km)"
"meadows-pickleball-courts","Dixon",IL,61021,"Lee",zip_nearest_county_centroid,0.6,0.896,"ZCTA spans 2 counties; nearest county centroid is 20 km away, next is 24 km (margin 4 km)"
"timber-creek","Dixon",IL,61021,"Lee",zip_nearest_county_centroid,0.6,0.896,"ZCTA spans 2 counties; nearest county centroid is 21 km away, next is 24 km (margin 3 km)"
"du-quoin-keyes-park","Du Quoin",IL,62832,"Perry",zip_nearest_county_centroid,0.78,0.9476,"ZCTA spans 2 counties; nearest county centroid is 14 km away, next is 28 km (margin 14 km)"
"illinois-central-college-cougarplex","E Peoria",IL,61611,"Tazewell",zip_nearest_county_centroid,0.6,0.7063,"ZCTA spans 2 counties; nearest county centroid is 22 km away, next is 28 km (margin 6 km)"
"east-peoria-outdoor-courts","East Peoria",IL,61611,"Tazewell",zip_nearest_county_centroid,0.78,0.7063,"ZCTA spans 2 counties; nearest county centroid is 18 km away, next is 34 km (margin 15 km)"
"east-side-center","East Peoria",IL,61611,"Tazewell",zip_nearest_county_centroid,0.78,0.7063,"ZCTA spans 2 counties; nearest county centroid is 18 km away, next is 31 km (margin 13 km)"
"icc-cougarplex","East Peoria",IL,61635,"",none,0,,"ZIP has no ZCTA in the Census relationship file (often a PO-box or point ZIP)"
"knox-park","East",IL,,"",none,0,,"no postal_code"
"siue-edwardsville","Edwardsville",IL,62925,"",none,0,,"ZIP has no ZCTA in the Census relationship file (often a PO-box or point ZIP)"
"eldorado","Eldorado",IL,62930,"Saline",zip_nearest_county_centroid,0.6,0.9157,"ZCTA spans 3 counties; nearest county centroid is 12 km away, next is 19 km (margin 7 km)"
"wing-park-elgin-il","Elgin",IL,,"",none,0,,"no postal_code"
"elk-grove-park-district-audubon-park","Elk Grove Village",IL,60007,"DuPage",zip_nearest_county_centroid,0.78,0.0397,"ZCTA spans 2 counties; nearest county centroid is 19 km away, next is 31 km (margin 12 km) — OVERRODE the larger-by-land-area candidate"
"elk-grove-park-district-pavilion-fieldhouse","Elk Grove Village",IL,60007,"DuPage",zip_nearest_county_centroid,0.78,0.0397,"ZCTA spans 2 counties; nearest county centroid is 18 km away, next is 32 km (margin 15 km) — OVERRODE the larger-by-land-area candidate"
"crestview-park","Elmhurst",IL,60126,"DuPage",zip_nearest_county_centroid,0.78,0.9725,"ZCTA spans 2 counties; nearest county centroid is 14 km away, next is 24 km (margin 10 km)"
"elmhurst-ymca","Elmhurst",IL,60126,"DuPage",zip_nearest_county_centroid,0.78,0.9725,"ZCTA spans 2 counties; nearest county centroid is 13 km away, next is 24 km (margin 11 km)"
"elmwood-township-community-center","Elmwood",IL,61529,"Peoria",zip_nearest_county_centroid,0.78,0.9759,"ZCTA spans 2 counties; nearest county centroid is 17 km away, next is 27 km (margin 10 km)"
"park-forest-courts","Englewood",IL,34223,"Sarasota",zip_nearest_county_centroid,0,0.948,"derived county is in FL but the row says IL - ZIP or state is wrong"
"james-park-pickleball-courts-evanston","Evanston",IL,,"",none,0,,"no postal_code"
"bateman-park","Galesburg",IL,61401,"Knox",zip_nearest_county_centroid,0.78,0.7968,"ZCTA spans 2 counties; nearest county centroid is 13 km away, next is 24 km (margin 10 km)"
"hawthorne-gym","Galesburg",IL,61401,"Knox",zip_nearest_county_centroid,0.78,0.7968,"ZCTA spans 2 counties; nearest county centroid is 13 km away, next is 26 km (margin 13 km)"
"lakeside-rec-facility","Galesburg",IL,61401,"Knox",zip_nearest_county_centroid,0.78,0.7968,"ZCTA spans 2 counties; nearest county centroid is 13 km away, next is 24 km (margin 10 km)"
"glazebrook-park","Godfrey",IL,62035,"Jersey",zip_nearest_county_centroid,0.78,0.3037,"ZCTA spans 2 counties; nearest county centroid is 20 km away, next is 29 km (margin 8 km) — OVERRODE the larger-by-land-area candidate"
"goreville-village-park","Goreville",IL,62939,"Johnson",zip_nearest_county_centroid,0.6,0.8957,"ZCTA spans 3 counties; nearest county centroid is 13 km away, next is 20 km (margin 7 km)"
"hampshire","Hampshire",IL,60140,"Kane",zip_nearest_county_centroid,0.6,0.9457,"ZCTA spans 3 counties; nearest county centroid is 22 km away, next is 24 km (margin 2 km)"
"rice-park","Havana",IL,62644,"Mason",zip_nearest_county_centroid,0.6,0.6786,"ZCTA spans 2 counties; nearest county centroid is 15 km away, next is 22 km (margin 7 km)"
"club-pickle-and-padel","Highland Park",IL,,"",none,0,,"no postal_code"
"brook-park-courts","Hinsdale",IL,60521,"DuPage",zip_nearest_county_centroid,0.78,0.8276,"ZCTA spans 2 counties; nearest county centroid is 14 km away, next is 26 km (margin 12 km)"
"robbins-park","Hinsdale",IL,60521,"DuPage",zip_nearest_county_centroid,0.78,0.8276,"ZCTA spans 2 counties; nearest county centroid is 14 km away, next is 26 km (margin 12 km)"
"the-community-house","Hinsdale",IL,60521,"DuPage",zip_nearest_county_centroid,0.78,0.8276,"ZCTA spans 2 counties; nearest county centroid is 14 km away, next is 26 km (margin 12 km)"
"hf-racquet-fitness-club-homewood-il","Homewood",IL,,"",none,0,,"no postal_code"
"huntley-park-district-r-e-c-center","Huntley",IL,60142,"McHenry",zip_nearest_county_centroid,0.6,0.7247,"ZCTA spans 2 counties; nearest county centroid is 18 km away, next is 25 km (margin 7 km)"
"northwestern-medicine-health-bridge-fitness-center","Huntley",IL,60142,"McHenry",zip_nearest_county_centroid,0.78,0.7247,"ZCTA spans 2 counties; nearest county centroid is 17 km away, next is 26 km (margin 9 km)"
"sun-city-huntley","Huntley",IL,60142,"McHenry",zip_nearest_county_centroid,0.78,0.7247,"ZCTA spans 2 counties; nearest county centroid is 17 km away, next is 26 km (margin 9 km)"
"charles-e-brown-park","Illinois",IL,60010,"Cook",zip_nearest_county_centroid,0.6,0.5074,"ZCTA spans 4 counties; nearest county centroid is 208 km away, next is 208 km (margin 0 km)"
"northwest-park-il","Kewanee",IL,61443,"Henry",zip_nearest_county_centroid,0.6,0.9397,"ZCTA spans 3 counties; nearest county centroid is 20 km away, next is 21 km (margin 0 km)"
"the-picklr-kildeer","Kildeer",IL,,"",none,0,,"no postal_code"
"canlan-sportsplex-lake-barrington","Lake Barrington",IL,60010,"McHenry",zip_nearest_county_centroid,0.6,0.0944,"ZCTA spans 4 counties; nearest county centroid is 27 km away, next is 30 km (margin 3 km) — OVERRODE the larger-by-land-area candidate"
"lebanon-s-horner-park","Lebanon",IL,62254,"St. Clair",zip_nearest_county_centroid,0.6,0.983,"ZCTA spans 2 counties; nearest county centroid is 20 km away, next is 24 km (margin 4 km)"
"lemont-park-district","Lemont",IL,60439,"DuPage",zip_nearest_county_centroid,0.6,0.2405,"ZCTA spans 3 counties; nearest county centroid is 23 km away, next is 23 km (margin 1 km) — OVERRODE the larger-by-land-area candidate"
"the-core-fitness-and-aquatic-complex","Lemont",IL,60439,"DuPage",zip_nearest_county_centroid,0.6,0.2405,"ZCTA spans 3 counties; nearest county centroid is 21 km away, next is 25 km (margin 4 km) — OVERRODE the larger-by-land-area candidate"
"litchfield-community-center","Litchfield",IL,62056,"Montgomery",zip_nearest_county_centroid,0.78,0.7201,"ZCTA spans 2 counties; nearest county centroid is 16 km away, next is 25 km (margin 9 km)"
"litchfield-tennis-courts","Litchfield",IL,62056,"Montgomery",zip_nearest_county_centroid,0.78,0.7201,"ZCTA spans 2 counties; nearest county centroid is 16 km away, next is 25 km (margin 9 km)"
"louisville-indoor-racquet-club-6033","Louisville",IL,40242,"Jefferson",zip_single_county,0,1,"derived county is in KY but the row says IL - ZIP or state is wrong"
"darryl-f-lindberg-park","Loves Park",IL,61111,"Winnebago",zip_nearest_county_centroid,0.78,0.9567,"ZCTA spans 2 counties; nearest county centroid is 10 km away, next is 19 km (margin 9 km)"
"darryl-f-lindberg-park-loves-park-playground","Loves Park",IL,61111,"Winnebago",zip_nearest_county_centroid,0.78,0.9567,"ZCTA spans 2 counties; nearest county centroid is 9 km away, next is 19 km (margin 11 km)"
"netlynx-sports-warehouse","Loves Park",IL,61111,"Winnebago",zip_nearest_county_centroid,0.6,0.9567,"ZCTA spans 2 counties; nearest county centroid is 10 km away, next is 17 km (margin 7 km)"
"victory-loves-park","Loves Park",IL,61111,"Winnebago",zip_nearest_county_centroid,0.6,0.9567,"ZCTA spans 2 counties; nearest county centroid is 11 km away, next is 17 km (margin 6 km)"
"ymca-of-rock-river-valley","Loves Park",IL,61111,"Boone",zip_nearest_county_centroid,0.6,0.0433,"ZCTA spans 2 counties; nearest county centroid is 11 km away, next is 17 km (margin 7 km) — OVERRODE the larger-by-land-area candidate"
"middletown-park","Mahomet",IL,61853,"Champaign",zip_nearest_county_centroid,0.6,0.9197,"ZCTA spans 2 counties; nearest county centroid is 19 km away, next is 26 km (margin 7 km)"
"thies-park","Manteno",IL,60950,"Kankakee",zip_nearest_county_centroid,0.78,0.9361,"ZCTA spans 2 counties; nearest county centroid is 13 km away, next is 24 km (margin 12 km)"
"ballers-performance-club","Maroa",IL,61756,"De Witt",zip_nearest_county_centroid,0.6,0.2974,"ZCTA spans 2 counties; nearest county centroid is 16 km away, next is 21 km (margin 5 km) — OVERRODE the larger-by-land-area candidate"
"maroa-spencer-park","Maroa",IL,61756,"De Witt",zip_nearest_county_centroid,0.6,0.2974,"ZCTA spans 2 counties; nearest county centroid is 17 km away, next is 19 km (margin 2 km) — OVERRODE the larger-by-land-area candidate"
"ymca-1705","Mattoon",IL,61938,"Coles",zip_nearest_county_centroid,0.78,0.9869,"ZCTA spans 3 counties; nearest county centroid is 14 km away, next is 26 km (margin 12 km)"
"mendota-lake","Mendota",IL,61342,"Lee",zip_nearest_county_centroid,0.6,0.0501,"ZCTA spans 3 counties; nearest county centroid is 25 km away, next is 31 km (margin 6 km) — OVERRODE the larger-by-land-area candidate"
"fox-ridge-park","Mokena",IL,,"",none,0,,"no postal_code"
"warren-county-ymca","Monmouth",IL,61462,"Warren",zip_nearest_county_centroid,0.78,0.9608,"ZCTA spans 2 counties; nearest county centroid is 7 km away, next is 27 km (margin 20 km)"
"west-side-park","Morris",IL,60450,"Grundy",zip_nearest_county_centroid,0.78,0.978,"ZCTA spans 2 counties; nearest county centroid is 9 km away, next is 25 km (margin 15 km)"
"north-park-moweaqua","Moweaqua",IL,62550,"Christian",zip_nearest_county_centroid,0.6,0.3381,"ZCTA spans 3 counties; nearest county centroid is 25 km away, next is 26 km (margin 1 km) — OVERRODE the larger-by-land-area candidate"
"the-first-baptist-church-moweaqua","Moweaqua",IL,62550,"Christian",zip_nearest_county_centroid,0.6,0.3381,"ZCTA spans 3 counties; nearest county centroid is 24 km away, next is 27 km (margin 3 km) — OVERRODE the larger-by-land-area candidate"
"naperville-park-district-dupage-river-sports-com","Naperville",IL,60565,"DuPage",zip_nearest_county_centroid,0.78,0.6315,"ZCTA spans 2 counties; nearest county centroid is 16 km away, next is 32 km (margin 16 km)"
"paddle-tap-naperville-f50029","Naperville",IL,,"",none,0,,"no postal_code"
"wolf-s-crossing-community-park","Naperville",IL,60564,"DuPage",zip_nearest_county_centroid,0.78,0.2475,"ZCTA spans 2 counties; nearest county centroid is 20 km away, next is 35 km (margin 15 km) — OVERRODE the larger-by-land-area candidate"
"okaw-valley-park","New Athens",IL,62264,"St. Clair",zip_nearest_county_centroid,0.78,0.9445,"ZCTA spans 2 counties; nearest county centroid is 17 km away, next is 27 km (margin 10 km)"
"kingsway-kourt-niles","Niles",IL,,"",none,0,,"no postal_code"
"hilton-chicago-oak-brook-hills-resort","Oak Brook",IL,60523,"DuPage",zip_nearest_county_centroid,0.78,0.9984,"ZCTA spans 2 counties; nearest county centroid is 10 km away, next is 28 km (margin 18 km)"
"life-time-oakbrook","Oak Brook",IL,60523,"DuPage",zip_nearest_county_centroid,0.78,0.9984,"ZCTA spans 2 counties; nearest county centroid is 11 km away, next is 26 km (margin 15 km)"
"oak-brook-park-district-family-recreation-center","Oak Brook",IL,60523,"DuPage",zip_nearest_county_centroid,0.78,0.9984,"ZCTA spans 2 counties; nearest county centroid is 11 km away, next is 26 km (margin 15 km)"
"orland-hills-community-center","Orland Hills",IL,60487,"Will",zip_nearest_county_centroid,0.78,0.41,"ZCTA spans 2 counties; nearest county centroid is 19 km away, next is 38 km (margin 18 km) — OVERRODE the larger-by-land-area candidate"
"cachey-park","Orland Park",IL,60467,"Will",zip_nearest_county_centroid,0.78,0.0604,"ZCTA spans 2 counties; nearest county centroid is 22 km away, next is 35 km (margin 13 km) — OVERRODE the larger-by-land-area candidate"
"doogan-park","Orland Park",IL,60467,"Will",zip_nearest_county_centroid,0.78,0.0604,"ZCTA spans 2 counties; nearest county centroid is 21 km away, next is 35 km (margin 14 km) — OVERRODE the larger-by-land-area candidate"
"life-time-orland-park","Orland Park",IL,60467,"Will",zip_nearest_county_centroid,0.78,0.0604,"ZCTA spans 2 counties; nearest county centroid is 19 km away, next is 38 km (margin 18 km) — OVERRODE the larger-by-land-area candidate"
"civic-center-park","Oswego",IL,60543,"Kendall",zip_nearest_county_centroid,0.78,0.9923,"ZCTA spans 3 counties; nearest county centroid is 12 km away, next is 29 km (margin 17 km)"
"pecatonica-park-district","Pecatonica",IL,61063,"Winnebago",zip_nearest_county_centroid,0.78,0.8365,"ZCTA spans 2 counties; nearest county centroid is 17 km away, next is 25 km (margin 9 km)"
"summer-park-district","Pecatonica",IL,61063,"Winnebago",zip_nearest_county_centroid,0.78,0.8365,"ZCTA spans 2 counties; nearest county centroid is 17 km away, next is 25 km (margin 9 km)"
"ivymca","Peru",IL,61354,"LaSalle",zip_nearest_county_centroid,0.78,0.9192,"ZCTA spans 2 counties; nearest county centroid is 20 km away, next is 34 km (margin 14 km)"
"washington-park-6579","Peru",IL,61354,"LaSalle",zip_nearest_county_centroid,0.78,0.9192,"ZCTA spans 2 counties; nearest county centroid is 20 km away, next is 34 km (margin 14 km)"
"washington-park-west-courts","Peru",IL,61354,"LaSalle",zip_nearest_county_centroid,0.78,0.9192,"ZCTA spans 2 counties; nearest county centroid is 20 km away, next is 35 km (margin 15 km)"
"community-sportsplex","Plainfield",IL,60544,"Kendall",zip_nearest_county_centroid,0.6,0.2592,"ZCTA spans 2 counties; nearest county centroid is 19 km away, next is 26 km (margin 7 km) — OVERRODE the larger-by-land-area candidate"
"eich-s-sports-complex","Plainfield",IL,60544,"Kendall",zip_nearest_county_centroid,0.6,0.2592,"ZCTA spans 2 counties; nearest county centroid is 19 km away, next is 26 km (margin 7 km) — OVERRODE the larger-by-land-area candidate"
"lincoln-park-10232","Red Bud",IL,62278,"Monroe",zip_nearest_county_centroid,0.6,0.5404,"ZCTA spans 2 counties; nearest county centroid is 18 km away, next is 23 km (margin 5 km)"
"lincoln-park-il","Red Bud",IL,62278,"Monroe",zip_nearest_county_centroid,0.6,0.5404,"ZCTA spans 2 counties; nearest county centroid is 17 km away, next is 23 km (margin 6 km)"
"helms-tennis-complex","Rochelle",IL,61068,"Ogle",zip_nearest_county_centroid,0.6,0.8878,"ZCTA spans 3 counties; nearest county centroid is 25 km away, next is 25 km (margin 0 km)"
"the-rec-helms-athletic-complex-tennis-courts","Rochelle",IL,61068,"Ogle",zip_nearest_county_centroid,0.6,0.8878,"ZCTA spans 3 counties; nearest county centroid is 25 km away, next is 25 km (margin 0 km)"
"centennial-park-il","Rock Falls",IL,61071,"Whiteside",zip_nearest_county_centroid,0.78,0.8904,"ZCTA spans 2 counties; nearest county centroid is 18 km away, next is 33 km (margin 14 km)"
"rock-island-arsenal-fitness-center","Rock Island",IL,61288,"",none,0,,"ZIP has no ZCTA in the Census relationship file (often a PO-box or point ZIP)"
"sinnissippi-park-1751","Rockford",IL,61107,"Winnebago",zip_nearest_county_centroid,0.78,0.943,"ZCTA spans 2 counties; nearest county centroid is 9 km away, next is 23 km (margin 14 km)"
"sinnissippi-park","Rockford",IL,61107,"Winnebago",zip_nearest_county_centroid,0.78,0.943,"ZCTA spans 2 counties; nearest county centroid is 10 km away, next is 21 km (margin 11 km)"
"victory-park-upper-park","Rockford",IL,61109,"Winnebago",zip_nearest_county_centroid,0.6,0.9671,"ZCTA spans 2 counties; nearest county centroid is 20 km away, next is 26 km (margin 6 km)"
"st-charles-park-district-langum-park","Saint Charles",IL,,"",none,0,,"no postal_code"
"st-charles-park-district-pottawatomie-comm-ctr","Saint Charles",IL,60174,"Kane",zip_nearest_county_centroid,0.78,0.9868,"ZCTA spans 2 counties; nearest county centroid is 9 km away, next is 22 km (margin 13 km)"
"old-mill-park","Savanna",IL,61074,"Carroll",zip_nearest_county_centroid,0.78,0.981,"ZCTA spans 2 counties; nearest county centroid is 19 km away, next is 30 km (margin 11 km)"
"the-answer-fitness-center","Savanna",IL,61074,"Carroll",zip_nearest_county_centroid,0.78,0.981,"ZCTA spans 2 counties; nearest county centroid is 19 km away, next is 30 km (margin 11 km)"
"oak-paddle-pickleball-club-1788128972010","Schaumburg",IL,,"",none,0,,"no postal_code"
"paddle-tap-schaumburg-f50028","Schaumburg",IL,,"",none,0,,"no postal_code"
"cornerstone-community-wellness","Sheffield",IL,61361,"Bureau",zip_nearest_county_centroid,0.78,0.9041,"ZCTA spans 2 counties; nearest county centroid is 18 km away, next is 33 km (margin 16 km)"
"school-park-baseball-park","Sheffield",IL,61216,"",none,0,,"ZIP has no ZCTA in the Census relationship file (often a PO-box or point ZIP)"
"veteran-s-park","Sheffield",IL,61361,"Bureau",zip_nearest_county_centroid,0.78,0.9041,"ZCTA spans 2 counties; nearest county centroid is 18 km away, next is 33 km (margin 15 km)"
"fyre-lake-sherrard","Sherrard",IL,61281,"Rock Island",zip_nearest_county_centroid,0.6,0.1706,"ZCTA spans 2 counties; nearest county centroid is 18 km away, next is 23 km (margin 6 km) — OVERRODE the larger-by-land-area candidate"
"south-beloit-municipal-park","South Beloit",IL,61080,"Winnebago",zip_nearest_county_centroid,0.6,0.7117,"ZCTA spans 2 counties; nearest county centroid is 20 km away, next is 26 km (margin 6 km)"
"panton-mill-park-pickleball-courts","South Elgin",IL,,"",none,0,,"no postal_code"
"thomas-park","Sterling",IL,61081,"Whiteside",zip_nearest_county_centroid,0.78,0.9472,"ZCTA spans 2 counties; nearest county centroid is 20 km away, next is 32 km (margin 12 km)"
"westwood-fitness-sports","Sterling",IL,61081,"Whiteside",zip_nearest_county_centroid,0.78,0.9472,"ZCTA spans 2 counties; nearest county centroid is 18 km away, next is 33 km (margin 15 km)"
"westwood-sports-complex-fall-to-spring","Sterling",IL,61270,"Whiteside",zip_nearest_county_centroid,0.78,0.99,"ZCTA spans 2 counties; nearest county centroid is 18 km away, next is 37 km (margin 18 km)"
"streator-ymca","Streator",IL,61364,"LaSalle",zip_nearest_county_centroid,0.78,0.7828,"ZCTA spans 2 counties; nearest county centroid is 25 km away, next is 35 km (margin 10 km)"
"kishwaukee-family-ymca","Sycamore",IL,60178,"DeKalb",zip_nearest_county_centroid,0.78,0.9326,"ZCTA spans 2 counties; nearest county centroid is 9 km away, next is 25 km (margin 16 km)"
"sycamore-park-district-community-center","Sycamore",IL,60178,"DeKalb",zip_nearest_county_centroid,0.78,0.9326,"ZCTA spans 2 counties; nearest county centroid is 12 km away, next is 22 km (margin 10 km)"
"west-elementary-school","Sycamore",IL,60178,"DeKalb",zip_nearest_county_centroid,0.78,0.9326,"ZCTA spans 2 counties; nearest county centroid is 12 km away, next is 23 km (margin 11 km)"
"tri-township-park","Troy",IL,62294,"Madison",zip_nearest_county_centroid,0.78,0.9721,"ZCTA spans 2 counties; nearest county centroid is 11 km away, next is 29 km (margin 18 km)"
"troy-tri-township-indoor-pickleball","Troy",IL,62294,"Madison",zip_nearest_county_centroid,0.78,0.9721,"ZCTA spans 2 counties; nearest county centroid is 10 km away, next is 29 km (margin 19 km)"
"chatham-community-park-10475","Unknown",IL,,"",none,0,,"no postal_code"
"grant-memorial-park","Washburn",IL,61570,"Marshall",zip_nearest_county_centroid,0.6,0.4414,"ZCTA spans 2 counties; nearest county centroid is 13 km away, next is 16 km (margin 3 km) — OVERRODE the larger-by-land-area candidate"
"camp-wartburg","Waterloo",IL,62298,"Monroe",zip_nearest_county_centroid,0.78,0.9088,"ZCTA spans 2 counties; nearest county centroid is 7 km away, next is 24 km (margin 17 km)"
"west-chicago-park-district","West Chicago",IL,60185,"DuPage",zip_nearest_county_centroid,0.78,0.9636,"ZCTA spans 2 counties; nearest county centroid is 10 km away, next is 20 km (margin 9 km)"
"bob-burton-memorial-tennis-courts","West Frankfort",IL,62896,"Franklin",zip_nearest_county_centroid,0.78,0.9092,"ZCTA spans 2 counties; nearest county centroid is 10 km away, next is 19 km (margin 8 km)"
"west-frankfort-community-park","West Frankfort",IL,62896,"Franklin",zip_nearest_county_centroid,0.78,0.9092,"ZCTA spans 2 counties; nearest county centroid is 10 km away, next is 19 km (margin 9 km)"
"samuel-jones-park","Williamsville",IL,62693,"Menard",zip_nearest_county_centroid,0.6,0.0292,"ZCTA spans 3 counties; nearest county centroid is 22 km away, next is 24 km (margin 2 km) — OVERRODE the larger-by-land-area candidate"
"bethany-christian-church","Anderson",IN,46012,"Madison",zip_nearest_county_centroid,0.78,0.8931,"ZCTA spans 2 counties; nearest county centroid is 8 km away, next is 22 km (margin 14 km)"
"liberty-park-1787","Batesville",IN,47006,"Franklin",zip_nearest_county_centroid,0.6,0.4539,"ZCTA spans 3 counties; nearest county centroid is 18 km away, next is 22 km (margin 4 km) — OVERRODE the larger-by-land-area candidate"
"se-indiana-ymca","Batesville",IN,47006,"Franklin",zip_nearest_county_centroid,0.6,0.4539,"ZCTA spans 3 counties; nearest county centroid is 18 km away, next is 22 km (margin 4 km) — OVERRODE the larger-by-land-area candidate"
"caylor-nickel-foundation-family-ymca","Bluffton",IN,46714,"Wells",zip_nearest_county_centroid,0.78,0.9212,"ZCTA spans 2 counties; nearest county centroid is 4 km away, next is 20 km (margin 16 km)"
"lions-park-10442","Bluffton",IN,46714,"Wells",zip_nearest_county_centroid,0.78,0.9212,"ZCTA spans 2 counties; nearest county centroid is 4 km away, next is 20 km (margin 16 km)"
"washington-park-10443","Bluffton",IN,46714,"Wells",zip_nearest_county_centroid,0.78,0.9212,"ZCTA spans 2 counties; nearest county centroid is 4 km away, next is 20 km (margin 16 km)"
"clay-county-ymca","Brazil",IN,47834,"Clay",zip_nearest_county_centroid,0.78,0.7876,"ZCTA spans 3 counties; nearest county centroid is 14 km away, next is 25 km (margin 11 km)"
"sunnyside-park-8128","Bremen",IN,46506,"Marshall",zip_nearest_county_centroid,0.6,0.6154,"ZCTA spans 3 counties; nearest county centroid is 17 km away, next is 22 km (margin 5 km)"
"brownsburg-high-school","Brownsburg",IN,46112,"Hendricks",zip_nearest_county_centroid,0.78,0.9664,"ZCTA spans 2 counties; nearest county centroid is 13 km away, next is 24 km (margin 11 km)"
"brownsburg-arbuckle-acres-park","Brownsburg",IN,46112,"Hendricks",zip_nearest_county_centroid,0.78,0.9664,"ZCTA spans 2 counties; nearest county centroid is 13 km away, next is 24 km (margin 11 km)"
"stephens-park","Brownsburg",IN,46112,"Hendricks",zip_nearest_county_centroid,0.78,0.9664,"ZCTA spans 2 counties; nearest county centroid is 13 km away, next is 24 km (margin 11 km)"
"tipton-lakes-athletic-club","Columbus",IN,47201,"Bartholomew",zip_nearest_county_centroid,0.78,0.845,"ZCTA spans 2 counties; nearest county centroid is 6 km away, next is 22 km (margin 16 km)"
"roberts-park-1801","Connersville",IN,47331,"Fayette",zip_nearest_county_centroid,0.78,0.9449,"ZCTA spans 4 counties; nearest county centroid is 4 km away, next is 19 km (margin 15 km)"
"pickletime","Crown Point",IN,46307,"Lake",zip_nearest_county_centroid,0.78,0.9728,"ZCTA spans 2 counties; nearest county centroid is 7 km away, next is 24 km (margin 17 km)"
"southlake-family-ymca","Crown Point",IN,46307,"Lake",zip_nearest_county_centroid,0.78,0.9728,"ZCTA spans 2 counties; nearest county centroid is 9 km away, next is 28 km (margin 19 km)"
"lions-park-cumberland","Cumberland",IN,46229,"Marion",zip_nearest_county_centroid,0.6,0.8967,"ZCTA spans 2 counties; nearest county centroid is 15 km away, next is 17 km (margin 1 km)"
"dale-community-center","Dale",IN,47523,"Spencer",zip_nearest_county_centroid,0.6,0.4361,"ZCTA spans 3 counties; nearest county centroid is 18 km away, next is 25 km (margin 7 km) — OVERRODE the larger-by-land-area candidate"
"daleville-junior-senior-high-school","Daleville",IN,47334,"Delaware",zip_nearest_county_centroid,0.6,0.9662,"ZCTA spans 2 counties; nearest county centroid is 18 km away, next is 25 km (margin 7 km)"
"ellenberger-park-9371","East St Clair Street",IN,,"",none,0,,"no postal_code"
"elwood-family-ymca","Elwood",IN,46036,"Madison",zip_nearest_county_centroid,0.6,0.7301,"ZCTA spans 3 counties; nearest county centroid is 16 km away, next is 19 km (margin 3 km)"
"scott-park-7702","Evansville",IN,47725,"Vanderburgh",zip_nearest_county_centroid,0.78,0.9775,"ZCTA spans 3 counties; nearest county centroid is 8 km away, next is 25 km (margin 17 km)"
"carroll-hs","Fort Wayne",IN,46818,"Allen",zip_nearest_county_centroid,0.78,0.9809,"ZCTA spans 2 counties; nearest county centroid is 15 km away, next is 26 km (margin 12 km)"
"homestead-high-school","Fort Wayne",IN,46814,"Allen",zip_nearest_county_centroid,0.6,0.88,"ZCTA spans 2 counties; nearest county centroid is 19 km away, next is 21 km (margin 2 km)"
"indian-trails-park","Fort Wayne",IN,46801,"",none,0,,"ZIP has no ZCTA in the Census relationship file (often a PO-box or point ZIP)"
"lifehouse-church","Fort Wayne",IN,46748,"Allen",zip_nearest_county_centroid,0.6,0.9274,"ZCTA spans 3 counties; nearest county centroid is 18 km away, next is 23 km (margin 5 km)"
"northwood-middle-school","Fort Wayne",IN,46801,"",none,0,,"ZIP has no ZCTA in the Census relationship file (often a PO-box or point ZIP)"
"purdue-university-fort-wayne","Fort Wayne",IN,46801,"",none,0,,"ZIP has no ZCTA in the Census relationship file (often a PO-box or point ZIP)"
"mt-vernon-high-school","Fortville",IN,46040,"Hancock",zip_nearest_county_centroid,0.6,0.6212,"ZCTA spans 3 counties; nearest county centroid is 14 km away, next is 20 km (margin 6 km)"
"franklin-boys-and-girls-club","Franklin",IN,46131,"Johnson",zip_nearest_county_centroid,0.78,0.931,"ZCTA spans 2 counties; nearest county centroid is 4 km away, next is 22 km (margin 18 km)"
"youngs-creek-park","Franklin",IN,46131,"Johnson",zip_nearest_county_centroid,0.78,0.931,"ZCTA spans 2 counties; nearest county centroid is 4 km away, next is 23 km (margin 20 km)"
"harris-township-park-at-elm-road","Granger",IN,46530,"St. Joseph",zip_nearest_county_centroid,0.6,0.8875,"ZCTA spans 2 counties; nearest county centroid is 20 km away, next is 25 km (margin 5 km)"
"memorial-building-greenfield","Greenfield",IN,46240,"Marion",zip_nearest_county_centroid,0.6,0.9775,"ZCTA spans 2 counties; nearest county centroid is 31 km away, next is 37 km (margin 5 km)"
"hobart-family-ymca","Hobart",IN,46342,"Lake",zip_nearest_county_centroid,0.6,0.7185,"ZCTA spans 2 counties; nearest county centroid is 12 km away, next is 15 km (margin 4 km)"
"maria-reiner-center-senior-activity-center","Hobart",IN,46342,"Lake",zip_nearest_county_centroid,0.6,0.7185,"ZCTA spans 2 counties; nearest county centroid is 12 km away, next is 15 km (margin 4 km)"
"pennsy-park","Hobart",IN,46342,"Lake",zip_nearest_county_centroid,0.6,0.7185,"ZCTA spans 2 counties; nearest county centroid is 12 km away, next is 15 km (margin 4 km)"
"3rd-shot-pickleball-indianapolis","Indianapolis",IN,46268,"Marion",zip_nearest_county_centroid,0.6,0.9768,"ZCTA spans 3 counties; nearest county centroid is 18 km away, next is 23 km (margin 5 km)"
"first-baptist-church-fba-gym-nora","Indianapolis",IN,46240,"Marion",zip_nearest_county_centroid,0.6,0.9775,"ZCTA spans 2 counties; nearest county centroid is 14 km away, next is 19 km (margin 4 km)"
"go-west-sports","Indianapolis",IN,46234,"Hendricks",zip_nearest_county_centroid,0.6,0.5009,"ZCTA spans 2 counties; nearest county centroid is 16 km away, next is 16 km (margin 0 km)"
"indianapolis-pickleball-club-indianapolis","Indianapolis",IN,,"",none,0,,"no postal_code"
"jcc-indianapolis","Indianapolis",IN,46260,"Marion",zip_nearest_county_centroid,0.78,0.9896,"ZCTA spans 2 counties; nearest county centroid is 11 km away, next is 23 km (margin 12 km)"
"jordan-ymca","Indianapolis",IN,46240,"Marion",zip_nearest_county_centroid,0.6,0.9775,"ZCTA spans 2 counties; nearest county centroid is 14 km away, next is 19 km (margin 5 km)"
"lee-road-park","Indianapolis",IN,46236,"Marion",zip_nearest_county_centroid,0.6,0.9982,"ZCTA spans 3 counties; nearest county centroid is 15 km away, next is 20 km (margin 5 km)"
"life-time-castle-creek","Indianapolis",IN,46250,"Marion",zip_nearest_county_centroid,0.6,0.9943,"ZCTA spans 2 counties; nearest county centroid is 16 km away, next is 16 km (margin 0 km)"
"lifetime-fitness","Indianapolis",IN,46250,"Marion",zip_nearest_county_centroid,0.6,0.9943,"ZCTA spans 2 counties; nearest county centroid is 16 km away, next is 16 km (margin 0 km)"
"mystic-bay","Indianapolis",IN,46240,"Marion",zip_nearest_county_centroid,0.6,0.9775,"ZCTA spans 2 counties; nearest county centroid is 13 km away, next is 20 km (margin 7 km)"
"nantucket-bay","Indianapolis",IN,46240,"Marion",zip_nearest_county_centroid,0.6,0.9775,"ZCTA spans 2 counties; nearest county centroid is 16 km away, next is 16 km (margin 0 km)"
"overlook","Indianapolis",IN,46260,"Marion",zip_nearest_county_centroid,0.6,0.9896,"ZCTA spans 2 counties; nearest county centroid is 15 km away, next is 21 km (margin 6 km)"
"sahm-park","Indianapolis",IN,46250,"Hamilton",zip_nearest_county_centroid,0.6,0.0057,"ZCTA spans 2 counties; nearest county centroid is 16 km away, next is 16 km (margin 1 km) — OVERRODE the larger-by-land-area candidate"
"sportzone-indy","Indianapolis",IN,46268,"Marion",zip_nearest_county_centroid,0.78,0.9768,"ZCTA spans 3 counties; nearest county centroid is 14 km away, next is 27 km (margin 13 km)"
"st-luke-s-methodist-church","Indianapolis",IN,46260,"Marion",zip_nearest_county_centroid,0.6,0.9896,"ZCTA spans 2 counties; nearest county centroid is 15 km away, next is 20 km (margin 5 km)"
"the-lodge","Indianapolis",IN,46240,"Marion",zip_nearest_county_centroid,0.6,0.9775,"ZCTA spans 2 counties; nearest county centroid is 16 km away, next is 17 km (margin 2 km)"
"the-picklr-keystone-crossing-in","Indianapolis",IN,46240,"Marion",zip_nearest_county_centroid,0.6,0.9775,"ZCTA spans 2 counties; nearest county centroid is 14 km away, next is 17 km (margin 3 km)"
"the-picklr-north-mass-in","Indianapolis",IN,,"",none,0,,"no postal_code"
"the-retreat-northwest","Indianapolis",IN,46260,"Marion",zip_nearest_county_centroid,0.6,0.9896,"ZCTA spans 2 counties; nearest county centroid is 16 km away, next is 20 km (margin 3 km)"
"highland-park-1839","Kokomo",IN,46902,"Howard",zip_nearest_county_centroid,0.78,0.9763,"ZCTA spans 2 counties; nearest county centroid is 2 km away, next is 21 km (margin 19 km)"
"la-porte-ymca","La Porte",IN,,"",none,0,,"no postal_code"
"lee-road-park-12035","Lawrence",IN,,"",none,0,,"no postal_code"
"del-webb-at-geist","McCordsville",IN,46055,"Hancock",zip_nearest_county_centroid,0.6,0.9508,"ZCTA spans 2 counties; nearest county centroid is 15 km away, next is 20 km (margin 5 km)"
"michigan-city-ymca","Michigan City",IN,46360,"LaPorte",zip_nearest_county_centroid,0.6,0.8417,"ZCTA spans 2 counties; nearest county centroid is 22 km away, next is 26 km (margin 5 km)"
"h2-pickleball","Mishawaka",IN,,"",none,0,,"no postal_code"
"penn-high-school","Mishawaka",IN,,"",none,0,,"no postal_code"
"sculptures-sports-fitness-center","Monticello",IN,47960,"White",zip_nearest_county_centroid,0.78,0.8445,"ZCTA spans 3 counties; nearest county centroid is 9 km away, next is 24 km (margin 16 km)"
"sam-peden-community-park","New Albany",IN,47150,"Floyd",zip_nearest_county_centroid,0.78,0.9955,"ZCTA spans 2 counties; nearest county centroid is 8 km away, next is 23 km (margin 15 km)"
"southern-indiana-sports-center","New Albany",IN,47150,"Floyd",zip_nearest_county_centroid,0.78,0.9955,"ZCTA spans 2 counties; nearest county centroid is 8 km away, next is 23 km (margin 15 km)"
"sugar-creek-park-in","New Palestine",IN,46163,"Hancock",zip_nearest_county_centroid,0.6,0.8597,"ZCTA spans 3 counties; nearest county centroid is 15 km away, next is 22 km (margin 7 km)"
"finch-creek-park-pickleball-courts","Noblesville",IN,46060,"Hamilton",zip_nearest_county_centroid,0.78,0.9827,"ZCTA spans 2 counties; nearest county centroid is 8 km away, next is 24 km (margin 16 km)"
"north-judson","North Judson",IN,46366,"Starke",zip_nearest_county_centroid,0.6,0.8507,"ZCTA spans 2 counties; nearest county centroid is 13 km away, next is 20 km (margin 7 km)"
"buffalo-trace-park","Palmyra",IN,47164,"Floyd",zip_nearest_county_centroid,0.6,0.0158,"ZCTA spans 3 counties; nearest county centroid is 20 km away, next is 21 km (margin 1 km) — OVERRODE the larger-by-land-area candidate"
"community-sports-and-wellness-center-pendleton","Pendleton",IN,46064,"Madison",zip_nearest_county_centroid,0.6,0.8863,"ZCTA spans 2 counties; nearest county centroid is 18 km away, next is 20 km (margin 2 km)"
"lifeplex","Plymouth",IN,46563,"Marshall",zip_nearest_county_centroid,0.78,0.9863,"ZCTA spans 3 counties; nearest county centroid is 7 km away, next is 26 km (margin 19 km)"
"brookside-park-6526","Rensselaer",IN,47978,"Jasper",zip_nearest_county_centroid,0.78,0.9655,"ZCTA spans 3 counties; nearest county centroid is 9 km away, next is 21 km (margin 12 km)"
"clear-creek-park-8023","Richmond",IN,47374,"Wayne",zip_nearest_county_centroid,0.78,0.9885,"ZCTA spans 2 counties; nearest county centroid is 8 km away, next is 23 km (margin 14 km)"
"richmond-senior-community-center","Richmond",IN,47374,"Wayne",zip_nearest_county_centroid,0.78,0.9885,"ZCTA spans 2 counties; nearest county centroid is 11 km away, next is 21 km (margin 10 km)"
"washingtown-county-family-ymca-salem-in","Salem",IN,,"",none,0,,"no postal_code"
"southern-indiana-tennis-center","Sellersburg",IN,47172,"Clark",zip_nearest_county_centroid,0.6,0.8778,"ZCTA spans 2 counties; nearest county centroid is 10 km away, next is 16 km (margin 7 km)"
"st-meinrad-community-center","St. Meinrad",IN,47577,"Perry",zip_nearest_county_centroid,0.6,0.4161,"ZCTA spans 2 counties; nearest county centroid is 19 km away, next is 25 km (margin 6 km) — OVERRODE the larger-by-land-area candidate"
"syracuse-community-center","Syracuse",IN,46567,"Elkhart",zip_nearest_county_centroid,0.6,0.3876,"ZCTA spans 2 counties; nearest county centroid is 21 km away, next is 22 km (margin 1 km) — OVERRODE the larger-by-land-area candidate"
"valplayso-pickleplex-valparaiso-in","Valparaiso",IN,,"",none,0,,"no postal_code"
"city-of-wabash-pickleball-courts-wabash","Wabash",IN,,"",none,0,,"no postal_code"
"old-foundry","Walkerton",IN,46574,"St. Joseph",zip_nearest_county_centroid,0.6,0.2966,"ZCTA spans 4 counties; nearest county centroid is 23 km away, next is 24 km (margin 0 km) — OVERRODE the larger-by-land-area candidate"
"sw-pickleball-country-club","Warren",IN,46792,"Huntington",zip_nearest_county_centroid,0.78,0.7619,"ZCTA spans 2 counties; nearest county centroid is 167 km away, next is 186 km (margin 19 km)"
"the-picklr-westfield","Westfield",IN,,"",none,0,,"no postal_code"
"heartland-church","Winamac",IN,46996,"Pulaski",zip_nearest_county_centroid,0.78,0.9925,"ZCTA spans 3 counties; nearest county centroid is 8 km away, next is 26 km (margin 19 km)"
"winamac-pickleball-courts","Winamac",IN,46996,"Pulaski",zip_nearest_county_centroid,0.78,0.9925,"ZCTA spans 3 counties; nearest county centroid is 8 km away, next is 26 km (margin 19 km)"
"winamac-town-park","Winamac",IN,46996,"Pulaski",zip_nearest_county_centroid,0.78,0.9925,"ZCTA spans 3 counties; nearest county centroid is 8 km away, next is 26 km (margin 19 km)"
"heritage-trail-park-zionsville","Zionsville",IN,46077,"Boone",zip_nearest_county_centroid,0.6,0.9217,"ZCTA spans 3 counties; nearest county centroid is 21 km away, next is 22 km (margin 1 km)"
"lions-park-10907","Zionsville",IN,46077,"Boone",zip_nearest_county_centroid,0.6,0.9217,"ZCTA spans 3 counties; nearest county centroid is 21 km away, next is 21 km (margin 1 km)"
"mulberry-fields-park","Zionsville",IN,46077,"Boone",zip_nearest_county_centroid,0.6,0.9217,"ZCTA spans 3 counties; nearest county centroid is 18 km away, next is 24 km (margin 6 km)"
"pearson-automotive-tennis-center-zionsville","Zionsville",IN,46077,"Boone",zip_nearest_county_centroid,0.6,0.9217,"ZCTA spans 3 counties; nearest county centroid is 21 km away, next is 22 km (margin 1 km)"
"the-willows-zionsville","Zionsville",IN,46077,"Boone",zip_nearest_county_centroid,0.6,0.9217,"ZCTA spans 3 counties; nearest county centroid is 19 km away, next is 21 km (margin 2 km)"
"zionsville-middle-school-tennis-courts","Zionsville",IN,46077,"Boone",zip_nearest_county_centroid,0.6,0.9217,"ZCTA spans 3 counties; nearest county centroid is 19 km away, next is 23 km (margin 5 km)"
"alta-vista-city-park","Alta Vista",KS,66834,"Morris",zip_nearest_county_centroid,0.6,0.2012,"ZCTA spans 3 counties; nearest county centroid is 24 km away, next is 27 km (margin 3 km) — OVERRODE the larger-by-land-area candidate"
"bonner-springs-community-center","Bonner Springs",KS,66012,"Wyandotte",zip_nearest_county_centroid,0.6,0.4423,"ZCTA spans 2 counties; nearest county centroid is 12 km away, next is 20 km (margin 8 km) — OVERRODE the larger-by-land-area candidate"
"cheney-sports-complex","Cheney",KS,67025,"Sedgwick",zip_nearest_county_centroid,0.6,0.6176,"ZCTA spans 3 counties; nearest county centroid is 29 km away, next is 33 km (margin 4 km)"
"clearwater-high-school","Clearwater",KS,67026,"Sedgwick",zip_nearest_county_centroid,0.78,0.7248,"ZCTA spans 2 counties; nearest county centroid is 20 km away, next is 30 km (margin 9 km)"
"coffeyville-recreation-center","Coffeyville",KS,67337,"Montgomery",zip_nearest_county_centroid,0.78,0.7182,"ZCTA spans 2 counties; nearest county centroid is 20 km away, next is 33 km (margin 13 km)"
"hood-park","Concordia",KS,66901,"Cloud",zip_nearest_county_centroid,0.78,0.8892,"ZCTA spans 2 counties; nearest county centroid is 10 km away, next is 29 km (margin 19 km)"
"emporia-country-club","Emporia",KS,66891,"",none,0,,"ZIP has no ZCTA in the Census relationship file (often a PO-box or point ZIP)"
"pickleball-palooza-on-main-street","Glasco",KS,67445,"Cloud",zip_nearest_county_centroid,0.6,0.899,"ZCTA spans 2 counties; nearest county centroid is 22 km away, next is 29 km (margin 7 km)"
"gridley-city-park","Gridley",KS,66852,"Coffey",zip_nearest_county_centroid,0.6,0.5797,"ZCTA spans 3 counties; nearest county centroid is 20 km away, next is 26 km (margin 5 km)"
"gridley-high-school","Gridley",KS,66852,"Coffey",zip_nearest_county_centroid,0.6,0.5797,"ZCTA spans 3 counties; nearest county centroid is 21 km away, next is 26 km (margin 5 km)"
"pickleball-kingdom-kansas-city-ks","Kansas City",KS,,"",none,0,,"no postal_code"
"the-sandbox","Kansas City",KS,64155,"Clay",zip_nearest_county_centroid,0,0.9956,"derived county is in MO but the row says KS - ZIP or state is wrong"
"lyons-park-lawrence","Lawrence",KS,66044,"Douglas",zip_nearest_county_centroid,0.78,0.3803,"ZCTA spans 3 counties; nearest county centroid is 10 km away, next is 30 km (margin 20 km)"
"genesis-health-clubs-leavenworth","Leavenworth",KS,,"",none,0,,"no postal_code"
"douglass-community-recreation-center","Manhattan",KS,66502,"Riley",zip_nearest_county_centroid,0.78,0.6012,"ZCTA spans 4 counties; nearest county centroid is 18 km away, next is 26 km (margin 8 km)"
"mulvane-rec-center","Mulvane",KS,67110,"Sedgwick",zip_nearest_county_centroid,0.6,0.4427,"ZCTA spans 3 counties; nearest county centroid is 30 km away, next is 35 km (margin 5 km) — OVERRODE the larger-by-land-area candidate"
"styx-creek-park","Mulvane",KS,67110,"Sedgwick",zip_nearest_county_centroid,0.78,0.4427,"ZCTA spans 3 counties; nearest county centroid is 28 km away, next is 37 km (margin 9 km) — OVERRODE the larger-by-land-area candidate"
"styx-creek-park-mulvane","Mulvane",KS,67110,"Sedgwick",zip_nearest_county_centroid,0.6,0.4427,"ZCTA spans 3 counties; nearest county centroid is 30 km away, next is 35 km (margin 5 km) — OVERRODE the larger-by-land-area candidate"
"chicken-n-pickle-overland-park-f50001","Overland Park",KS,,"",none,0,,"no postal_code"
"schlanger-park-pickleball-courts","Pittsburg",KS,66762,"Crawford",zip_nearest_county_centroid,0.78,0.8249,"ZCTA spans 2 counties; nearest county centroid is 17 km away, next is 30 km (margin 13 km)"
"prairie-view-city-park","Prairie View",KS,67664,"Phillips",zip_nearest_county_centroid,0.78,0.6901,"ZCTA spans 2 counties; nearest county centroid is 20 km away, next is 28 km (margin 8 km)"
"listowel-park","Shawnee",KS,66216,"Wyandotte",zip_nearest_county_centroid,0.6,0.0024,"ZCTA spans 2 counties; nearest county centroid is 13 km away, next is 15 km (margin 2 km) — OVERRODE the larger-by-land-area candidate"
"the-shawnee-civic-centre","Shawnee",KS,66216,"Wyandotte",zip_nearest_county_centroid,0.6,0.0024,"ZCTA spans 2 counties; nearest county centroid is 10 km away, next is 17 km (margin 6 km) — OVERRODE the larger-by-land-area candidate"
"tonganoxie-recreation-commission","TONGANOXIE",KS,66086,"Leavenworth",zip_nearest_county_centroid,0.78,0.9891,"ZCTA spans 2 counties; nearest county centroid is 10 km away, next is 29 km (margin 19 km)"
"performance-center-great-life-ymca-downtown","Topeka",KS,66601,"",none,0,,"ZIP has no ZCTA in the Census relationship file (often a PO-box or point ZIP)"
"the-field-house","Valley Center",KS,67147,"Sedgwick",zip_nearest_county_centroid,0.6,0.9232,"ZCTA spans 2 counties; nearest county centroid is 22 km away, next is 23 km (margin 2 km)"
"valley-center-lions-park","Valley Center",KS,67147,"Sedgwick",zip_nearest_county_centroid,0.6,0.9232,"ZCTA spans 2 counties; nearest county centroid is 18 km away, next is 25 km (margin 7 km)"
"wamego-city-pickleball-courts","Wamego",KS,66547,"Pottawatomie",zip_nearest_county_centroid,0.78,0.7717,"ZCTA spans 2 counties; nearest county centroid is 20 km away, next is 29 km (margin 9 km)"
"washington-ks-pickleball","Washington",KS,,"",none,0,,"no postal_code"
"crestview-country-club","Wichita",KS,67230,"Sedgwick",zip_nearest_county_centroid,0.6,0.9935,"ZCTA spans 2 counties; nearest county centroid is 24 km away, next is 32 km (margin 7 km)"
"the-prop-shop","Wichita",KS,67200,"",none,0,,"ZIP has no ZCTA in the Census relationship file (often a PO-box or point ZIP)"
"valley-center-intermediate-school-gym","Wichita",KS,67147,"Sedgwick",zip_nearest_county_centroid,0.78,0.9232,"ZCTA spans 2 counties; nearest county centroid is 14 km away, next is 30 km (margin 15 km)"
"phill-moore-park","Alvaton",KY,42122,"Warren",zip_nearest_county_centroid,0.6,0.9458,"ZCTA spans 2 counties; nearest county centroid is 15 km away, next is 20 km (margin 5 km)"
"ashalnd-area-ymca","Ashland",KY,41102,"Boyd",zip_nearest_county_centroid,0.78,0.8896,"ZCTA spans 3 counties; nearest county centroid is 11 km away, next is 26 km (margin 15 km)"
"ashland-tennis-center","Ashland",KY,41101,"Boyd",zip_nearest_county_centroid,0.78,0.8273,"ZCTA spans 2 counties; nearest county centroid is 14 km away, next is 27 km (margin 14 km)"
"old-boyd-county-high-school","Ashland",KY,41102,"Boyd",zip_nearest_county_centroid,0.78,0.8896,"ZCTA spans 3 counties; nearest county centroid is 14 km away, next is 27 km (margin 14 km)"
"oldham-park","Beaver Dam",KY,42320,"Ohio",zip_nearest_county_centroid,0.78,0.9246,"ZCTA spans 2 counties; nearest county centroid is 9 km away, next is 28 km (margin 19 km)"
"basil-griffin-park","Bowling Green",KY,42104,"Warren",zip_nearest_county_centroid,0.78,0.9134,"ZCTA spans 2 counties; nearest county centroid is 9 km away, next is 23 km (margin 14 km)"
"phil-moore-park-bowling-green","Bowling Green",KY,,"",none,0,,"no postal_code"
"woodson-bend-resort-11331","Bronston",KY,42518,"Pulaski",zip_nearest_county_centroid,0.78,0.4966,"ZCTA spans 2 counties; nearest county centroid is 17 km away, next is 26 km (margin 9 km) — OVERRODE the larger-by-land-area candidate"
"woodson-bend-resort","Bronston",KY,42518,"Pulaski",zip_nearest_county_centroid,0.78,0.4966,"ZCTA spans 2 counties; nearest county centroid is 14 km away, next is 27 km (margin 13 km) — OVERRODE the larger-by-land-area candidate"
"bracken-county-high-school","Brooksville",KY,41004,"Bracken",zip_nearest_county_centroid,0.78,0.9372,"ZCTA spans 3 counties; nearest county centroid is 4 km away, next is 19 km (margin 15 km)"
"miller-park-campbellsville","Campbellsville",KY,42718,"Taylor",zip_nearest_county_centroid,0.78,0.7442,"ZCTA spans 4 counties; nearest county centroid is 3 km away, next is 19 km (margin 16 km)"
"cold-spring-community-center","Cold Spring",KY,,"",none,0,,"no postal_code"
"corbin-rec-center","Corbin",KY,40701,"Laurel",zip_nearest_county_centroid,0.6,0.2024,"ZCTA spans 3 counties; nearest county centroid is 18 km away, next is 22 km (margin 3 km) — OVERRODE the larger-by-land-area candidate"
"miller-park-corbin","Corbin",KY,40701,"Laurel",zip_nearest_county_centroid,0.6,0.2024,"ZCTA spans 3 counties; nearest county centroid is 18 km away, next is 22 km (margin 3 km) — OVERRODE the larger-by-land-area candidate"
"five-seasons-family-sports-club-nky","Crestview Hills",KY,,"",none,0,,"no postal_code"
"bunny-davis-athletic-center","Danville",KY,40422,"Boyle",zip_nearest_county_centroid,0.78,0.9423,"ZCTA spans 2 counties; nearest county centroid is 7 km away, next is 26 km (margin 18 km)"
"jennie-rogers-comm-center","Danville",KY,40422,"Boyle",zip_nearest_county_centroid,0.78,0.9423,"ZCTA spans 2 counties; nearest county centroid is 10 km away, next is 23 km (margin 12 km)"
"piddle-park-dry-ridge-ky","Dry Ridge",KY,41035,"Grant",zip_nearest_county_centroid,0.78,0.9696,"ZCTA spans 3 counties; nearest county centroid is 5 km away, next is 21 km (margin 16 km)"
"eddyville-tennis-pickleball-courts","Eddyville",KY,42038,"Lyon",zip_nearest_county_centroid,0.78,0.9849,"ZCTA spans 2 counties; nearest county centroid is 8 km away, next is 20 km (margin 12 km)"
"silver-lake-park-12251","Erlanger",KY,41018,"Kenton",zip_nearest_county_centroid,0.6,0.7707,"ZCTA spans 2 counties; nearest county centroid is 12 km away, next is 14 km (margin 2 km)"
"silverlake-the-family-place","Erlanger",KY,41018,"Kenton",zip_nearest_county_centroid,0.6,0.7707,"ZCTA spans 2 counties; nearest county centroid is 12 km away, next is 14 km (margin 3 km)"
"fairdale-christian-church","Fairdale",KY,,"",none,0,,"no postal_code"
"boone-county-high","Florence",KY,41042,"Boone",zip_nearest_county_centroid,0.6,0.9456,"ZCTA spans 2 counties; nearest county centroid is 11 km away, next is 12 km (margin 1 km)"
"shdhs-athletic-complex-shac","Florence",KY,41042,"Boone",zip_nearest_county_centroid,0.6,0.9456,"ZCTA spans 2 counties; nearest county centroid is 11 km away, next is 12 km (margin 2 km)"
"sports-of-all-sorts","Florence",KY,41042,"Boone",zip_nearest_county_centroid,0.6,0.9456,"ZCTA spans 2 counties; nearest county centroid is 10 km away, next is 11 km (margin 1 km)"
"east-frankfort-park","Frankfort",KY,40601,"Franklin",zip_nearest_county_centroid,0.78,0.8874,"ZCTA spans 4 counties; nearest county centroid is 5 km away, next is 19 km (margin 14 km)"
"east-frankfort-park-pickleball-courts-frankfort","Frankfort",KY,,"",none,0,,"no postal_code"
"juniper-hill-park","Frankfort",KY,40601,"Franklin",zip_nearest_county_centroid,0.78,0.8874,"ZCTA spans 4 counties; nearest county centroid is 6 km away, next is 20 km (margin 15 km)"
"lakeview-park-ky","Frankfort",KY,40601,"Franklin",zip_nearest_county_centroid,0.78,0.8874,"ZCTA spans 4 counties; nearest county centroid is 5 km away, next is 20 km (margin 15 km)"
"scott-county-pavilion","Georgetown",KY,40324,"Scott",zip_nearest_county_centroid,0.78,0.9602,"ZCTA spans 3 counties; nearest county centroid is 7 km away, next is 23 km (margin 16 km)"
"scott-county-pickleball-courts","Georgetown",KY,40324,"Scott",zip_nearest_county_centroid,0.78,0.9602,"ZCTA spans 3 counties; nearest county centroid is 6 km away, next is 24 km (margin 18 km)"
"old-hodgenville-elementary","Hodgenville",KY,42748,"Larue",zip_nearest_county_centroid,0.78,0.9981,"ZCTA spans 2 counties; nearest county centroid is 5 km away, next is 24 km (margin 19 km)"
"jamestown-city-park","Jamestown",KY,42692,"",none,0,,"ZIP has no ZCTA in the Census relationship file (often a PO-box or point ZIP)"
"ace-pickleball-club-jeffersontown-ky","Jeffersontown",KY,,"",none,0,,"no postal_code"
"la-grange-community-center","La Grange",KY,40031,"Oldham",zip_nearest_county_centroid,0.78,0.9349,"ZCTA spans 2 counties; nearest county centroid is 7 km away, next is 23 km (margin 16 km)"
"american-legion-post-34-fairgrounds","Lawrenceburg",KY,40342,"Anderson",zip_nearest_county_centroid,0.78,0.9915,"ZCTA spans 3 counties; nearest county centroid is 9 km away, next is 25 km (margin 16 km)"
"meadowthorpe-park","Lexington",KY,40511,"Fayette",zip_nearest_county_centroid,0.78,0.91,"ZCTA spans 3 counties; nearest county centroid is 7 km away, next is 24 km (margin 18 km)"
"pickleball-paddock-lexington","Lexington",KY,,"",none,0,,"no postal_code"
"pkl-lex-lexington","Lexington",KY,,"",none,0,,"no postal_code"
"spindletop-hall-county-club","Lexington",KY,40511,"Fayette",zip_nearest_county_centroid,0.6,0.91,"ZCTA spans 3 counties; nearest county centroid is 11 km away, next is 18 km (margin 7 km)"
"no-limits-fitness-louisa-ky","Louisa",KY,,"",none,0,,"no postal_code"
"berrytown-recreation-center-adaptive-and-inclusive","Louisville",KY,40224,"",none,0,,"ZIP has no ZCTA in the Census relationship file (often a PO-box or point ZIP)"
"charlie-vettiner-metro-park","Louisville",KY,40299,"Jefferson",zip_nearest_county_centroid,0.78,0.9941,"ZCTA spans 2 counties; nearest county centroid is 9 km away, next is 26 km (margin 17 km)"
"e-p-tom-sayer-park","Louisville",KY,40241,"Jefferson",zip_nearest_county_centroid,0.6,0.9783,"ZCTA spans 2 counties; nearest county centroid is 14 km away, next is 15 km (margin 2 km)"
"hurstbourne-country-club","Louisville",KY,40245,"Jefferson",zip_nearest_county_centroid,0.78,0.722,"ZCTA spans 3 counties; nearest county centroid is 8 km away, next is 21 km (margin 13 km)"
"louisville-sports-academy","Louisville",KY,40241,"Oldham",zip_nearest_county_centroid,0.6,0.0217,"ZCTA spans 2 counties; nearest county centroid is 14 km away, next is 15 km (margin 1 km) — OVERRODE the larger-by-land-area candidate"
"overlook-pickleball-courts","Louisville",KY,40241,"Jefferson",zip_nearest_county_centroid,0.78,0.9783,"ZCTA spans 2 counties; nearest county centroid is 9 km away, next is 27 km (margin 18 km)"
"play-pickleball-club","Louisville",KY,,"",none,0,,"no postal_code"
"randell-zachery-s-home","Louisville",KY,,"",none,0,,"no postal_code"
"shawnee-park-pickleball-courts-louisville","Louisville",KY,,"",none,0,,"no postal_code"
"shively-baptist-church","Louisville",KY,,"",none,0,,"no postal_code"
"springhurst-community-association-courts","Louisville",KY,40241,"Jefferson",zip_nearest_county_centroid,0.6,0.9783,"ZCTA spans 2 counties; nearest county centroid is 15 km away, next is 15 km (margin 0 km)"
"sun-valley-park","Louisville",KY,40272,"Jefferson",zip_nearest_county_centroid,0.6,0.9562,"ZCTA spans 2 counties; nearest county centroid is 22 km away, next is 22 km (margin 0 km)"
"marion-city-county-park","Marion",KY,42064,"Caldwell",zip_nearest_county_centroid,0.78,0.0443,"ZCTA spans 2 counties; nearest county centroid is 234 km away, next is 252 km (margin 17 km) — OVERRODE the larger-by-land-area candidate"
"forks-of-elkhorn-baptist-church","Midway",KY,40347,"Woodford",zip_nearest_county_centroid,0.6,0.7684,"ZCTA spans 3 counties; nearest county centroid is 13 km away, next is 18 km (margin 4 km)"
"bellevue-baptist-church","Owensboro",KY,42301,"Daviess",zip_nearest_county_centroid,0.78,0.9534,"ZCTA spans 3 counties; nearest county centroid is 9 km away, next is 26 km (margin 18 km)"
"cliff-hagan-boys-girls-club","Owensboro",KY,42301,"Daviess",zip_nearest_county_centroid,0.78,0.9534,"ZCTA spans 3 counties; nearest county centroid is 5 km away, next is 25 km (margin 20 km)"
"stanley-park","Owensboro",KY,42301,"Daviess",zip_nearest_county_centroid,0.78,0.9534,"ZCTA spans 3 counties; nearest county centroid is 17 km away, next is 29 km (margin 12 km)"
"paducah-athletic-club","Paducah",KY,42003,"McCracken",zip_nearest_county_centroid,0.78,0.9916,"ZCTA spans 2 counties; nearest county centroid is 9 km away, next is 29 km (margin 20 km)"
"bourbon-county-park-court-sports","Paris",KY,40361,"Bourbon",zip_nearest_county_centroid,0.78,0.977,"ZCTA spans 5 counties; nearest county centroid is 4 km away, next is 20 km (margin 15 km)"
"cmwa-courts","Paris",KY,40361,"Bourbon",zip_nearest_county_centroid,0.78,0.977,"ZCTA spans 5 counties; nearest county centroid is 6 km away, next is 25 km (margin 19 km)"
"ymca-at-norton-commons","Prospect",KY,40059,"Oldham",zip_nearest_county_centroid,0.6,0.6072,"ZCTA spans 2 counties; nearest county centroid is 14 km away, next is 18 km (margin 4 km)"
"shelby-county-fac-family-athletic-club","Shelbyville",KY,40065,"Shelby",zip_nearest_county_centroid,0.78,0.9952,"ZCTA spans 2 counties; nearest county centroid is 3 km away, next is 22 km (margin 19 km)"
"central-kentucky-sports-complex","Springfield",KY,40069,"Washington",zip_nearest_county_centroid,0.6,0.9774,"ZCTA spans 2 counties; nearest county centroid is 9 km away, next is 15 km (margin 7 km)"
"idle-hour-park","Springfield",KY,40069,"Washington",zip_nearest_county_centroid,0.78,0.9774,"ZCTA spans 2 counties; nearest county centroid is 8 km away, next is 16 km (margin 9 km)"
"sun-valley-community-center","Valley Station",KY,,"",none,0,,"no postal_code"
"new-life-pickleball","Amite",LA,70422,"Tangipahoa",zip_nearest_county_centroid,0.6,0.6369,"ZCTA spans 3 counties; nearest county centroid is 15 km away, next is 22 km (margin 7 km)"
"bayou-vista-community-center","Bayou Vista",LA,70380,"St. Mary",zip_nearest_county_centroid,0.78,0.3245,"ZCTA spans 3 counties; nearest county centroid is 21 km away, next is 30 km (margin 10 km) — OVERRODE the larger-by-land-area candidate"
"louisiana-boardwalk-pickleball-bossier-city-la","Bossier City",LA,,"",none,0,,"no postal_code"
"camp-margaritaville-rv-resort-breaux-bridge","Breaux Bridge",LA,70517,"Lafayette",zip_nearest_county_centroid,0.78,0.0113,"ZCTA spans 2 counties; nearest county centroid is 20 km away, next is 33 km (margin 14 km) — OVERRODE the larger-by-land-area candidate"
"broussard-sports-complex","Broussard",LA,70518,"Lafayette",zip_nearest_county_centroid,0.78,0.5131,"ZCTA spans 3 counties; nearest county centroid is 15 km away, next is 31 km (margin 17 km)"
"alexander-park-pickleball-courts-brusly","Brusly",LA,,"",none,0,,"no postal_code"
"alabama-presbyterian-church","Choudrant",LA,71227,"Lincoln",zip_nearest_county_centroid,0.78,0.6034,"ZCTA spans 4 counties; nearest county centroid is 16 km away, next is 26 km (margin 10 km)"
"coquille-recreation","Covington",LA,70433,"St. Tammany",zip_nearest_county_centroid,0.78,0.932,"ZCTA spans 2 counties; nearest county centroid is 16 km away, next is 33 km (margin 17 km)"
"west-park","DeRidder",LA,70634,"Beauregard",zip_nearest_county_centroid,0.6,0.7962,"ZCTA spans 2 counties; nearest county centroid is 23 km away, next is 30 km (margin 7 km)"
"american-legion","Eunice",LA,70535,"Acadia",zip_nearest_county_centroid,0.6,0.5269,"ZCTA spans 3 counties; nearest county centroid is 23 km away, next is 25 km (margin 3 km)"
"harris-park-pickleball-courts","Eunice",LA,70535,"Acadia",zip_nearest_county_centroid,0.6,0.5269,"ZCTA spans 3 counties; nearest county centroid is 23 km away, next is 25 km (margin 2 km)"
"hammond-recreation","Hammond",LA,70404,"",none,0,,"ZIP has no ZCTA in the Census relationship file (often a PO-box or point ZIP)"
"trinity-baptist-church-la","Hammond",LA,70403,"Tangipahoa",zip_nearest_county_centroid,0.78,0.8608,"ZCTA spans 2 counties; nearest county centroid is 14 km away, next is 26 km (margin 12 km)"
"west-side-franklin-park","Jennings",LA,70546,"Jefferson Davis",zip_nearest_county_centroid,0.78,0.8871,"ZCTA spans 2 counties; nearest county centroid is 16 km away, next is 25 km (margin 9 km)"
"lake-charles-ward-3-power-center","Lake Charles",LA,70607,"Calcasieu",zip_nearest_county_centroid,0.78,0.5456,"ZCTA spans 2 counties; nearest county centroid is 18 km away, next is 36 km (margin 18 km)"
"lockport-recreation-lockport-la","Lockport",LA,,"",none,0,,"no postal_code"
"weeks-park","Lydia",LA,70560,"St. Martin",zip_nearest_county_centroid,0.78,0.0104,"ZCTA spans 4 counties; nearest county centroid is 27 km away, next is 36 km (margin 9 km) — OVERRODE the larger-by-land-area candidate"
"city-park-cyr-gates-community-center","New Iberia",LA,70562,"",none,0,,"ZIP has no ZCTA in the Census relationship file (often a PO-box or point ZIP)"
"south-city-park-pickleball-courts-opelousas","Opelousas",LA,,"",none,0,,"no postal_code"
"duplessis-park","Prairieville",LA,70769,"Ascension",zip_nearest_county_centroid,0.78,0.9989,"ZCTA spans 2 counties; nearest county centroid is 12 km away, next is 26 km (margin 13 km)"
"ruston-sports-complex-gym","Ruston",LA,71270,"Lincoln",zip_nearest_county_centroid,0.78,0.6137,"ZCTA spans 2 counties; nearest county centroid is 8 km away, next is 26 km (margin 18 km)"
"querbes-tennis-center","Shreveport",LA,71104,"Caddo",zip_nearest_county_centroid,0.6,0.9498,"ZCTA spans 2 counties; nearest county centroid is 19 km away, next is 26 km (margin 8 km)"
"the-training-ground-of-nwla","Shreveport",LA,71105,"Caddo",zip_nearest_county_centroid,0.6,0.9525,"ZCTA spans 2 counties; nearest county centroid is 18 km away, next is 25 km (margin 7 km)"
"spar-recreation-center","Sulphur",LA,70603,"",none,0,,"ZIP has no ZCTA in the Census relationship file (often a PO-box or point ZIP)"
"americana-ymca","Zachary",LA,70791,"East Baton Rouge",zip_nearest_county_centroid,0.78,0.964,"ZCTA spans 2 counties; nearest county centroid is 16 km away, next is 27 km (margin 11 km)"
"brec-plank-road-park","Zachary",LA,70791,"East Baton Rouge",zip_nearest_county_centroid,0.78,0.964,"ZCTA spans 2 counties; nearest county centroid is 11 km away, next is 22 km (margin 11 km)"
"bay-road-tennis-club-and-multisport-center","Amherst",MA,01002,"Hampshire",zip_nearest_county_centroid,0.78,0.9324,"ZCTA spans 2 counties; nearest county centroid is 12 km away, next is 24 km (margin 12 km)"
"bay-road-tennis-club-hampshire-college","Amherst",MA,01002,"Hampshire",zip_nearest_county_centroid,0.78,0.9324,"ZCTA spans 2 counties; nearest county centroid is 12 km away, next is 24 km (margin 12 km)"
"athol-ymca","Athol",MA,01331,"Franklin",zip_nearest_county_centroid,0.78,0.0027,"ZCTA spans 2 counties; nearest county centroid is 30 km away, next is 39 km (margin 9 km) — OVERRODE the larger-by-land-area candidate"
"fish-park-1997","Athol",MA,01331,"Franklin",zip_nearest_county_centroid,0.78,0.0027,"ZCTA spans 2 counties; nearest county centroid is 30 km away, next is 39 km (margin 9 km) — OVERRODE the larger-by-land-area candidate"
"fish-park","Athol",MA,01331,"Franklin",zip_nearest_county_centroid,0.78,0.0027,"ZCTA spans 2 counties; nearest county centroid is 29 km away, next is 40 km (margin 11 km) — OVERRODE the larger-by-land-area candidate"
"silver-lake-park-ma","Athol",MA,01331,"Franklin",zip_nearest_county_centroid,0.78,0.0027,"ZCTA spans 2 counties; nearest county centroid is 30 km away, next is 39 km (margin 9 km) — OVERRODE the larger-by-land-area candidate"
"ballers-seaport-boston","Boston",MA,,"",none,0,,"no postal_code"
"padelhub-padel","Boston",MA,,"",none,0,,"no postal_code"
"picklebos-charlestown-boston","Boston",MA,,"",none,0,,"no postal_code"
"bourne-community-center-clarke-field","Bourne",MA,02532,"Plymouth",zip_nearest_county_centroid,0.78,0.1121,"ZCTA spans 2 counties; nearest county centroid is 29 km away, next is 37 km (margin 8 km) — OVERRODE the larger-by-land-area candidate"
"margaritaville-resort-cape-cod","Bourne",MA,02532,"Plymouth",zip_nearest_county_centroid,0.6,0.1121,"ZCTA spans 2 counties; nearest county centroid is 30 km away, next is 37 km (margin 7 km) — OVERRODE the larger-by-land-area candidate"
"monument-beach-playground-bourne","Bourne",MA,02532,"Plymouth",zip_nearest_county_centroid,0.6,0.1121,"ZCTA spans 2 counties; nearest county centroid is 30 km away, next is 36 km (margin 6 km) — OVERRODE the larger-by-land-area candidate"
"brookline-baker-school","Brookline",MA,02467,"Suffolk",zip_nearest_county_centroid,0.6,0.1206,"ZCTA spans 3 counties; nearest county centroid is 12 km away, next is 15 km (margin 3 km) — OVERRODE the larger-by-land-area candidate"
"tappan-street-gym","Brookline",MA,02445,"Suffolk",zip_nearest_county_centroid,0.78,0.0268,"ZCTA spans 2 counties; nearest county centroid is 9 km away, next is 18 km (margin 9 km) — OVERRODE the larger-by-land-area candidate"
"warren-field-aka-eliot-street-park","Brookline",MA,02445,"Suffolk",zip_nearest_county_centroid,0.78,0.0268,"ZCTA spans 2 counties; nearest county centroid is 8 km away, next is 19 km (margin 10 km) — OVERRODE the larger-by-land-area candidate"
"chestnut-hill-william-cassidy-courts","Chesnut Hill",MA,02467,"Suffolk",zip_nearest_county_centroid,0.78,0.1206,"ZCTA spans 3 counties; nearest county centroid is 10 km away, next is 24 km (margin 14 km) — OVERRODE the larger-by-land-area candidate"
"pickleball-at-the-park-dillion-mcanespie-park","Dracut",MA,01826,"Middlesex",zip_nearest_county_centroid,0.78,0.9944,"ZCTA spans 2 counties; nearest county centroid is 22 km away, next is 36 km (margin 14 km)"
"tarkiln-courts","Duxbury",MA,02331,"",none,0,,"ZIP has no ZCTA in the Census relationship file (often a PO-box or point ZIP)"
"georgetown-outdoors","Georgetown",MA,,"",none,0,,"no postal_code"
"glen-t-macleod-cape-ann-ymca","Gloucester",MA,01931,"",none,0,,"ZIP has no ZCTA in the Census relationship file (often a PO-box or point ZIP)"
"gloucester-ymca","Gloucester",MA,,"",none,0,,"no postal_code"
"featherwinds-pickleball-courts-halifax","Halifax",MA,,"",none,0,,"no postal_code"
"halifax-public-pickleball-courts-halifax","Halifax",MA,,"",none,0,,"no postal_code"
"hingham-courts-cronin-field","Hingham",MA,02044,"",none,0,,"ZIP has no ZCTA in the Census relationship file (often a PO-box or point ZIP)"
"pickleground-training-academy","Holden",MA,,"",none,0,,"no postal_code"
"gateway-regional-schools","Huntington",MA,01050,"Hampshire",zip_nearest_county_centroid,0.6,0.6945,"ZCTA spans 2 counties; nearest county centroid is 21 km away, next is 23 km (margin 2 km)"
"ipswich-town-hall","Ipswich",MA,,"",none,0,,"no postal_code"
"springfield-jcc","Longmeadow",MA,01116,"",none,0,,"ZIP has no ZCTA in the Census relationship file (often a PO-box or point ZIP)"
"demakes-family-ymca","Lynn",MA,01910,"",none,0,,"ZIP has no ZCTA in the Census relationship file (often a PO-box or point ZIP)"
"marblehead-council-on-aging","Marblehead",MA,,"",none,0,,"no postal_code"
"marshfield-recreation-department","Marshfield",MA,02020,"",none,0,,"ZIP has no ZCTA in the Census relationship file (often a PO-box or point ZIP)"
"kingsbury-club-medfield-8761","Medfield",MA,,"",none,0,,"no postal_code"
"newton-boston-sports-club-bsc","Newton Center",MA,02159,"",none,0,,"ZIP has no ZCTA in the Census relationship file (often a PO-box or point ZIP)"
"newton-ma-emerson-center","Newton Upper Falls",MA,02164,"",none,0,,"ZIP has no ZCTA in the Census relationship file (often a PO-box or point ZIP)"
"northampton-rec-dept","Northampton",MA,,"",none,0,,"no postal_code"
"meadow-view-farms","Oak Bluffs",MA,02577,"",none,0,,"ZIP has no ZCTA in the Census relationship file (often a PO-box or point ZIP)"
"onset-massachusetts","Onset",MA,02532,"Plymouth",zip_nearest_county_centroid,0.78,0.1121,"ZCTA spans 2 counties; nearest county centroid is 28 km away, next is 41 km (margin 13 km) — OVERRODE the larger-by-land-area candidate"
"northeast-health-fitness","Quincy",MA,02269,"",none,0,,"ZIP has no ZCTA in the Census relationship file (often a PO-box or point ZIP)"
"the-shrewsbury-club","Shrewsbury",MA,01546,"",none,0,,"ZIP has no ZCTA in the Census relationship file (often a PO-box or point ZIP)"
"springfield-jcc-gym","Springfield",MA,02208,"",none,0,,"ZIP has no ZCTA in the Census relationship file (often a PO-box or point ZIP)"
"truro-community-center","Truro",MA,,"",none,0,,"no postal_code"
"wellesley-seniors","Wellesley Hills",MA,,"",none,0,,"no postal_code"
"swift-park","West Falmouth",MA,02574,"",none,0,,"ZIP has no ZCTA in the Census relationship file (often a PO-box or point ZIP)"
"hirsch-wohl","Abingdon",MD,,"",none,0,,"no postal_code"
"ateaze-senior-center","Baltimore",MD,21222,"Baltimore",zip_nearest_county_centroid,0.78,0.0645,"ZCTA spans 2 counties; nearest county centroid is 9 km away, next is 21 km (margin 12 km) — OVERRODE the larger-by-land-area candidate"
"coppermine-fitness-and-racquet","Baltimore",MD,21209,"Baltimore",zip_nearest_county_centroid,0.6,0.5562,"ZCTA spans 2 counties; nearest county centroid is 8 km away, next is 10 km (margin 2 km)"
"highlandtown","Baltimore",MD,21224,"Baltimore",zip_nearest_county_centroid,0.78,0.7262,"ZCTA spans 2 counties; nearest county centroid is 4 km away, next is 18 km (margin 14 km)"
"notre-dame-of-maryland-university","Baltimore",MD,21210,"Baltimore",zip_nearest_county_centroid,0.6,0.8444,"ZCTA spans 2 counties; nearest county centroid is 7 km away, next is 9 km (margin 1 km)"
"patterson-park-tennis-courts","Baltimore",MD,21224,"Baltimore",zip_nearest_county_centroid,0.78,0.7262,"ZCTA spans 2 counties; nearest county centroid is 1 km away, next is 17 km (margin 16 km)"
"perry-hall-middle-school","Baltimore",MD,21236,"Baltimore",zip_nearest_county_centroid,0.6,0.981,"ZCTA spans 2 counties; nearest county centroid is 13 km away, next is 16 km (margin 3 km)"
"pikesville-middle-school","Baltimore",MD,21208,"Baltimore",zip_nearest_county_centroid,0.6,0.9858,"ZCTA spans 2 counties; nearest county centroid is 11 km away, next is 12 km (margin 1 km)"
"seven-oaks-elementary-school","Baltimore",MD,21236,"Baltimore",zip_nearest_county_centroid,0.6,0.981,"ZCTA spans 2 counties; nearest county centroid is 12 km away, next is 16 km (margin 4 km)"
"wellwood-international-school","Baltimore",MD,21208,"Baltimore",zip_nearest_county_centroid,0.6,0.9858,"ZCTA spans 2 counties; nearest county centroid is 10 km away, next is 11 km (margin 1 km)"
"beltsville-community-center","Beltsville",MD,20705,"Prince George's",zip_nearest_county_centroid,0.6,0.9888,"ZCTA spans 2 counties; nearest county centroid is 24 km away, next is 26 km (margin 1 km)"
"beltsville-seventh-day-adventist-church","Beltsville",MD,20705,"Prince George's",zip_nearest_county_centroid,0.6,0.9888,"ZCTA spans 2 counties; nearest county centroid is 26 km away, next is 26 km (margin 0 km)"
"belair-swim-and-racquet-club","Bowie",MD,20717,"",none,0,,"ZIP has no ZCTA in the Census relationship file (often a PO-box or point ZIP)"
"mitchellville-south-park","Bowie",MD,76230,"Montague",zip_nearest_county_centroid,0,0.6082,"derived county is in TX but the row says MD - ZIP or state is wrong"
"longwood-community-recreation-center","Brookeville",MD,20833,"Montgomery",zip_nearest_county_centroid,0.6,0.9023,"ZCTA spans 2 counties; nearest county centroid is 13 km away, next is 15 km (margin 2 km)"
"longwood-local-park","Brookeville",MD,20833,"Montgomery",zip_nearest_county_centroid,0.6,0.9023,"ZCTA spans 2 counties; nearest county centroid is 13 km away, next is 14 km (margin 1 km)"
"fort-ritchie-community-center-5321","Cascade",MD,21719,"Frederick",zip_nearest_county_centroid,0.6,0.0258,"ZCTA spans 2 counties; nearest county centroid is 28 km away, next is 30 km (margin 2 km) — OVERRODE the larger-by-land-area candidate"
"40-west-racquet-club","Catonsville",MD,21228,"Baltimore",zip_nearest_county_centroid,0.78,0.0011,"ZCTA spans 2 counties; nearest county centroid is 12 km away, next is 23 km (margin 11 km) — OVERRODE the larger-by-land-area candidate"
"catonsville-elementary","Catonsville",MD,21228,"Baltimore",zip_nearest_county_centroid,0.78,0.0011,"ZCTA spans 2 counties; nearest county centroid is 11 km away, next is 22 km (margin 11 km) — OVERRODE the larger-by-land-area candidate"
"dill-dinkers-cockeysville-f30026","Cockeysville",MD,,"",none,0,,"no postal_code"
"meadowood-local-park","Colesville",MD,20904,"Montgomery",zip_nearest_county_centroid,0.78,0.9752,"ZCTA spans 2 counties; nearest county centroid is 19 km away, next is 30 km (margin 12 km)"
"dunkirk-district-park","Dunkirk",MD,20754,"Calvert",zip_nearest_county_centroid,0.78,0.8312,"ZCTA spans 2 counties; nearest county centroid is 25 km away, next is 33 km (margin 8 km)"
"dill-dinkers-edgewater-f30021","Edgewater",MD,,"",none,0,,"no postal_code"
"carroll-county-senior-center","Eldersburg",MD,21784,"Howard",zip_nearest_county_centroid,0.6,0.1803,"ZCTA spans 2 counties; nearest county centroid is 18 km away, next is 19 km (margin 2 km) — OVERRODE the larger-by-land-area candidate"
"merritt-athletic-eldersburg","Eldersburg",MD,21784,"Howard",zip_nearest_county_centroid,0.6,0.1803,"ZCTA spans 2 counties; nearest county centroid is 18 km away, next is 18 km (margin 0 km) — OVERRODE the larger-by-land-area candidate"
"picklerage-eldersburg-md","Eldersburg",MD,,"",none,0,,"no postal_code"
"dancel-ymca","Ellicott  City",MD,21043,"Howard",zip_nearest_county_centroid,0.78,0.9678,"ZCTA spans 2 counties; nearest county centroid is 10 km away, next is 27 km (margin 18 km)"
"meadowbrook-athletic-complex","Ellicott City",MD,21043,"Howard",zip_nearest_county_centroid,0.78,0.9678,"ZCTA spans 2 counties; nearest county centroid is 9 km away, next is 28 km (margin 19 km)"
"fort-ritchie-community-center","Fort Ritchie",MD,21719,"Frederick",zip_nearest_county_centroid,0.6,0.0258,"ZCTA spans 2 counties; nearest county centroid is 27 km away, next is 29 km (margin 1 km) — OVERRODE the larger-by-land-area candidate"
"dill-dinkers-frederick-f30017","Frederick",MD,,"",none,0,,"no postal_code"
"the-pickl-park-frederick","Frederick",MD,,"",none,0,,"no postal_code"
"dill-dinkers-hagerstown-f30023","Hagerstown",MD,,"",none,0,,"no postal_code"
"north-carroll-senior-and-community-center","Hampstead",MD,21074,"Carroll",zip_nearest_county_centroid,0.78,0.7201,"ZCTA spans 2 counties; nearest county centroid is 15 km away, next is 27 km (margin 12 km)"
"pickleball7","Highland",MD,,"",none,0,,"no postal_code"
"schooley-mill-park","Highland",MD,20777,"Montgomery",zip_nearest_county_centroid,0.78,0.0173,"ZCTA spans 2 counties; nearest county centroid is 51 km away, next is 59 km (margin 9 km) — OVERRODE the larger-by-land-area candidate"
"victoria-falls-pickleball-courts","Laurel",MD,20707,"Prince George's",zip_nearest_county_centroid,0.6,0.9376,"ZCTA spans 2 counties; nearest county centroid is 27 km away, next is 29 km (margin 2 km)"
"mariotts-ridge-high-school","Marriottsville",MD,21104,"Howard",zip_nearest_county_centroid,0.78,0.5345,"ZCTA spans 3 counties; nearest county centroid is 11 km away, next is 26 km (margin 15 km)"
"baggett-park","Mechanicsville",MD,20659,"Charles",zip_nearest_county_centroid,0.6,0.0413,"ZCTA spans 2 counties; nearest county centroid is 24 km away, next is 31 km (margin 7 km) — OVERRODE the larger-by-land-area candidate"
"middletown-hs-multi-sport-courts","Middletown",MD,21769,"Frederick",zip_nearest_county_centroid,0.78,0.9932,"ZCTA spans 2 counties; nearest county centroid is 12 km away, next is 30 km (margin 18 km)"
"middletown-remsburg-park","Middletown",MD,21769,"Frederick",zip_nearest_county_centroid,0.78,0.9932,"ZCTA spans 2 counties; nearest county centroid is 13 km away, next is 30 km (margin 17 km)"
"prospect-park-md","Mount Airy",MD,21771,"Frederick",zip_nearest_county_centroid,0.6,0.5137,"ZCTA spans 4 counties; nearest county centroid is 23 km away, next is 24 km (margin 1 km)"
"north-beach-recreation-center","North Beach",MD,20714,"Calvert",zip_nearest_county_centroid,0.78,0.3584,"ZCTA spans 2 counties; nearest county centroid is 20 km away, next is 32 km (margin 12 km) — OVERRODE the larger-by-land-area candidate"
"dill-dinkers-north-bethesda-f30008","North Bethesda",MD,,"",none,0,,"no postal_code"
"seven-oaks-senior-center","Nottingham",MD,21236,"Baltimore",zip_nearest_county_centroid,0.6,0.019,"ZCTA spans 2 counties; nearest county centroid is 15 km away, next is 17 km (margin 1 km) — OVERRODE the larger-by-land-area candidate"
"bayside-park","Ocean City",MD,21843,"",none,0,,"ZIP has no ZCTA in the Census relationship file (often a PO-box or point ZIP)"
"shelley-dave-s-court","Owings",MD,20736,"Calvert",zip_nearest_county_centroid,0.78,0.9703,"ZCTA spans 2 counties; nearest county centroid is 22 km away, next is 31 km (margin 9 km)"
"glen-keith-blvd-playground","Parkville",MD,55773,"",none,0,,"ZIP has no ZCTA in the Census relationship file (often a PO-box or point ZIP)"
"northeast-regional-rec-center","Parkville",MD,21234,"Baltimore",zip_nearest_county_centroid,0.6,0.9267,"ZCTA spans 2 counties; nearest county centroid is 9 km away, next is 9 km (margin 0 km)"
"coppermine-racquet-fitness-pikesville","Pikesville",MD,21208,"Baltimore",zip_nearest_county_centroid,0.6,0.9858,"ZCTA spans 2 counties; nearest county centroid is 12 km away, next is 13 km (margin 1 km)"
"pocomoke-middle-school","Pocomoke City",MD,21851,"Somerset",zip_nearest_county_centroid,0.6,0.1965,"ZCTA spans 2 counties; nearest county centroid is 25 km away, next is 28 km (margin 3 km) — OVERRODE the larger-by-land-area candidate"
"cypress-park","Pocomoke",MD,21851,"Somerset",zip_nearest_county_centroid,0.78,0.1965,"ZCTA spans 2 counties; nearest county centroid is 151 km away, next is 167 km (margin 16 km) — OVERRODE the larger-by-land-area candidate"
"lower-shore-family-ymca","Pocomoke",MD,21851,"Somerset",zip_nearest_county_centroid,0.78,0.1965,"ZCTA spans 2 counties; nearest county centroid is 151 km away, next is 167 km (margin 16 km) — OVERRODE the larger-by-land-area candidate"
"pocomoke-cypress-park-pocomoke-md","Pocomoke",MD,21851,"Somerset",zip_nearest_county_centroid,0.6,0.1965,"ZCTA spans 2 counties; nearest county centroid is 25 km away, next is 28 km (margin 3 km) — OVERRODE the larger-by-land-area candidate"
"dill-dinkers-rockville-f30012","Rockville",MD,,"",none,0,,"no postal_code"
"king-farm","Rockville",MD,20847,"",none,0,,"ZIP has no ZCTA in the Census relationship file (often a PO-box or point ZIP)"
"dill-dinkers-salisbury-f30028","Salisbury",MD,,"",none,0,,"no postal_code"
"henson-family-ymca","Salisbury",MD,21802,"",none,0,,"ZIP has no ZCTA in the Census relationship file (often a PO-box or point ZIP)"
"east-county-community-recreation-center","Silver Spring",MD,20904,"Montgomery",zip_nearest_county_centroid,0.6,0.9752,"ZCTA spans 2 counties; nearest county centroid is 23 km away, next is 29 km (margin 5 km)"
"fairland-pickleball-courts","Silver Spring",MD,20904,"Montgomery",zip_nearest_county_centroid,0.6,0.9752,"ZCTA spans 2 counties; nearest county centroid is 25 km away, next is 29 km (margin 3 km)"
"hillandale-local-park","Silver Spring",MD,20903,"Prince George's",zip_nearest_county_centroid,0.6,0.0491,"ZCTA spans 2 counties; nearest county centroid is 23 km away, next is 24 km (margin 1 km) — OVERRODE the larger-by-land-area candidate"
"long-branch-senior-center","Silver Spring",MD,,"",none,0,,"no postal_code"
"margaret-schweinhaut-senior-center","Silver Spring",MD,,"",none,0,,"no postal_code"
"mid-county-community-recreation-center","Silver Spring",MD,,"",none,0,,"no postal_code"
"riderwood-village","Silver Spring",MD,,"",none,0,,"no postal_code"
"rolling-terrace-elementary-school-14071","Silver Spring",MD,20912,"Prince George's",zip_nearest_county_centroid,0.6,0.1004,"ZCTA spans 2 counties; nearest county centroid is 23 km away, next is 24 km (margin 1 km) — OVERRODE the larger-by-land-area candidate"
"white-oak-community-recreation-center","Silver Spring",MD,20904,"Montgomery",zip_nearest_county_centroid,0.6,0.9752,"ZCTA spans 2 counties; nearest county centroid is 22 km away, next is 26 km (margin 4 km)"
"monroe-park","Sykesville",MD,21784,"Howard",zip_nearest_county_centroid,0.78,0.1803,"ZCTA spans 2 counties; nearest county centroid is 13 km away, next is 22 km (margin 9 km) — OVERRODE the larger-by-land-area candidate"
"silver-spring-intermediate-park","Takoma Park",MD,20912,"Montgomery",zip_nearest_county_centroid,0.6,0.8996,"ZCTA spans 2 counties; nearest county centroid is 23 km away, next is 23 km (margin 0 km)"
"takoma-park-middle-school","Takoma Park",MD,20912,"Prince George's",zip_nearest_county_centroid,0.6,0.1004,"ZCTA spans 2 counties; nearest county centroid is 23 km away, next is 23 km (margin 1 km) — OVERRODE the larger-by-land-area candidate"
"carroll-vista","Taneytown",MD,21787,"Carroll",zip_nearest_county_centroid,0.78,0.8701,"ZCTA spans 2 counties; nearest county centroid is 15 km away, next is 29 km (margin 14 km)"
"taneytown-memorial-park","Taneytown",MD,21787,"Carroll",zip_nearest_county_centroid,0.78,0.8701,"ZCTA spans 2 counties; nearest county centroid is 17 km away, next is 28 km (margin 11 km)"
"dumbarton-middle-school","Towson",MD,21212,"Baltimore",zip_nearest_county_centroid,0.6,0.4338,"ZCTA spans 2 counties; nearest county centroid is 5 km away, next is 11 km (margin 6 km) — OVERRODE the larger-by-land-area candidate"
"dill-dinkers-white-marsh-f30004","White Marsh",MD,,"",none,0,,"no postal_code"
"western-regional-park","Woodbine",MD,21797,"Howard",zip_nearest_county_centroid,0.6,0.6693,"ZCTA spans 3 counties; nearest county centroid is 17 km away, next is 23 km (margin 6 km)"
"falmouth-fire-station","Falmouth",ME,,"",none,0,,"no postal_code"
"stearns-millinocket-high-school","Millinocket",ME,04462,"Penobscot",zip_nearest_county_centroid,0.78,0.2867,"ZCTA spans 2 counties; nearest county centroid is 28 km away, next is 42 km (margin 13 km) — OVERRODE the larger-by-land-area candidate"
"stearns-high-school","Millinocket",ME,04462,"Penobscot",zip_nearest_county_centroid,0.78,0.2867,"ZCTA spans 2 counties; nearest county centroid is 28 km away, next is 42 km (margin 14 km) — OVERRODE the larger-by-land-area candidate"
"old-orchard-beach-recreation-center","Old Orchard Beach",ME,,"",none,0,,"no postal_code"
"university-of-southern-maine-sullivan-complex","Portland",ME,,"",none,0,,"no postal_code"
"guayabitos-pickleball-club","Rincon de Guayabitos",ME,63724,"",none,0,,"ZIP has no ZCTA in the Census relationship file (often a PO-box or point ZIP)"
"scarborough-municipal-pickleball-courts-scarborough","Scarborough",ME,,"",none,0,,"no postal_code"
"alfond-youth-community-center-aycc-waterville-me","Waterville",ME,,"",none,0,,"no postal_code"
"grand-traverse-resort-spa","Acme",MI,49610,"",none,0,,"ZIP has no ZCTA in the Census relationship file (often a PO-box or point ZIP)"
"duck-lake","Albion",MI,49224,"Calhoun",zip_nearest_county_centroid,0.6,0.6867,"ZCTA spans 2 counties; nearest county centroid is 21 km away, next is 27 km (margin 6 km)"
"helena-township-park-alden","Alden",MI,49612,"Antrim",zip_nearest_county_centroid,0.78,0.5032,"ZCTA spans 2 counties; nearest county centroid is 16 km away, next is 27 km (margin 11 km)"
"aplex","Alpena",MI,49707,"Alpena",zip_nearest_county_centroid,0.78,0.9775,"ZCTA spans 2 counties; nearest county centroid is 23 km away, next is 32 km (margin 9 km)"
"pleasant-valley-community-center","Arcadia",MI,49613,"Benzie",zip_nearest_county_centroid,0.78,0.4112,"ZCTA spans 2 counties; nearest county centroid is 16 km away, next is 29 km (margin 13 km) — OVERRODE the larger-by-land-area candidate"
"battle-creek-christian-early-learning-center","Battle Creek",MI,49017,"Calhoun",zip_nearest_county_centroid,0.78,0.772,"ZCTA spans 2 counties; nearest county centroid is 16 km away, next is 30 km (margin 15 km)"
"battle-creek-country-club","Battle Creek",MI,49015,"Calhoun",zip_nearest_county_centroid,0.78,0.9988,"ZCTA spans 2 counties; nearest county centroid is 17 km away, next is 27 km (margin 11 km)"
"full-blast","Battle Creek",MI,49017,"Calhoun",zip_nearest_county_centroid,0.78,0.772,"ZCTA spans 2 counties; nearest county centroid is 17 km away, next is 31 km (margin 15 km)"
"kellogg-community-college","Battle Creek",MI,49017,"Calhoun",zip_nearest_county_centroid,0.78,0.772,"ZCTA spans 2 counties; nearest county centroid is 17 km away, next is 30 km (margin 13 km)"
"minges-creek-athletic-club","Battle Creek",MI,49015,"Calhoun",zip_nearest_county_centroid,0.78,0.9988,"ZCTA spans 2 counties; nearest county centroid is 15 km away, next is 28 km (margin 13 km)"
"woodland-church","Battle Creek",MI,49015,"Calhoun",zip_nearest_county_centroid,0.78,0.9988,"ZCTA spans 2 counties; nearest county centroid is 16 km away, next is 30 km (margin 14 km)"
"carroll-park-bay-city","Bay City",MI,48708,"Bay",zip_nearest_county_centroid,0.78,0.937,"ZCTA spans 2 counties; nearest county centroid is 14 km away, next is 33 km (margin 19 km)"
"dow-bay-area-family-y","Bay City",MI,48708,"Bay",zip_nearest_county_centroid,0.78,0.937,"ZCTA spans 2 counties; nearest county centroid is 14 km away, next is 32 km (margin 18 km)"
"bay-view-association-woods-courts","Bay View",MI,49770,"Emmet",zip_nearest_county_centroid,0.78,0.9577,"ZCTA spans 3 counties; nearest county centroid is 23 km away, next is 36 km (margin 13 km)"
"bay-view-woods-courts","Bay View",MI,49770,"Emmet",zip_nearest_county_centroid,0.78,0.9577,"ZCTA spans 3 counties; nearest county centroid is 23 km away, next is 36 km (margin 13 km)"
"bac-beaverton-activity-center","Beaverton",MI,48612,"Gladwin",zip_nearest_county_centroid,0.78,0.9647,"ZCTA spans 3 counties; nearest county centroid is 14 km away, next is 27 km (margin 13 km)"
"belleville-courts","Belleville",MI,48111,"Wayne",zip_nearest_county_centroid,0.78,0.9722,"ZCTA spans 3 counties; nearest county centroid is 20 km away, next is 30 km (margin 10 km)"
"lower-huron-metropark-belleville","Belleville",MI,48111,"Wayne",zip_nearest_county_centroid,0.78,0.9722,"ZCTA spans 3 counties; nearest county centroid is 20 km away, next is 30 km (margin 10 km)"
"van-buren-township-recreation-department","Belleville",MI,48111,"Wayne",zip_nearest_county_centroid,0.78,0.9722,"ZCTA spans 3 counties; nearest county centroid is 20 km away, next is 30 km (margin 10 km)"
"ferris-racquet-and-fitness-center","Big Rapids",MI,49307,"Mecosta",zip_nearest_county_centroid,0.78,0.8031,"ZCTA spans 2 counties; nearest county centroid is 14 km away, next is 29 km (margin 15 km)"
"columbia-community-fitness-center-columbia-hs","Brooklyn",MI,49230,"Jackson",zip_nearest_county_centroid,0.6,0.7318,"ZCTA spans 2 counties; nearest county centroid is 21 km away, next is 27 km (margin 6 km)"
"first-baptist-church-7628","Brooklyn",MI,49230,"Jackson",zip_nearest_county_centroid,0.6,0.7318,"ZCTA spans 2 counties; nearest county centroid is 21 km away, next is 27 km (margin 6 km)"
"all-in-pickleball-gym","Byron Center",MI,49315,"Kent",zip_nearest_county_centroid,0.78,0.7175,"ZCTA spans 3 counties; nearest county centroid is 28 km away, next is 48 km (margin 20 km)"
"byron-center-community-center","Byron Center",MI,49315,"Kent",zip_nearest_county_centroid,0.78,0.7175,"ZCTA spans 3 counties; nearest county centroid is 28 km away, next is 48 km (margin 20 km)"
"cadillac-area-ymca-dillon-community-center","Cadillac",MI,49601,"Wexford",zip_nearest_county_centroid,0.78,0.881,"ZCTA spans 3 counties; nearest county centroid is 16 km away, next is 26 km (margin 10 km)"
"evergreen-resort","Cadillac",MI,49601,"Wexford",zip_nearest_county_centroid,0.78,0.881,"ZCTA spans 3 counties; nearest county centroid is 19 km away, next is 29 km (margin 11 km)"
"caledonia-community-green-pickleball-courts","Caledonia",MI,49316,"Kent",zip_nearest_county_centroid,0.6,0.7909,"ZCTA spans 3 counties; nearest county centroid is 27 km away, next is 28 km (margin 1 km)"
"duncan-lake-middle-school","Caledonia",MI,49316,"Kent",zip_nearest_county_centroid,0.6,0.7909,"ZCTA spans 3 counties; nearest county centroid is 27 km away, next is 28 km (margin 1 km)"
"freedom-park-2313","Canton",MI,,"",none,0,,"no postal_code"
"cass-city-public-park","Cass City",MI,48726,"Tuscola",zip_nearest_county_centroid,0.78,0.6456,"ZCTA spans 3 counties; nearest county centroid is 25 km away, next is 43 km (margin 18 km)"
"alive","Charlotte",MI,,"",none,0,,"no postal_code"
"chesaning-area-picklers","Chesaning",MI,48616,"Saginaw",zip_nearest_county_centroid,0.78,0.9834,"ZCTA spans 2 counties; nearest county centroid is 17 km away, next is 26 km (margin 9 km)"
"ray-hernandez-pickleball-courts-clinton-twp","Clinton Twp",MI,08038,"Salem",zip_single_county,0,1,"derived county is in NJ but the row says MI - ZIP or state is wrong"
"clio-area-senior-center","Clio",MI,48420,"Genesee",zip_nearest_county_centroid,0.78,0.9621,"ZCTA spans 3 counties; nearest county centroid is 18 km away, next is 31 km (margin 13 km)"
"springdale-township-hall","Copemish",MI,49625,"Wexford",zip_nearest_county_centroid,0.78,0.0826,"ZCTA spans 2 counties; nearest county centroid is 33 km away, next is 42 km (margin 9 km) — OVERRODE the larger-by-land-area candidate"
"davison-area-senior-center","Davison",MI,48423,"Genesee",zip_nearest_county_centroid,0.78,0.9875,"ZCTA spans 2 counties; nearest county centroid is 15 km away, next is 25 km (margin 9 km)"
"jack-abernathy-park","Davison",MI,48424,"",none,0,,"ZIP has no ZCTA in the Census relationship file (often a PO-box or point ZIP)"
"hannah-community-center","East Lansing",MI,48823,"Ingham",zip_nearest_county_centroid,0.78,0.5748,"ZCTA spans 2 counties; nearest county centroid is 16 km away, next is 26 km (margin 10 km)"
"michigan-athletic-club-mac","East Lansing",MI,48823,"Ingham",zip_nearest_county_centroid,0.78,0.5748,"ZCTA spans 2 counties; nearest county centroid is 15 km away, next is 28 km (margin 13 km)"
"patriache-park","East Lansing",MI,48823,"Ingham",zip_nearest_county_centroid,0.78,0.5748,"ZCTA spans 2 counties; nearest county centroid is 17 km away, next is 26 km (margin 8 km)"
"patriarche-park","East Lansing",MI,48823,"Ingham",zip_nearest_county_centroid,0.78,0.5748,"ZCTA spans 2 counties; nearest county centroid is 16 km away, next is 26 km (margin 10 km)"
"eaton-rapids-pickleball-courts","Eaton Rapids",MI,48827,"Eaton",zip_nearest_county_centroid,0.6,0.8231,"ZCTA spans 3 counties; nearest county centroid is 18 km away, next is 25 km (margin 7 km)"
"indigo-bluffs-rv-resort","Empire",MI,49630,"Benzie",zip_nearest_county_centroid,0.78,0.0317,"ZCTA spans 2 counties; nearest county centroid is 24 km away, next is 37 km (margin 14 km) — OVERRODE the larger-by-land-area candidate"
"fenton-community-center","Fenton",MI,48430,"Genesee",zip_nearest_county_centroid,0.6,0.2245,"ZCTA spans 3 counties; nearest county centroid is 25 km away, next is 28 km (margin 3 km) — OVERRODE the larger-by-land-area candidate"
"fife-lake-area-park","Fife Lake",MI,49633,"Grand Traverse",zip_nearest_county_centroid,0.6,0.1752,"ZCTA spans 4 counties; nearest county centroid is 23 km away, next is 24 km (margin 1 km) — OVERRODE the larger-by-land-area candidate"
"flat-rock-community-center","Flat Rock",MI,48134,"Wayne",zip_nearest_county_centroid,0.6,0.8476,"ZCTA spans 2 counties; nearest county centroid is 21 km away, next is 26 km (margin 5 km)"
"ymca-flushing-mi","Flushing",MI,48433,"Genesee",zip_nearest_county_centroid,0.78,0.9615,"ZCTA spans 2 counties; nearest county centroid is 13 km away, next is 27 km (margin 14 km)"
"fowlerville-community-park-pickleball-courts","Fowlerville",MI,,"",none,0,,"no postal_code"
"frankenmuth-hs-tennis-courts","Frankenmuth",MI,48734,"Saginaw",zip_nearest_county_centroid,0.6,0.8972,"ZCTA spans 2 counties; nearest county centroid is 26 km away, next is 30 km (margin 4 km)"
"fraser-pickleball-club","Fraser",MI,,"",none,0,,"no postal_code"
"freeland-sportszone","Freeland",MI,48623,"Saginaw",zip_nearest_county_centroid,0.6,0.6365,"ZCTA spans 3 counties; nearest county centroid is 23 km away, next is 23 km (margin 0 km)"
"grandville-wedgewood-park","Grandville",MI,49418,"Kent",zip_nearest_county_centroid,0.78,0.6397,"ZCTA spans 2 counties; nearest county centroid is 23 km away, next is 41 km (margin 18 km)"
"allen-b-davis-park","Greenville",MI,48838,"Montcalm",zip_nearest_county_centroid,0.78,0.7816,"ZCTA spans 3 counties; nearest county centroid is 16 km away, next is 29 km (margin 12 km)"
"greenville-high-school","Greenville",MI,48838,"Montcalm",zip_nearest_county_centroid,0.78,0.7816,"ZCTA spans 3 counties; nearest county centroid is 18 km away, next is 28 km (margin 10 km)"
"the-club-fitness-center","Greenville",MI,48838,"Montcalm",zip_nearest_county_centroid,0.78,0.7816,"ZCTA spans 3 counties; nearest county centroid is 18 km away, next is 28 km (margin 10 km)"
"pier-park-grosse-pointe","Grosse Pointe Farms",MI,48236,"Macomb",zip_nearest_county_centroid,0.6,0.026,"ZCTA spans 2 counties; nearest county centroid is 29 km away, next is 33 km (margin 4 km) — OVERRODE the larger-by-land-area candidate"
"plainfield-township-community-center","Hale",MI,48739,"Ogemaw",zip_nearest_county_centroid,0.6,0.2816,"ZCTA spans 2 counties; nearest county centroid is 26 km away, next is 34 km (margin 8 km) — OVERRODE the larger-by-land-area candidate"
"hillbrook-park","Haslett",MI,48840,"Ingham",zip_nearest_county_centroid,0.78,0.6101,"ZCTA spans 3 counties; nearest county centroid is 17 km away, next is 27 km (margin 10 km)"
"towner-road-park","Haslett",MI,48840,"Ingham",zip_nearest_county_centroid,0.6,0.6101,"ZCTA spans 3 counties; nearest county centroid is 19 km away, next is 25 km (margin 6 km)"
"beechwood-park","Holland",MI,49463,"",none,0,,"ZIP has no ZCTA in the Census relationship file (often a PO-box or point ZIP)"
"evergreen-commons","Holland",MI,49423,"Ottawa",zip_nearest_county_centroid,0.78,0.1589,"ZCTA spans 2 counties; nearest county centroid is 32 km away, next is 42 km (margin 10 km) — OVERRODE the larger-by-land-area candidate"
"moran-park-pickleball-tennis-facility","Holland",MI,49423,"Ottawa",zip_nearest_county_centroid,0.78,0.1589,"ZCTA spans 2 counties; nearest county centroid is 31 km away, next is 43 km (margin 12 km) — OVERRODE the larger-by-land-area candidate"
"mvp-holland","Holland",MI,49423,"Ottawa",zip_nearest_county_centroid,0.78,0.1589,"ZCTA spans 2 counties; nearest county centroid is 33 km away, next is 42 km (margin 8 km) — OVERRODE the larger-by-land-area candidate"
"park-township-community-bldg","Holland",MI,,"",none,0,,"no postal_code"
"holly-middle-school-at-the-sherman-campus","Holly",MI,48442,"Oakland",zip_nearest_county_centroid,0.6,0.9593,"ZCTA spans 3 counties; nearest county centroid is 25 km away, next is 26 km (margin 2 km)"
"mark-jenks-tennis-and-pickleball-complex","Holt",MI,48842,"Ingham",zip_nearest_county_centroid,0.78,0.983,"ZCTA spans 2 counties; nearest county centroid is 13 km away, next is 27 km (margin 15 km)"
"northern-event-center","Houghton Lake",MI,48629,"Roscommon",zip_nearest_county_centroid,0.78,0.9986,"ZCTA spans 2 counties; nearest county centroid is 13 km away, next is 25 km (margin 11 km)"
"hudsonville-courts","Hudsonville",MI,,"",none,0,,"no postal_code"
"interlochen-community-center","Interlochen",MI,49643,"Grand Traverse",zip_nearest_county_centroid,0.78,0.3865,"ZCTA spans 2 counties; nearest county centroid is 19 km away, next is 37 km (margin 18 km) — OVERRODE the larger-by-land-area candidate"
"memorial-park-pickleball-13119","Interlochen",MI,49643,"Grand Traverse",zip_nearest_county_centroid,0.78,0.3865,"ZCTA spans 2 counties; nearest county centroid is 19 km away, next is 37 km (margin 18 km) — OVERRODE the larger-by-land-area candidate"
"spring-valley-park-pickleball-courts","Kalamazoo",MI,,"",none,0,,"no postal_code"
"lake-odessa-picklebowl","Lake Odessa",MI,48849,"Ionia",zip_nearest_county_centroid,0.78,0.7756,"ZCTA spans 3 counties; nearest county centroid is 18 km away, next is 27 km (margin 9 km)"
"lake-odessa-picklebowl-5312","Lake Odessa",MI,48849,"Ionia",zip_nearest_county_centroid,0.78,0.7756,"ZCTA spans 3 counties; nearest county centroid is 19 km away, next is 27 km (margin 8 km)"
"st-edward-catholic-church","Lake Odessa",MI,48849,"Ionia",zip_nearest_county_centroid,0.6,0.7756,"ZCTA spans 3 counties; nearest county centroid is 19 km away, next is 26 km (margin 6 km)"
"alfreda-schmidt-community-center","Lansing",MI,48911,"Ingham",zip_nearest_county_centroid,0.6,0.8034,"ZCTA spans 2 counties; nearest county centroid is 19 km away, next is 23 km (margin 4 km)"
"lansing-city-arena","Lansing",MI,48917,"Ingham",zip_nearest_county_centroid,0.78,0.1306,"ZCTA spans 2 counties; nearest county centroid is 21 km away, next is 29 km (margin 8 km) — OVERRODE the larger-by-land-area candidate"
"lansing-westside-ymca","Lansing",MI,48917,"Ingham",zip_nearest_county_centroid,0.6,0.1306,"ZCTA spans 2 counties; nearest county centroid is 22 km away, next is 25 km (margin 2 km) — OVERRODE the larger-by-land-area candidate"
"lewiston-pickleball-courts","Lewiston",MI,49756,"Montmorency",zip_nearest_county_centroid,0.6,0.3368,"ZCTA spans 4 counties; nearest county centroid is 23 km away, next is 25 km (margin 2 km) — OVERRODE the larger-by-land-area candidate"
"lake-fenton-high-school-linden","Linden",MI,48451,"Genesee",zip_nearest_county_centroid,0.78,0.7369,"ZCTA spans 2 counties; nearest county centroid is 20 km away, next is 30 km (margin 10 km)"
"linden-multi-purpose-building","Linden",MI,48451,"Livingston",zip_nearest_county_centroid,0.6,0.2631,"ZCTA spans 2 counties; nearest county centroid is 24 km away, next is 25 km (margin 2 km) — OVERRODE the larger-by-land-area candidate"
"loose-center","Linden",MI,48451,"Genesee",zip_nearest_county_centroid,0.6,0.7369,"ZCTA spans 2 counties; nearest county centroid is 24 km away, next is 26 km (margin 2 km)"
"grand-river-riverfront-park","Lowell",MI,49331,"Kent",zip_nearest_county_centroid,0.6,0.7841,"ZCTA spans 2 counties; nearest county centroid is 20 km away, next is 23 km (margin 3 km)"
"lowell-township-park-north","Lowell",MI,49331,"Kent",zip_nearest_county_centroid,0.6,0.7841,"ZCTA spans 2 counties; nearest county centroid is 20 km away, next is 22 km (margin 2 km)"
"new-hope-united-methodist-church","Mecosta",MI,,"",none,0,,"no postal_code"
"eagle-ridge-church-of-god","Midland",MI,48642,"Midland",zip_nearest_county_centroid,0.6,0.84,"ZCTA spans 2 counties; nearest county centroid is 16 km away, next is 19 km (margin 3 km)"
"putnam-park","Nashville",MI,49073,"Barry",zip_nearest_county_centroid,0.6,0.8456,"ZCTA spans 2 counties; nearest county centroid is 18 km away, next is 20 km (margin 2 km)"
"fireman-s-park","Niles",MI,49120,"Cass",zip_nearest_county_centroid,0.78,0.47,"ZCTA spans 2 counties; nearest county centroid is 23 km away, next is 41 km (margin 18 km) — OVERRODE the larger-by-land-area candidate"
"lakeland-athletic-club","Niles",MI,49120,"Cass",zip_nearest_county_centroid,0.78,0.47,"ZCTA spans 2 counties; nearest county centroid is 25 km away, next is 40 km (margin 15 km) — OVERRODE the larger-by-land-area candidate"
"niles-buchanan-ymca","Niles",MI,49120,"Cass",zip_nearest_county_centroid,0.78,0.47,"ZCTA spans 2 counties; nearest county centroid is 23 km away, next is 41 km (margin 18 km) — OVERRODE the larger-by-land-area candidate"
"plym-park","Niles",MI,,"",none,0,,"no postal_code"
"plym-park-13100","Niles",MI,49120,"Cass",zip_nearest_county_centroid,0.78,0.47,"ZCTA spans 2 counties; nearest county centroid is 23 km away, next is 41 km (margin 18 km) — OVERRODE the larger-by-land-area candidate"
"st-mary-s-catholic-school-gym","Niles",MI,49120,"Cass",zip_nearest_county_centroid,0.78,0.47,"ZCTA spans 2 counties; nearest county centroid is 23 km away, next is 41 km (margin 18 km) — OVERRODE the larger-by-land-area candidate"
"del-webb-northville","Northville",MI,48167,"Wayne",zip_nearest_county_centroid,0.6,0.2983,"ZCTA spans 3 counties; nearest county centroid is 25 km away, next is 28 km (margin 3 km) — OVERRODE the larger-by-land-area candidate"
"fish-hatchery-park-northville","Northville",MI,48167,"Wayne",zip_nearest_county_centroid,0.6,0.2983,"ZCTA spans 3 counties; nearest county centroid is 24 km away, next is 27 km (margin 2 km) — OVERRODE the larger-by-land-area candidate"
"itc-community-sports-park","Northville",MI,48167,"Wayne",zip_nearest_county_centroid,0.6,0.2983,"ZCTA spans 3 counties; nearest county centroid is 24 km away, next is 27 km (margin 2 km) — OVERRODE the larger-by-land-area candidate"
"northville-community-center","Northville",MI,48167,"Wayne",zip_nearest_county_centroid,0.6,0.2983,"ZCTA spans 3 counties; nearest county centroid is 25 km away, next is 27 km (margin 2 km) — OVERRODE the larger-by-land-area candidate"
"northville-parks-rec-hillside","Northville",MI,48167,"Wayne",zip_nearest_county_centroid,0.6,0.2983,"ZCTA spans 3 counties; nearest county centroid is 24 km away, next is 27 km (margin 2 km) — OVERRODE the larger-by-land-area candidate"
"sporthouse-athletic-center","Norton Shores",MI,49456,"Ottawa",zip_nearest_county_centroid,0.78,0.8704,"ZCTA spans 2 counties; nearest county centroid is 13 km away, next is 32 km (margin 18 km)"
"lakepoint-community-church","Oxford",MI,48371,"Oakland",zip_nearest_county_centroid,0.78,0.8799,"ZCTA spans 2 counties; nearest county centroid is 19 km away, next is 31 km (margin 13 km)"
"seymour-lake-township-park-oxford","Oxford",MI,48371,"Oakland",zip_nearest_county_centroid,0.78,0.8799,"ZCTA spans 2 counties; nearest county centroid is 21 km away, next is 30 km (margin 9 km)"
"seymour-lake-towship-park","Oxford",MI,48371,"Oakland",zip_nearest_county_centroid,0.78,0.8799,"ZCTA spans 2 counties; nearest county centroid is 19 km away, next is 31 km (margin 12 km)"
"whispering-oaks-resort","Oxford",MI,48371,"Oakland",zip_nearest_county_centroid,0.78,0.8799,"ZCTA spans 2 counties; nearest county centroid is 21 km away, next is 30 km (margin 9 km)"
"kindleberger-park","Parchment",MI,,"",none,0,,"no postal_code"
"pioneer-park-pellston","Pellston",MI,49769,"Emmet",zip_nearest_county_centroid,0.6,0.8816,"ZCTA spans 2 counties; nearest county centroid is 16 km away, next is 24 km (margin 8 km)"
"pentwater-park","Pentwater",MI,49449,"Mason",zip_nearest_county_centroid,0.6,0.3022,"ZCTA spans 2 counties; nearest county centroid is 20 km away, next is 20 km (margin 0 km) — OVERRODE the larger-by-land-area candidate"
"pentwater-tennis-and-pickleball-club","Pentwater",MI,49449,"Mason",zip_nearest_county_centroid,0.6,0.3022,"ZCTA spans 2 counties; nearest county centroid is 17 km away, next is 22 km (margin 5 km) — OVERRODE the larger-by-land-area candidate"
"pentwater-tennis-club","Pentwater",MI,49449,"Mason",zip_nearest_county_centroid,0.6,0.3022,"ZCTA spans 2 counties; nearest county centroid is 20 km away, next is 20 km (margin 0 km) — OVERRODE the larger-by-land-area candidate"
"perry-baptist-church","Perry",MI,48872,"Shiawassee",zip_nearest_county_centroid,0.78,0.7985,"ZCTA spans 3 counties; nearest county centroid is 15 km away, next is 28 km (margin 13 km)"
"north-central-michigan-college","Petoskey",MI,49770,"Emmet",zip_nearest_county_centroid,0.78,0.9577,"ZCTA spans 3 counties; nearest county centroid is 26 km away, next is 38 km (margin 13 km)"
"north-central-michigan-college-scrc","Petoskey",MI,49770,"Emmet",zip_nearest_county_centroid,0.78,0.9577,"ZCTA spans 3 counties; nearest county centroid is 26 km away, next is 38 km (margin 11 km)"
"petoskey-high-school-tennis-courts-2439","Petoskey",MI,49770,"Emmet",zip_nearest_county_centroid,0.78,0.9577,"ZCTA spans 3 counties; nearest county centroid is 25 km away, next is 37 km (margin 12 km)"
"petoskey-high-school-tennis-courts","Petoskey",MI,49770,"Emmet",zip_nearest_county_centroid,0.78,0.9577,"ZCTA spans 3 counties; nearest county centroid is 24 km away, next is 38 km (margin 13 km)"
"riverbend-park","Petoskey",MI,49770,"Emmet",zip_nearest_county_centroid,0.78,0.9577,"ZCTA spans 3 counties; nearest county centroid is 26 km away, next is 38 km (margin 13 km)"
"riverbend-park-in-petoskey","Petoskey",MI,49770,"Emmet",zip_nearest_county_centroid,0.78,0.9577,"ZCTA spans 3 counties; nearest county centroid is 26 km away, next is 38 km (margin 13 km)"
"navigator-school","Pinckney",MI,48169,"Livingston",zip_nearest_county_centroid,0.6,0.9479,"ZCTA spans 2 counties; nearest county centroid is 16 km away, next is 24 km (margin 8 km)"
"doc-litchfield-park","Pinconning",MI,48650,"Bay",zip_nearest_county_centroid,0.78,0.9354,"ZCTA spans 2 counties; nearest county centroid is 17 km away, next is 27 km (margin 10 km)"
"plymouth-pickleball","Plymouth",MI,48170,"Wayne",zip_nearest_county_centroid,0.78,0.5471,"ZCTA spans 2 counties; nearest county centroid is 20 km away, next is 34 km (margin 14 km)"
"valiant-sports-complex","Plymouth",MI,48170,"Wayne",zip_nearest_county_centroid,0.78,0.5471,"ZCTA spans 2 counties; nearest county centroid is 19 km away, next is 34 km (margin 14 km)"
"picklerage-portage-portage","Portage",MI,,"",none,0,,"no postal_code"
"portland-public-pickleball","Portland",MI,48875,"Ionia",zip_nearest_county_centroid,0.78,0.9002,"ZCTA spans 2 counties; nearest county centroid is 16 km away, next is 27 km (margin 11 km)"
"zilwaukee-memorial-park-saginaw","Saginaw",MI,48604,"Saginaw",zip_nearest_county_centroid,0.6,0.9601,"ZCTA spans 2 counties; nearest county centroid is 20 km away, next is 25 km (margin 4 km)"
"first-baptist-church-6252","South Haven",MI,49090,"Allegan",zip_nearest_county_centroid,0.6,0.4104,"ZCTA spans 2 counties; nearest county centroid is 5 km away, next is 10 km (margin 5 km) — OVERRODE the larger-by-land-area candidate"
"lake-arvesta-sports-complex","South Haven",MI,49090,"Allegan",zip_nearest_county_centroid,0.78,0.4104,"ZCTA spans 2 counties; nearest county centroid is 2 km away, next is 14 km (margin 11 km) — OVERRODE the larger-by-land-area candidate"
"south-haven-outdoor-pickleball","South Haven",MI,49090,"Allegan",zip_nearest_county_centroid,0.78,0.4104,"ZCTA spans 2 counties; nearest county centroid is 2 km away, next is 14 km (margin 11 km) — OVERRODE the larger-by-land-area candidate"
"south-haven-senior-center","South Haven",MI,49090,"Allegan",zip_nearest_county_centroid,0.78,0.4104,"ZCTA spans 2 counties; nearest county centroid is 4 km away, next is 12 km (margin 8 km) — OVERRODE the larger-by-land-area candidate"
"south-shore-health-racquet-club","St Joseph",MI,49120,"Berrien",zip_nearest_county_centroid,0.78,0.53,"ZCTA spans 2 counties; nearest county centroid is 35 km away, next is 44 km (margin 10 km)"
"sterling-heights-athletic-hub-sterling-heights","Sterling Heights",MI,,"",none,0,,"no postal_code"
"leisure-lake-family-campgrounds","Sumner",MI,48889,"Gratiot",zip_nearest_county_centroid,0.78,0.9849,"ZCTA spans 2 counties; nearest county centroid is 17 km away, next is 27 km (margin 10 km)"
"crystal-mountain-resort","Thompsonville",MI,49683,"Benzie",zip_nearest_county_centroid,0.78,0.7067,"ZCTA spans 4 counties; nearest county centroid is 26 km away, next is 36 km (margin 10 km)"
"immaculate-conception-catholic-church-school-gym","Three Rivers",MI,49093,"St. Joseph",zip_nearest_county_centroid,0.78,0.9472,"ZCTA spans 2 counties; nearest county centroid is 10 km away, next is 30 km (margin 19 km)"
"troy-racquet-club","Troy",MI,48099,"",none,0,,"ZIP has no ZCTA in the Census relationship file (often a PO-box or point ZIP)"
"ubly-village-park","Ubly",MI,48475,"Huron",zip_nearest_county_centroid,0.78,0.4602,"ZCTA spans 2 counties; nearest county centroid is 23 km away, next is 37 km (margin 14 km) — OVERRODE the larger-by-land-area candidate"
"kline-s-resort","Vicksburg",MI,,"",none,0,,"no postal_code"
"central-city-park","Walker",MI,49534,"Kent",zip_nearest_county_centroid,0.78,0.4951,"ZCTA spans 2 counties; nearest county centroid is 19 km away, next is 37 km (margin 18 km) — OVERRODE the larger-by-land-area candidate"
"yankee-springs-township-park","Wayland",MI,49348,"Barry",zip_nearest_county_centroid,0.78,0.0682,"ZCTA spans 3 counties; nearest county centroid is 29 km away, next is 41 km (margin 12 km) — OVERRODE the larger-by-land-area candidate"
"pickle-u","Williamsburg",MI,49690,"Grand Traverse",zip_nearest_county_centroid,0.78,0.7986,"ZCTA spans 3 counties; nearest county centroid is 13 km away, next is 27 km (margin 14 km)"
"helder-park","Zeeland",MI,49464,"Ottawa",zip_nearest_county_centroid,0.78,0.9475,"ZCTA spans 2 counties; nearest county centroid is 32 km away, next is 48 km (margin 16 km)"
"huizenga-park-zeeland","Zeeland",MI,49464,"Ottawa",zip_nearest_county_centroid,0.78,0.9475,"ZCTA spans 2 counties; nearest county centroid is 32 km away, next is 47 km (margin 15 km)"
"sportsquest","Zeeland",MI,49464,"Ottawa",zip_nearest_county_centroid,0.78,0.9475,"ZCTA spans 2 counties; nearest county centroid is 32 km away, next is 47 km (margin 15 km)"
"sportsquest-zeeland","Zeeland",MI,49464,"Ottawa",zip_nearest_county_centroid,0.78,0.9475,"ZCTA spans 2 counties; nearest county centroid is 32 km away, next is 47 km (margin 15 km)"
"aitkin-tennis-courts","Aitkin",MN,56431,"Aitkin",zip_nearest_county_centroid,0.6,0.8474,"ZCTA spans 2 counties; nearest county centroid is 24 km away, next is 27 km (margin 3 km)"
"northwoods-community-church","Aitkin",MN,56431,"Aitkin",zip_nearest_county_centroid,0.6,0.8474,"ZCTA spans 2 counties; nearest county centroid is 24 km away, next is 27 km (margin 3 km)"
"rippleside-elementary-community-education","Aitkin",MN,56431,"Aitkin",zip_nearest_county_centroid,0.6,0.8474,"ZCTA spans 2 counties; nearest county centroid is 24 km away, next is 28 km (margin 4 km)"
"arcc","Akeley",MN,56433,"Hubbard",zip_nearest_county_centroid,0.78,0.7037,"ZCTA spans 2 counties; nearest county centroid is 17 km away, next is 30 km (margin 13 km)"
"akeley-mn","Akeley",MN,56433,"Hubbard",zip_nearest_county_centroid,0.78,0.7037,"ZCTA spans 2 counties; nearest county centroid is 17 km away, next is 30 km (margin 13 km)"
"alexandria-area-high-school","Alexandria",MN,56308,"Douglas",zip_nearest_county_centroid,0.78,0.9863,"ZCTA spans 2 counties; nearest county centroid is 12 km away, next is 30 km (margin 18 km)"
"rotary-centennial-park-pickleball-courts","Austin",MN,,"",none,0,,"no postal_code"
"belgrade-brooten-hs","Belgrade",MN,56312,"Stearns",zip_nearest_county_centroid,0.6,0.7431,"ZCTA spans 2 counties; nearest county centroid is 33 km away, next is 33 km (margin 1 km)"
"algoma-park","Bemidji",MN,56601,"Beltrami",zip_nearest_county_centroid,0.6,0.8319,"ZCTA spans 2 counties; nearest county centroid is 43 km away, next is 45 km (margin 2 km)"
"bemidji-state-gillett-wellness-center","Bemidji",MN,56601,"Hubbard",zip_nearest_county_centroid,0.6,0.1681,"ZCTA spans 2 counties; nearest county centroid is 42 km away, next is 46 km (margin 4 km) — OVERRODE the larger-by-land-area candidate"
"bsu-rec-center","Bemidji",MN,56601,"Hubbard",zip_nearest_county_centroid,0.6,0.1681,"ZCTA spans 2 counties; nearest county centroid is 44 km away, next is 45 km (margin 1 km) — OVERRODE the larger-by-land-area candidate"
"lexington-athletic-complex-courts","Blaine",MN,55449,"Anoka",zip_nearest_county_centroid,0.6,0.9915,"ZCTA spans 2 counties; nearest county centroid is 13 km away, next is 19 km (margin 7 km)"
"faribault-county-fitness-center","Blue Earth",MN,56013,"Faribault",zip_nearest_county_centroid,0.78,0.8999,"ZCTA spans 2 counties; nearest county centroid is 38 km away, next is 54 km (margin 16 km)"
"brooten-tennis-courts","Brooten",MN,56316,"Pope",zip_nearest_county_centroid,0.78,0.5174,"ZCTA spans 3 counties; nearest county centroid is 27 km away, next is 40 km (margin 13 km)"
"brownton-civic-center-gymnasium","Brownton",MN,55312,"McLeod",zip_nearest_county_centroid,0.78,0.9925,"ZCTA spans 2 counties; nearest county centroid is 12 km away, next is 20 km (margin 8 km)"
"ferris-park","Cass Lake",MN,56633,"Hubbard",zip_nearest_county_centroid,0.78,0.0806,"ZCTA spans 3 counties; nearest county centroid is 39 km away, next is 52 km (margin 13 km) — OVERRODE the larger-by-land-area candidate"
"chanhassen-rec-center","Chanhassen",MN,55317,"Carver",zip_nearest_county_centroid,0.6,0.982,"ZCTA spans 2 counties; nearest county centroid is 18 km away, next is 18 km (margin 0 km)"
"life-time-chanhassen","Chanhassen",MN,55317,"Carver",zip_nearest_county_centroid,0.6,0.982,"ZCTA spans 2 counties; nearest county centroid is 17 km away, next is 19 km (margin 2 km)"
"life-time-chanhassen-pickleball","Chanhassen",MN,55317,"Carver",zip_nearest_county_centroid,0.6,0.982,"ZCTA spans 2 counties; nearest county centroid is 17 km away, next is 19 km (margin 2 km)"
"mega-pickle-pong","Chanhassen",MN,55317,"Carver",zip_nearest_county_centroid,0.6,0.982,"ZCTA spans 2 counties; nearest county centroid is 17 km away, next is 19 km (margin 2 km)"
"granada-park-5259","Cottage Grove",MN,,"",none,0,,"no postal_code"
"campfire-bay-resort","Cushing",MN,56443,"Todd",zip_nearest_county_centroid,0.78,0.3093,"ZCTA spans 2 counties; nearest county centroid is 26 km away, next is 36 km (margin 10 km) — OVERRODE the larger-by-land-area candidate"
"scandia-valley-community-center","Cushing",MN,56443,"Todd",zip_nearest_county_centroid,0.6,0.3093,"ZCTA spans 2 counties; nearest county centroid is 26 km away, next is 27 km (margin 1 km) — OVERRODE the larger-by-land-area candidate"
"scandia-valley-township","Cushing",MN,56443,"Todd",zip_nearest_county_centroid,0.6,0.3093,"ZCTA spans 2 counties; nearest county centroid is 26 km away, next is 27 km (margin 1 km) — OVERRODE the larger-by-land-area candidate"
"river-hills","Dayton",MN,56327,"Pope",zip_nearest_county_centroid,0.78,0.5618,"ZCTA spans 2 counties; nearest county centroid is 156 km away, next is 170 km (margin 14 km)"
"delano-riverway-park","Delano",MN,55328,"Wright",zip_nearest_county_centroid,0.6,0.866,"ZCTA spans 3 counties; nearest county centroid is 20 km away, next is 24 km (margin 4 km)"
"riverview-park-courts","Delano",MN,55328,"Wright",zip_nearest_county_centroid,0.6,0.866,"ZCTA spans 3 counties; nearest county centroid is 20 km away, next is 24 km (margin 4 km)"
"ymca-2518","Duluth",MN,,"",none,0,,"no postal_code"
"friederichs-park","Eden Valley",MN,55329,"Meeker",zip_nearest_county_centroid,0.6,0.6923,"ZCTA spans 2 counties; nearest county centroid is 23 km away, next is 26 km (margin 3 km)"
"edgerton-city-park","Edgerton",MN,56128,"Pipestone",zip_nearest_county_centroid,0.6,0.5877,"ZCTA spans 4 counties; nearest county centroid is 19 km away, next is 25 km (margin 6 km)"
"orono-park","Elk River",MN,55330,"Sherburne",zip_nearest_county_centroid,0.6,0.6212,"ZCTA spans 3 counties; nearest county centroid is 21 km away, next is 28 km (margin 8 km)"
"ymca-elk-river","Elk River",MN,55330,"Sherburne",zip_nearest_county_centroid,0.78,0.6212,"ZCTA spans 3 counties; nearest county centroid is 21 km away, next is 29 km (margin 8 km)"
"ely-pickleball-club","Ely",MN,55731,"Lake",zip_nearest_county_centroid,0.6,0.5024,"ZCTA spans 2 counties; nearest county centroid is 54 km away, next is 61 km (margin 6 km)"
"vermilion-community-college","Ely",MN,55731,"Lake",zip_nearest_county_centroid,0.78,0.5024,"ZCTA spans 2 counties; nearest county centroid is 54 km away, next is 63 km (margin 9 km)"
"round-house-park","Excelsior",MN,55331,"Hennepin",zip_nearest_county_centroid,0.6,0.6676,"ZCTA spans 2 counties; nearest county centroid is 13 km away, next is 21 km (margin 7 km)"
"fifty-lakes","Fifty lakes",MN,56448,"Crow Wing",zip_nearest_county_centroid,0.6,0.6314,"ZCTA spans 2 counties; nearest county centroid is 28 km away, next is 30 km (margin 2 km)"
"fenway-park","Forest Lake",MN,55025,"Washington",zip_nearest_county_centroid,0.6,0.385,"ZCTA spans 3 counties; nearest county centroid is 23 km away, next is 27 km (margin 3 km) — OVERRODE the larger-by-land-area candidate"
"fenway-park-forest-lake","Forest Lake",MN,55025,"Washington",zip_nearest_county_centroid,0.6,0.385,"ZCTA spans 3 counties; nearest county centroid is 23 km away, next is 27 km (margin 3 km) — OVERRODE the larger-by-land-area candidate"
"forest-lake-ymca","Forest Lake",MN,55025,"Anoka",zip_nearest_county_centroid,0.6,0.5416,"ZCTA spans 3 counties; nearest county centroid is 20 km away, next is 24 km (margin 4 km)"
"life-time-fitness-2529","Fridley",MN,55432,"Ramsey",zip_nearest_county_centroid,0.6,0.0054,"ZCTA spans 2 counties; nearest county centroid is 15 km away, next is 21 km (margin 7 km) — OVERRODE the larger-by-land-area candidate"
"life-time-fridley","Fridley",MN,55432,"Ramsey",zip_nearest_county_centroid,0.78,0.0054,"ZCTA spans 2 counties; nearest county centroid is 13 km away, next is 22 km (margin 8 km) — OVERRODE the larger-by-land-area candidate"
"glenwood-city-park","Glenwood",MN,56344,"",none,0,,"ZIP has no ZCTA in the Census relationship file (often a PO-box or point ZIP)"
"davis-community-center-7052","Golden Valley",MN,58541,"Mercer",zip_single_county,0,1,"derived county is in ND but the row says MN - ZIP or state is wrong"
"wildwood-park-6881","Golden Valley",MN,58541,"Mercer",zip_single_county,0,1,"derived county is in ND but the row says MN - ZIP or state is wrong"
"hastings-roadside-pickleball-courts","Hastings",MN,55033,"Dakota",zip_nearest_county_centroid,0.78,0.7541,"ZCTA spans 3 counties; nearest county centroid is 18 km away, next is 33 km (margin 15 km)"
"hastings-ymca","Hastings",MN,55033,"Dakota",zip_nearest_county_centroid,0.78,0.7541,"ZCTA spans 3 counties; nearest county centroid is 17 km away, next is 32 km (margin 16 km)"
"tilden-senior-center","Hastings",MN,55033,"Dakota",zip_nearest_county_centroid,0.78,0.7541,"ZCTA spans 3 counties; nearest county centroid is 17 km away, next is 33 km (margin 15 km)"
"bennett-park","Hibbing",MN,55746,"St. Louis",zip_nearest_county_centroid,0.78,0.9273,"ZCTA spans 2 counties; nearest county centroid is 35 km away, next is 51 km (margin 16 km)"
"lincoln-elementary","Hibbing",MN,55746,"St. Louis",zip_nearest_county_centroid,0.78,0.9273,"ZCTA spans 2 counties; nearest county centroid is 36 km away, next is 52 km (margin 16 km)"
"meshakwad-community-center","Hinckley",MN,55037,"Pine",zip_nearest_county_centroid,0.78,0.9298,"ZCTA spans 2 counties; nearest county centroid is 17 km away, next is 28 km (margin 11 km)"
"hoffman-square-gym","Hoffman",MN,56339,"Grant",zip_nearest_county_centroid,0.6,0.8601,"ZCTA spans 2 counties; nearest county centroid is 20 km away, next is 28 km (margin 8 km)"
"holdingford-mn-pickleball","Holdingford",MN,56340,"Stearns",zip_nearest_county_centroid,0.78,0.7151,"ZCTA spans 2 counties; nearest county centroid is 22 km away, next is 36 km (margin 13 km)"
"hutchinson-pickleball-club","Hutchinson",MN,55350,"McLeod",zip_nearest_county_centroid,0.78,0.8647,"ZCTA spans 3 counties; nearest county centroid is 10 km away, next is 30 km (margin 20 km)"
"open-pickleball-recreation-center","Hutchinson",MN,55350,"McLeod",zip_nearest_county_centroid,0.78,0.8647,"ZCTA spans 3 counties; nearest county centroid is 11 km away, next is 29 km (margin 19 km)"
"irec-fitness-center","Isle",MN,56342,"Kanabec",zip_nearest_county_centroid,0.6,0.3862,"ZCTA spans 3 counties; nearest county centroid is 25 km away, next is 26 km (margin 1 km) — OVERRODE the larger-by-land-area candidate"
"isle-high-school","Isle",MN,56342,"Kanabec",zip_nearest_county_centroid,0.6,0.3862,"ZCTA spans 3 counties; nearest county centroid is 25 km away, next is 26 km (margin 1 km) — OVERRODE the larger-by-land-area candidate"
"isle-pickleball-complex","Isle",MN,56342,"Kanabec",zip_nearest_county_centroid,0.6,0.3862,"ZCTA spans 3 counties; nearest county centroid is 25 km away, next is 26 km (margin 1 km) — OVERRODE the larger-by-land-area candidate"
"mille-lacs-pickleball-ct","Isle",MN,56342,"Kanabec",zip_nearest_county_centroid,0.6,0.3862,"ZCTA spans 3 counties; nearest county centroid is 25 km away, next is 26 km (margin 1 km) — OVERRODE the larger-by-land-area candidate"
"underwood-park-mn","Lake City",MN,55041,"Wabasha",zip_nearest_county_centroid,0.78,0.8499,"ZCTA spans 2 counties; nearest county centroid is 18 km away, next is 36 km (margin 18 km)"
"dodd-trail-park","Lakeville",MN,55044,"Dakota",zip_nearest_county_centroid,0.78,0.6953,"ZCTA spans 2 counties; nearest county centroid is 14 km away, next is 23 km (margin 8 km)"
"life-time-lakeville","Lakeville",MN,55044,"Dakota",zip_nearest_county_centroid,0.6,0.6953,"ZCTA spans 2 counties; nearest county centroid is 15 km away, next is 23 km (margin 8 km)"
"lent-township-outdoor","Lent",MN,55079,"Anoka",zip_nearest_county_centroid,0.78,0.2661,"ZCTA spans 3 counties; nearest county centroid is 58 km away, next is 73 km (margin 15 km) — OVERRODE the larger-by-land-area candidate"
"lincoln-community-center","Mankato",MN,,"",none,0,,"no postal_code"
"legion-field-tennis-courts","Marshall",MN,56258,"Lyon",zip_nearest_county_centroid,0.6,0.9602,"ZCTA spans 2 counties; nearest county centroid is 441 km away, next is 448 km (margin 7 km)"
"mentor-city-park","Mentor",MN,56736,"Red Lake",zip_nearest_county_centroid,0.6,0.1552,"ZCTA spans 2 counties; nearest county centroid is 19 km away, next is 21 km (margin 2 km) — OVERRODE the larger-by-land-area candidate"
"rec-park-courts","Milaca",MN,56353,"Mille Lacs",zip_nearest_county_centroid,0.78,0.9455,"ZCTA spans 4 counties; nearest county centroid is 19 km away, next is 35 km (margin 16 km)"
"el-colegio-high-school","Minneapolis",MN,55478,"",none,0,,"ZIP has no ZCTA in the Census relationship file (often a PO-box or point ZIP)"
"lucky-shots-pickleball-club","Minneapolis",MN,55418,"Ramsey",zip_nearest_county_centroid,0.6,0.0016,"ZCTA spans 2 counties; nearest county centroid is 13 km away, next is 17 km (margin 4 km) — OVERRODE the larger-by-land-area candidate"
"mps-metro-services","Minneapolis",MN,55458,"",none,0,,"ZIP has no ZCTA in the Census relationship file (often a PO-box or point ZIP)"
"hunters-crest-tennis-courts-park","Minnetrista",MN,55375,"Carver",zip_nearest_county_centroid,0.78,0.3431,"ZCTA spans 2 counties; nearest county centroid is 13 km away, next is 21 km (margin 8 km) — OVERRODE the larger-by-land-area candidate"
"fish-lake","Mora",MN,55051,"Kanabec",zip_nearest_county_centroid,0.78,0.8627,"ZCTA spans 2 counties; nearest county centroid is 14 km away, next is 27 km (margin 12 km)"
"library-park","Mora",MN,55051,"Kanabec",zip_nearest_county_centroid,0.78,0.8627,"ZCTA spans 2 counties; nearest county centroid is 8 km away, next is 27 km (margin 19 km)"
"mora-elementary-gym-5","Mora",MN,55051,"Kanabec",zip_nearest_county_centroid,0.78,0.8627,"ZCTA spans 2 counties; nearest county centroid is 7 km away, next is 26 km (margin 19 km)"
"hidden-valley-park-2553","New Hope",MN,,"",none,0,,"no postal_code"
"new-prague-aquatic-and-fitness-center","New Prague",MN,56071,"Scott",zip_nearest_county_centroid,0.78,0.4129,"ZCTA spans 3 counties; nearest county centroid is 13 km away, next is 23 km (margin 10 km) — OVERRODE the larger-by-land-area candidate"
"north-branch-high-school","North Branch",MN,55056,"Chisago",zip_nearest_county_centroid,0.78,0.6937,"ZCTA spans 2 counties; nearest county centroid is 6 km away, next is 25 km (margin 19 km)"
"bridgewater-elementary","Northfield",MN,55057,"Rice",zip_nearest_county_centroid,0.78,0.5401,"ZCTA spans 3 counties; nearest county centroid is 14 km away, next is 27 km (margin 13 km)"
"northfield-middle-school","Northfield",MN,55057,"Rice",zip_nearest_county_centroid,0.78,0.5401,"ZCTA spans 3 counties; nearest county centroid is 14 km away, next is 27 km (margin 13 km)"
"riverside-lions-park","Northfield",MN,55057,"Rice",zip_nearest_county_centroid,0.78,0.5401,"ZCTA spans 3 counties; nearest county centroid is 16 km away, next is 25 km (margin 9 km)"
"ogilvie-school","Ogilvie",MN,56358,"Kanabec",zip_nearest_county_centroid,0.6,0.8237,"ZCTA spans 3 counties; nearest county centroid is 16 km away, next is 19 km (margin 3 km)"
"osakis-high-school-tennis-courts","Osakis",MN,56360,"Douglas",zip_nearest_county_centroid,0.6,0.4665,"ZCTA spans 2 counties; nearest county centroid is 25 km away, next is 30 km (margin 4 km) — OVERRODE the larger-by-land-area candidate"
"guardian-angels","Otsego",MN,55330,"Anoka",zip_nearest_county_centroid,0.6,0.211,"ZCTA spans 3 counties; nearest county centroid is 25 km away, next is 25 km (margin 1 km) — OVERRODE the larger-by-land-area candidate"
"prairie-park-9999","Otsego",MN,55330,"Anoka",zip_nearest_county_centroid,0.6,0.211,"ZCTA spans 3 counties; nearest county centroid is 25 km away, next is 25 km (margin 0 km) — OVERRODE the larger-by-land-area candidate"
"prairie-park","Otsego",MN,55330,"Sherburne",zip_nearest_county_centroid,0.6,0.6212,"ZCTA spans 3 counties; nearest county centroid is 23 km away, next is 29 km (margin 7 km)"
"century-school","Park Rapids",MN,56470,"Hubbard",zip_nearest_county_centroid,0.78,0.6622,"ZCTA spans 4 counties; nearest county centroid is 22 km away, next is 38 km (margin 16 km)"
"green-leaf-recreation-center","Park Rapids",MN,56470,"Hubbard",zip_nearest_county_centroid,0.78,0.6622,"ZCTA spans 4 counties; nearest county centroid is 22 km away, next is 38 km (margin 15 km)"
"heartland-park","Park Rapids",MN,56470,"Hubbard",zip_nearest_county_centroid,0.78,0.6622,"ZCTA spans 4 counties; nearest county centroid is 22 km away, next is 38 km (margin 15 km)"
"pacc-paynesville-area-community-center","Paynesville",MN,56362,"Stearns",zip_nearest_county_centroid,0.78,0.761,"ZCTA spans 3 counties; nearest county centroid is 21 km away, next is 32 km (margin 11 km)"
"pequot-lakes-hs-gym-door-4","Pequot Lakes",MN,56472,"Crow Wing",zip_nearest_county_centroid,0.78,0.3741,"ZCTA spans 2 counties; nearest county centroid is 22 km away, next is 39 km (margin 17 km) — OVERRODE the larger-by-land-area candidate"
"mainstreet-pi-pickleball","Pine Island",MN,55963,"Goodhue",zip_nearest_county_centroid,0.6,0.4611,"ZCTA spans 3 counties; nearest county centroid is 23 km away, next is 27 km (margin 4 km)"
"pine-island-minnesota-pickleball-court","Pine Island",MN,55963,"Goodhue",zip_nearest_county_centroid,0.6,0.4611,"ZCTA spans 3 counties; nearest county centroid is 24 km away, next is 27 km (margin 3 km)"
"pine-island-tennis-pool","Pine Island",MN,55963,"Goodhue",zip_nearest_county_centroid,0.6,0.4611,"ZCTA spans 3 counties; nearest county centroid is 24 km away, next is 27 km (margin 3 km)"
"the-warehouse-13298","Pine River",MN,56474,"Cass",zip_nearest_county_centroid,0.78,0.719,"ZCTA spans 2 counties; nearest county centroid is 26 km away, next is 36 km (margin 9 km)"
"eastwood-park-8048","Plainview",MN,55964,"Wabasha",zip_nearest_county_centroid,0.78,0.7902,"ZCTA spans 3 counties; nearest county centroid is 15 km away, next is 26 km (margin 12 km)"
"humble-park-community-center","Racine",MN,53405,"Racine",zip_single_county,0,1,"derived county is in WI but the row says MN - ZIP or state is wrong"
"redwood-area-community-center","Redwood Falls",MN,56283,"Redwood",zip_nearest_county_centroid,0.6,0.8393,"ZCTA spans 2 counties; nearest county centroid is 19 km away, next is 24 km (margin 5 km)"
"rms-north-community-park","Rogers",MN,55374,"Hennepin",zip_nearest_county_centroid,0.78,0.9543,"ZCTA spans 2 counties; nearest county centroid is 23 km away, next is 33 km (margin 10 km)"
"rogers-tennis-club-rtc","Rogers",MN,55374,"Hennepin",zip_nearest_county_centroid,0.78,0.9543,"ZCTA spans 2 counties; nearest county centroid is 25 km away, next is 33 km (margin 9 km)"
"shawnee-park-13528","Saint Paul",MN,55125,"Ramsey",zip_nearest_county_centroid,0.78,0.0003,"ZCTA spans 2 counties; nearest county centroid is 7 km away, next is 19 km (margin 11 km) — OVERRODE the larger-by-land-area candidate"
"saint-peter-recreation-leisure-center","Saint Peter",MN,56082,"Le Sueur",zip_nearest_county_centroid,0.6,0.1289,"ZCTA spans 2 counties; nearest county centroid is 19 km away, next is 23 km (margin 4 km) — OVERRODE the larger-by-land-area candidate"
"veterans-memorial-park-pickleball-courts-saint-peter","Saint Peter",MN,,"",none,0,,"no postal_code"
"sartell-community-center","Sartell",MN,56377,"Benton",zip_nearest_county_centroid,0.78,0.034,"ZCTA spans 2 counties; nearest county centroid is 21 km away, next is 31 km (margin 10 km) — OVERRODE the larger-by-land-area candidate"
"sta-fit-sartell","Sartell",MN,56377,"Benton",zip_nearest_county_centroid,0.78,0.034,"ZCTA spans 2 counties; nearest county centroid is 20 km away, next is 32 km (margin 12 km) — OVERRODE the larger-by-land-area candidate"
"val-smith-park-5528","Sartell",MN,56377,"Benton",zip_nearest_county_centroid,0.78,0.034,"ZCTA spans 2 counties; nearest county centroid is 18 km away, next is 32 km (margin 14 km) — OVERRODE the larger-by-land-area candidate"
"val-smith-park","Sartell",MN,56377,"Benton",zip_nearest_county_centroid,0.78,0.034,"ZCTA spans 2 counties; nearest county centroid is 17 km away, next is 33 km (margin 16 km) — OVERRODE the larger-by-land-area candidate"
"schs-elementary-school-gym","Sauk Centre",MN,56378,"Stearns",zip_nearest_county_centroid,0.6,0.7222,"ZCTA spans 2 counties; nearest county centroid is 32 km away, next is 38 km (margin 5 km)"
"schs-tennis-courts","Sauk Centre",MN,56378,"Stearns",zip_nearest_county_centroid,0.6,0.7222,"ZCTA spans 2 counties; nearest county centroid is 33 km away, next is 37 km (margin 3 km)"
"scandia-community-center","Scandia",MN,55073,"Washington",zip_nearest_county_centroid,0.6,0.8625,"ZCTA spans 2 counties; nearest county centroid is 25 km away, next is 29 km (margin 4 km)"
"island-lake-elementary-schoool","Shoreview",MN,55126,"Ramsey",zip_nearest_county_centroid,0.78,0.9626,"ZCTA spans 2 counties; nearest county centroid is 8 km away, next is 23 km (margin 15 km)"
"lent-town-hall","Stacy",MN,55079,"Chisago",zip_nearest_county_centroid,0.78,0.4291,"ZCTA spans 3 counties; nearest county centroid is 14 km away, next is 24 km (margin 11 km)"
"bear-creek-park-10962","Stewartville",MN,55976,"Olmsted",zip_nearest_county_centroid,0.78,0.8307,"ZCTA spans 3 counties; nearest county centroid is 17 km away, next is 30 km (margin 13 km)"
"city-park-blue-courts-east","Walker",MN,56484,"Cass",zip_nearest_county_centroid,0.6,0.9963,"ZCTA spans 2 counties; nearest county centroid is 25 km away, next is 25 km (margin 0 km)"
"walker-community-center","Walker",MN,56484,"Cass",zip_nearest_county_centroid,0.6,0.9963,"ZCTA spans 2 counties; nearest county centroid is 25 km away, next is 25 km (margin 0 km)"
"watertown-mayer-community-learning-center","Watertown",MN,55388,"Carver",zip_nearest_county_centroid,0.78,0.7939,"ZCTA spans 3 counties; nearest county centroid is 16 km away, next is 25 km (margin 9 km)"
"life-time-white-bear-lake","White Bear Lake",MN,55110,"Ramsey",zip_nearest_county_centroid,0.6,0.6528,"ZCTA spans 3 counties; nearest county centroid is 9 km away, next is 13 km (margin 5 km)"
"winsted-courts","Winsted",MN,55395,"McLeod",zip_nearest_county_centroid,0.6,0.7613,"ZCTA spans 3 counties; nearest county centroid is 24 km away, next is 24 km (margin 1 km)"
"brookview-park","Woodbury",MN,55125,"Washington",zip_nearest_county_centroid,0.6,0.9997,"ZCTA spans 2 counties; nearest county centroid is 11 km away, next is 17 km (margin 6 km)"
"colby-lake-park","Woodbury",MN,55125,"Washington",zip_nearest_county_centroid,0.6,0.9997,"ZCTA spans 2 counties; nearest county centroid is 13 km away, next is 18 km (margin 5 km)"
"legacy-pickleball-club","Woodbury",MN,55125,"Ramsey",zip_nearest_county_centroid,0.6,0.0003,"ZCTA spans 2 counties; nearest county centroid is 15 km away, next is 15 km (margin 0 km) — OVERRODE the larger-by-land-area candidate"
"life-time-woodbury","Woodbury",MN,55125,"Washington",zip_nearest_county_centroid,0.6,0.9997,"ZCTA spans 2 counties; nearest county centroid is 11 km away, next is 16 km (margin 4 km)"
"shawnee-park","Woodbury",MN,55125,"Washington",zip_nearest_county_centroid,0.6,0.9997,"ZCTA spans 2 counties; nearest county centroid is 13 km away, next is 13 km (margin 0 km)"
"woodbury-ymca","Woodbury",MN,55125,"Washington",zip_nearest_county_centroid,0.6,0.9997,"ZCTA spans 2 counties; nearest county centroid is 14 km away, next is 17 km (margin 3 km)"
"battlefield-city-park","Battlefield",MO,65619,"Greene",zip_nearest_county_centroid,0.6,0.828,"ZCTA spans 2 counties; nearest county centroid is 16 km away, next is 23 km (margin 7 km)"
"bourbon-city-park","Bourbon",MO,65441,"Crawford",zip_nearest_county_centroid,0.78,0.7258,"ZCTA spans 3 counties; nearest county centroid is 22 km away, next is 32 km (margin 11 km)"
"branson-recplex","Branson",MO,65616,"Taney",zip_nearest_county_centroid,0.6,0.906,"ZCTA spans 2 counties; nearest county centroid is 18 km away, next is 21 km (margin 3 km)"
"eiserman-park","Branson",MO,65616,"Taney",zip_nearest_county_centroid,0.6,0.906,"ZCTA spans 2 counties; nearest county centroid is 16 km away, next is 23 km (margin 8 km)"
"first-baptist-church-life-center","Branson",MO,65616,"Taney",zip_nearest_county_centroid,0.6,0.906,"ZCTA spans 2 counties; nearest county centroid is 17 km away, next is 23 km (margin 7 km)"
"stockstill-park","Branson",MO,65616,"Taney",zip_nearest_county_centroid,0.78,0.906,"ZCTA spans 2 counties; nearest county centroid is 16 km away, next is 24 km (margin 9 km)"
"kingston-high-school","Cadet",MO,63630,"Washington",zip_nearest_county_centroid,0.78,0.9332,"ZCTA spans 2 counties; nearest county centroid is 19 km away, next is 27 km (margin 8 km)"
"centralia-rec-center","Centralia",MO,65240,"Audrain",zip_nearest_county_centroid,0.6,0.585,"ZCTA spans 4 counties; nearest county centroid is 25 km away, next is 29 km (margin 3 km)"
"st-ambrose-catholic-school","Chaffee",MO,63740,"Scott",zip_nearest_county_centroid,0.6,0.5023,"ZCTA spans 2 counties; nearest county centroid is 17 km away, next is 23 km (margin 6 km)"
"shaw-park-mo","Clayton",MO,63105,"St. Louis",zip_nearest_county_centroid,0.6,0.0434,"ZCTA spans 2 counties; nearest county centroid is 9 km away, next is 9 km (margin 1 km) — OVERRODE the larger-by-land-area candidate"
"lions-park-eureka","Eureka",MO,63025,"St. Louis",zip_nearest_county_centroid,0.6,0.5746,"ZCTA spans 2 counties; nearest county centroid is 22 km away, next is 28 km (margin 5 km)"
"the-timbers-of-eureka","Eureka",MO,63025,"St. Louis",zip_nearest_county_centroid,0.6,0.5746,"ZCTA spans 2 counties; nearest county centroid is 22 km away, next is 28 km (margin 6 km)"
"fenton-city-park","Fenton",MO,63026,"St. Louis",zip_nearest_county_centroid,0.78,0.4952,"ZCTA spans 2 counties; nearest county centroid is 13 km away, next is 31 km (margin 18 km) — OVERRODE the larger-by-land-area candidate"
"mpc-fenton","Fenton",MO,63026,"St. Louis",zip_nearest_county_centroid,0.78,0.4952,"ZCTA spans 2 counties; nearest county centroid is 15 km away, next is 29 km (margin 14 km) — OVERRODE the larger-by-land-area candidate"
"riverchase","Fenton",MO,63026,"St. Louis",zip_nearest_county_centroid,0.78,0.4952,"ZCTA spans 2 counties; nearest county centroid is 14 km away, next is 30 km (margin 16 km) — OVERRODE the larger-by-land-area candidate"
"the-view-grandview-community-center-grandview-mo","Grandview",MO,,"",none,0,,"no postal_code"
"bass-point-resort","Gravois Mills",MO,65037,"Morgan",zip_nearest_county_centroid,0.78,0.8759,"ZCTA spans 2 counties; nearest county centroid is 13 km away, next is 32 km (margin 19 km)"
"admiral-coontz-recreation-center-gym","Hannibal",MO,63401,"Ralls",zip_nearest_county_centroid,0.6,0.4985,"ZCTA spans 2 counties; nearest county centroid is 22 km away, next is 26 km (margin 4 km) — OVERRODE the larger-by-land-area candidate"
"huckleberry-park-tennis-and-pickleball-courts","Hannibal",MO,63401,"Ralls",zip_nearest_county_centroid,0.6,0.4985,"ZCTA spans 2 counties; nearest county centroid is 19 km away, next is 25 km (margin 5 km) — OVERRODE the larger-by-land-area candidate"
"hermann-city-park","Hermann",MO,65041,"Warren",zip_nearest_county_centroid,0.6,0.1137,"ZCTA spans 3 counties; nearest county centroid is 25 km away, next is 26 km (margin 1 km) — OVERRODE the larger-by-land-area candidate"
"high-ridge-civic-center","High Ridge",MO,63049,"St. Louis",zip_nearest_county_centroid,0.6,0.196,"ZCTA spans 2 counties; nearest county centroid is 22 km away, next is 22 km (margin 1 km) — OVERRODE the larger-by-land-area candidate"
"lincoln-university-tennis-courts-9063","Jefferson City",MO,65101,"Cole",zip_nearest_county_centroid,0.78,0.905,"ZCTA spans 3 counties; nearest county centroid is 12 km away, next is 30 km (margin 18 km)"
"lincoln-university-tennis-courts","Jefferson City",MO,65101,"Cole",zip_nearest_county_centroid,0.78,0.905,"ZCTA spans 3 counties; nearest county centroid is 12 km away, next is 29 km (margin 17 km)"
"st-francis-xavier-school","Jefferson City",MO,65101,"Cole",zip_nearest_county_centroid,0.78,0.905,"ZCTA spans 3 counties; nearest county centroid is 12 km away, next is 30 km (margin 18 km)"
"st-stanislaus","Jefferson City",MO,65101,"Cole",zip_nearest_county_centroid,0.78,0.905,"ZCTA spans 3 counties; nearest county centroid is 12 km away, next is 30 km (margin 18 km)"
"the-linc-wellness-and-recreation-center","Jefferson City",MO,65101,"Cole",zip_nearest_county_centroid,0.78,0.905,"ZCTA spans 3 counties; nearest county centroid is 11 km away, next is 30 km (margin 18 km)"
"joplin-family-ymca-south-branch","Joplin",MO,64804,"Jasper",zip_nearest_county_centroid,0.6,0.1872,"ZCTA spans 2 counties; nearest county centroid is 21 km away, next is 25 km (margin 5 km) — OVERRODE the larger-by-land-area candidate"
"lees-summit-new-pickleball-courts","Lee's Summit",MO,,"",none,0,,"no postal_code"
"longview-community-center","Lees Summit",MO,64082,"Jackson",zip_nearest_county_centroid,0.78,0.9077,"ZCTA spans 2 counties; nearest county centroid is 20 km away, next is 29 km (margin 9 km)"
"the-pavilion-at-lemay","Lemay Township",MO,63125,"St. Louis",zip_nearest_county_centroid,0.6,0.9852,"ZCTA spans 2 counties; nearest county centroid is 39 km away, next is 45 km (margin 6 km)"
"the-pickleball-warehouse-13743","Marionville",MO,65705,"Lawrence",zip_nearest_county_centroid,0.78,0.7092,"ZCTA spans 2 counties; nearest county centroid is 21 km away, next is 33 km (margin 12 km)"
"the-pickleball-warehouse","Marionville",MO,65705,"Lawrence",zip_nearest_county_centroid,0.78,0.7092,"ZCTA spans 2 counties; nearest county centroid is 21 km away, next is 32 km (margin 10 km)"
"south-park","Monett",MO,65708,"Lawrence",zip_nearest_county_centroid,0.6,0.3094,"ZCTA spans 2 counties; nearest county centroid is 22 km away, next is 26 km (margin 4 km) — OVERRODE the larger-by-land-area candidate"
"mountain-grove-skate-park","Mountain Grove",MO,65711,"Wright",zip_nearest_county_centroid,0.6,0.5158,"ZCTA spans 3 counties; nearest county centroid is 25 km away, next is 31 km (margin 6 km)"
"mountain-grove-ymca","Mountain Grove",MO,65711,"Wright",zip_nearest_county_centroid,0.6,0.5158,"ZCTA spans 3 counties; nearest county centroid is 24 km away, next is 31 km (margin 7 km)"
"mountain-view-family-youth-center-12051","Mountain View",MO,65548,"Howell",zip_nearest_county_centroid,0.6,0.6051,"ZCTA spans 3 counties; nearest county centroid is 30 km away, next is 32 km (margin 1 km)"
"new-haven-city-park","New Haven",MO,63068,"Franklin",zip_nearest_county_centroid,0.6,0.9621,"ZCTA spans 2 counties; nearest county centroid is 25 km away, next is 31 km (margin 6 km)"
"margaritaville-lake-resort-lake-of-the-ozarks","Osage Beach",MO,65065,"Camden",zip_nearest_county_centroid,0.78,0.8768,"ZCTA spans 2 counties; nearest county centroid is 14 km away, next is 23 km (margin 8 km)"
"tri-county-ymca-of-the-ozarks","Osage Beach",MO,65065,"Camden",zip_nearest_county_centroid,0.78,0.8768,"ZCTA spans 2 counties; nearest county centroid is 14 km away, next is 23 km (margin 10 km)"
"j-r-martin-park","Republic",MO,65738,"Greene",zip_nearest_county_centroid,0.78,0.8556,"ZCTA spans 3 counties; nearest county centroid is 18 km away, next is 29 km (margin 11 km)"
"republic-community-center","Republic",MO,65738,"Greene",zip_nearest_county_centroid,0.78,0.8556,"ZCTA spans 3 counties; nearest county centroid is 20 km away, next is 29 km (margin 10 km)"
"republic-parks-recreation","Republic",MO,65738,"Greene",zip_nearest_county_centroid,0.78,0.8556,"ZCTA spans 3 counties; nearest county centroid is 20 km away, next is 29 km (margin 10 km)"
"richland-high-school-tennis-courts","Richland",MO,65556,"Pulaski",zip_nearest_county_centroid,0.78,0.441,"ZCTA spans 3 counties; nearest county centroid is 18 km away, next is 28 km (margin 10 km)"
"ab-green-park-6399","Richmond Heights",MO,63117,"St. Louis",zip_nearest_county_centroid,0.6,0.056,"ZCTA spans 2 counties; nearest county centroid is 7 km away, next is 10 km (margin 3 km) — OVERRODE the larger-by-land-area candidate"
"the-heights-community-ctr","Richmond Heights",MO,63117,"St. Louis",zip_nearest_county_centroid,0.6,0.056,"ZCTA spans 2 counties; nearest county centroid is 8 km away, next is 10 km (margin 3 km) — OVERRODE the larger-by-land-area candidate"
"e-h-young-riverfront-park","Riverside",MO,64150,"Clay",zip_nearest_county_centroid,0.6,0.0022,"ZCTA spans 2 counties; nearest county centroid is 25 km away, next is 27 km (margin 2 km) — OVERRODE the larger-by-land-area candidate"
"riverside-community-center-2659","Riverside",MO,64150,"Clay",zip_nearest_county_centroid,0.6,0.0022,"ZCTA spans 2 counties; nearest county centroid is 23 km away, next is 26 km (margin 3 km) — OVERRODE the larger-by-land-area candidate"
"first-united-methodist-church-10779","Rolla",MO,65401,"Phelps",zip_nearest_county_centroid,0.78,0.8299,"ZCTA spans 3 counties; nearest county centroid is 9 km away, next is 27 km (margin 18 km)"
"green-acres-park","Rolla",MO,65401,"Phelps",zip_nearest_county_centroid,0.78,0.8299,"ZCTA spans 3 counties; nearest county centroid is 9 km away, next is 28 km (margin 20 km)"
"immanuel-lutheran-church","Rolla",MO,65401,"Phelps",zip_nearest_county_centroid,0.78,0.8299,"ZCTA spans 3 counties; nearest county centroid is 10 km away, next is 27 km (margin 17 km)"
"the-centre-rolla-s-health-recreation-complex","Rolla",MO,65401,"Phelps",zip_nearest_county_centroid,0.78,0.8299,"ZCTA spans 3 counties; nearest county centroid is 10 km away, next is 27 km (margin 17 km)"
"brinkop-park","Shrewsbury",MO,63119,"St. Louis",zip_nearest_county_centroid,0.6,0.0087,"ZCTA spans 2 counties; nearest county centroid is 9 km away, next is 12 km (margin 3 km) — OVERRODE the larger-by-land-area candidate"
"shrewsbury-city-center","Shrewsbury",MO,63119,"St. Louis",zip_nearest_county_centroid,0.6,0.0087,"ZCTA spans 2 counties; nearest county centroid is 9 km away, next is 12 km (margin 3 km) — OVERRODE the larger-by-land-area candidate"
"ymca-14273","Sikeston",MO,63801,"Scott",zip_nearest_county_centroid,0.6,0.5787,"ZCTA spans 4 counties; nearest county centroid is 19 km away, next is 27 km (margin 7 km)"
"bode-sport-complex","St Joseph",MO,64507,"Buchanan",zip_nearest_county_centroid,0.78,0.9893,"ZCTA spans 2 counties; nearest county centroid is 10 km away, next is 27 km (margin 17 km)"
"ab-green-park","St Louis",MO,63117,"St. Louis",zip_nearest_county_centroid,0.6,0.056,"ZCTA spans 2 counties; nearest county centroid is 5 km away, next is 13 km (margin 8 km) — OVERRODE the larger-by-land-area candidate"
"oak-haven-tennis-courts","St Louis",MO,63119,"St. Louis",zip_nearest_county_centroid,0.6,0.9913,"ZCTA spans 2 counties; nearest county centroid is 7 km away, next is 12 km (margin 5 km)"
"chicken-n-pickle-st-charles-f50003","St. Charles",MO,,"",none,0,,"no postal_code"
"110-west","St. James",MO,65559,"Phelps",zip_nearest_county_centroid,0.6,0.7885,"ZCTA spans 4 counties; nearest county centroid is 21 km away, next is 27 km (margin 5 km)"
"st-james-park-courts","St. James",MO,65559,"Phelps",zip_nearest_county_centroid,0.6,0.7885,"ZCTA spans 4 counties; nearest county centroid is 21 km away, next is 27 km (margin 6 km)"
"st-james-st-james-park","St. James",MO,65559,"Phelps",zip_nearest_county_centroid,0.6,0.7885,"ZCTA spans 4 counties; nearest county centroid is 21 km away, next is 26 km (margin 6 km)"
"st-james-community-recreation-center","St. James",MO,65559,"Phelps",zip_nearest_county_centroid,0.6,0.7885,"ZCTA spans 4 counties; nearest county centroid is 21 km away, next is 27 km (margin 5 km)"
"corby-pickleball-courts","St. Joseph",MO,,"",none,0,,"no postal_code"
"north-22nd-street-pickleball-courts","St. Joseph",MO,,"",none,0,,"no postal_code"
"northside-sport-complex","St. Joseph",MO,64505,"Buchanan",zip_nearest_county_centroid,0.6,0.2288,"ZCTA spans 2 counties; nearest county centroid is 16 km away, next is 22 km (margin 6 km) — OVERRODE the larger-by-land-area candidate"
"u-city-centennial-commons","St. Louis Park",MO,63130,"St. Louis",zip_nearest_county_centroid,0.78,0.0198,"ZCTA spans 2 counties; nearest county centroid is 4 km away, next is 21 km (margin 17 km) — OVERRODE the larger-by-land-area candidate"
"affton-white-rodgers-community-ctr","St. Louis",MO,63123,"St. Louis",zip_nearest_county_centroid,0.6,0.0495,"ZCTA spans 2 counties; nearest county centroid is 13 km away, next is 15 km (margin 3 km) — OVERRODE the larger-by-land-area candidate"
"ferguson-teen-center-of-excellence","St. Louis",MO,63136,"St. Louis",zip_nearest_county_centroid,0.78,0.04,"ZCTA spans 2 counties; nearest county centroid is 7 km away, next is 19 km (margin 12 km) — OVERRODE the larger-by-land-area candidate"
"north-st-louis-county-recreational-complex","St. Louis",MO,63136,"St. Louis",zip_nearest_county_centroid,0.6,0.04,"ZCTA spans 2 counties; nearest county centroid is 17 km away, next is 23 km (margin 7 km) — OVERRODE the larger-by-land-area candidate"
"pavilion-at-lemay","St. Louis",MO,63125,"St. Louis",zip_nearest_county_centroid,0.6,0.0148,"ZCTA spans 2 counties; nearest county centroid is 14 km away, next is 20 km (margin 6 km) — OVERRODE the larger-by-land-area candidate"
"pickleball-kingdom-st-louis","St. Louis",MO,,"",none,0,,"no postal_code"
"st-vincent-community-center","St. Louis",MO,63133,"St. Louis",zip_nearest_county_centroid,0.6,0.0094,"ZCTA spans 2 counties; nearest county centroid is 8 km away, next is 13 km (margin 5 km) — OVERRODE the larger-by-land-area candidate"
"the-salvation-army-gateway-citadel","St. Louis",MO,63123,"St. Louis",zip_nearest_county_centroid,0.6,0.0495,"ZCTA spans 2 counties; nearest county centroid is 10 km away, next is 17 km (margin 7 km) — OVERRODE the larger-by-land-area candidate"
"porto-cima-yacht-club-court","Sunrise Beach",MO,65079,"Camden",zip_nearest_county_centroid,0.78,0.964,"ZCTA spans 2 counties; nearest county centroid is 17 km away, next is 28 km (margin 12 km)"
"apex-sports-hub","Terrace",MO,,"",none,0,,"no postal_code"
"marion-hancock-recreation-complex-pickleball-courts","Warrensburg",MO,,"",none,0,,"no postal_code"
"blackburn-park","Webster Groves",MO,63119,"St. Louis",zip_nearest_county_centroid,0.6,0.9913,"ZCTA spans 2 counties; nearest county centroid is 9 km away, next is 11 km (margin 1 km)"
"chicken-n-pickle-webster-groves-f50004","Webster Groves",MO,,"",none,0,,"no postal_code"
"webster-groves-recreation-complex","Webster Groves",MO,63119,"St. Louis",zip_nearest_county_centroid,0.6,0.9913,"ZCTA spans 2 counties; nearest county centroid is 11 km away, next is 12 km (margin 1 km)"
"booster-field","Willow Springs",MO,65793,"Howell",zip_nearest_county_centroid,0.78,0.5773,"ZCTA spans 3 counties; nearest county centroid is 25 km away, next is 36 km (margin 10 km)"
"innsbrook-commons","Wright city",MO,63390,"Warren",zip_nearest_county_centroid,0.78,0.878,"ZCTA spans 2 counties; nearest county centroid is 14 km away, next is 27 km (margin 12 km)"
"delta-state-university","Cleveland",MS,38732,"Bolivar",zip_nearest_county_centroid,0.6,0.7651,"ZCTA spans 2 counties; nearest county centroid is 16 km away, next is 20 km (margin 4 km)"
"twin-rivers-recreation","Greenwood",MS,38930,"Leflore",zip_nearest_county_centroid,0.78,0.6201,"ZCTA spans 2 counties; nearest county centroid is 9 km away, next is 28 km (margin 18 km)"
"wagner-park","Greenwood",MS,38930,"Leflore",zip_nearest_county_centroid,0.78,0.6201,"ZCTA spans 2 counties; nearest county centroid is 11 km away, next is 26 km (margin 15 km)"
"family-ymca-of-southeast-mississippi-inc","Hattiesburg",MS,39401,"Forrest",zip_nearest_county_centroid,0.6,0.9537,"ZCTA spans 4 counties; nearest county centroid is 11 km away, next is 19 km (margin 7 km)"
"kamper-park","Hattiesburg",MS,39401,"Forrest",zip_nearest_county_centroid,0.6,0.9537,"ZCTA spans 4 counties; nearest county centroid is 16 km away, next is 23 km (margin 7 km)"
"merit-health-wellness-center","Hattiesburg",MS,39402,"Forrest",zip_nearest_county_centroid,0.6,0.424,"ZCTA spans 3 counties; nearest county centroid is 18 km away, next is 19 km (margin 1 km) — OVERRODE the larger-by-land-area candidate"
"temple-baptist-church-fifty-two-twenty","Hattiesburg",MS,39401,"Lamar",zip_nearest_county_centroid,0.6,0.0021,"ZCTA spans 4 counties; nearest county centroid is 15 km away, next is 19 km (margin 4 km) — OVERRODE the larger-by-land-area candidate"
"the-picklr-hattiesburg","Hattiesburg",MS,39402,"Forrest",zip_nearest_county_centroid,0.78,0.424,"ZCTA spans 3 counties; nearest county centroid is 16 km away, next is 25 km (margin 9 km) — OVERRODE the larger-by-land-area candidate"
"baptist-healthplex-anderson-meridian-ms","Meridian",MS,,"",none,0,,"no postal_code"
"northeast-park-pickleball-courts-meridian","Meridian",MS,,"",none,0,,"no postal_code"
"olive-branch-country-club","Olive Branch",MS,38654,"DeSoto",zip_nearest_county_centroid,0.78,0.9664,"ZCTA spans 2 counties; nearest county centroid is 18 km away, next is 37 km (margin 19 km)"
"lobouy-senior-center","Pass Christian",MS,39571,"Harrison",zip_nearest_county_centroid,0.6,0.9563,"ZCTA spans 2 counties; nearest county centroid is 19 km away, next is 24 km (margin 5 km)"
"pineville-community-park","Pass Christian",MS,39571,"Harrison",zip_nearest_county_centroid,0.6,0.9563,"ZCTA spans 2 counties; nearest county centroid is 19 km away, next is 24 km (margin 5 km)"
"war-memorial-park","Pass Christian",MS,39571,"Harrison",zip_nearest_county_centroid,0.6,0.9563,"ZCTA spans 2 counties; nearest county centroid is 19 km away, next is 24 km (margin 5 km)"
"goodyear-baptist-church","Picayune",MS,39466,"Hancock",zip_nearest_county_centroid,0.6,0.3676,"ZCTA spans 2 counties; nearest county centroid is 24 km away, next is 29 km (margin 5 km) — OVERRODE the larger-by-land-area candidate"
"tennis-courts-2696","Purvis",MS,39475,"Lamar",zip_nearest_county_centroid,0.6,0.828,"ZCTA spans 2 counties; nearest county centroid is 11 km away, next is 15 km (margin 4 km)"
"pkl-row-starkville","Starkville",MS,,"",none,0,,"no postal_code"
"travis-outlaw-gym","Starkville",MS,39759,"Oktibbeha",zip_nearest_county_centroid,0.78,0.9733,"ZCTA spans 3 counties; nearest county centroid is 7 km away, next is 22 km (margin 15 km)"
"west-valley-park","Anaconda",MT,59711,"Deer Lodge",zip_nearest_county_centroid,0.78,0.6356,"ZCTA spans 3 counties; nearest county centroid is 15 km away, next is 34 km (margin 19 km)"
"big-sky-tennis-pickleball-courts","Big Sky",MT,59716,"Gallatin",zip_nearest_county_centroid,0.78,0.4417,"ZCTA spans 2 counties; nearest county centroid is 31 km away, next is 48 km (margin 17 km) — OVERRODE the larger-by-land-area candidate"
"yellowstone-club","Big Sky",MT,59716,"Gallatin",zip_nearest_county_centroid,0.6,0.4417,"ZCTA spans 2 counties; nearest county centroid is 36 km away, next is 41 km (margin 5 km) — OVERRODE the larger-by-land-area candidate"
"the-flying-pickle-billings","Billings",MT,,"",none,0,,"no postal_code"
"bozeman-classic-pickleball-club","Bozeman",MT,,"",none,0,,"no postal_code"
"eureka-public-school-district-middle-school-gym-eureka-mt","Eureka",MT,,"",none,0,,"no postal_code"
"bread-and-roses-indoor-pickleball","Florence",MT,59833,"Missoula",zip_nearest_county_centroid,0.78,0.2978,"ZCTA spans 2 counties; nearest county centroid is 46 km away, next is 63 km (margin 17 km) — OVERRODE the larger-by-land-area candidate"
"lakeside-ben-williams-park","Lakeside",MT,59922,"Flathead",zip_nearest_county_centroid,0.78,0.8989,"ZCTA spans 2 counties; nearest county centroid is 34 km away, next is 43 km (margin 9 km)"
"beechwood-cc","Ahoskie",NC,27910,"Hertford",zip_nearest_county_centroid,0.78,0.6966,"ZCTA spans 2 counties; nearest county centroid is 9 km away, next is 25 km (margin 17 km)"
"abbington-neighborhood-courts","Apex",NC,27502,"Wake",zip_nearest_county_centroid,0.78,0.7974,"ZCTA spans 2 counties; nearest county centroid is 23 km away, next is 32 km (margin 9 km)"
"apex-community-center","Apex",NC,27502,"Wake",zip_nearest_county_centroid,0.78,0.7974,"ZCTA spans 2 counties; nearest county centroid is 19 km away, next is 37 km (margin 18 km)"
"apex-elementary-school","Apex",NC,27502,"Wake",zip_nearest_county_centroid,0.78,0.7974,"ZCTA spans 2 counties; nearest county centroid is 20 km away, next is 36 km (margin 16 km)"
"apex-friendship-schools","Apex",NC,27502,"Wake",zip_nearest_county_centroid,0.6,0.7974,"ZCTA spans 2 counties; nearest county centroid is 25 km away, next is 31 km (margin 6 km)"
"apex-kelly-rd-park","Apex",NC,27502,"Wake",zip_nearest_county_centroid,0.78,0.7974,"ZCTA spans 2 counties; nearest county centroid is 23 km away, next is 32 km (margin 10 km)"
"apex-seymour-athletic-fields-apex-nc","Apex",NC,27502,"Wake",zip_nearest_county_centroid,0.6,0.7974,"ZCTA spans 2 counties; nearest county centroid is 25 km away, next is 31 km (margin 7 km)"
"kelly-road-park-apex-nc","Apex",NC,27502,"Wake",zip_nearest_county_centroid,0.78,0.7974,"ZCTA spans 2 counties; nearest county centroid is 23 km away, next is 32 km (margin 10 km)"
"olive-chapel-swim-and-tennis-club","Apex",NC,27502,"Wake",zip_nearest_county_centroid,0.78,0.7974,"ZCTA spans 2 counties; nearest county centroid is 21 km away, next is 34 km (margin 13 km)"
"creekside-park-2741","Archdale",NC,27263,"Guilford",zip_nearest_county_centroid,0.6,0.3837,"ZCTA spans 2 counties; nearest county centroid is 25 km away, next is 27 km (margin 3 km) — OVERRODE the larger-by-land-area candidate"
"grubb-family-ymca","Archdale",NC,27263,"Guilford",zip_nearest_county_centroid,0.6,0.3837,"ZCTA spans 2 counties; nearest county centroid is 26 km away, next is 27 km (margin 1 km) — OVERRODE the larger-by-land-area candidate"
"beech-mountain-club","Beech Mountain",NC,28604,"Avery",zip_nearest_county_centroid,0.6,0.4237,"ZCTA spans 2 counties; nearest county centroid is 16 km away, next is 16 km (margin 0 km) — OVERRODE the larger-by-land-area candidate"
"beech-mountain-club-pickleball-center","Beech Mountain",NC,,"",none,0,,"no postal_code"
"buckeye-recreation-center","Beech Mountain",NC,28604,"Watauga",zip_nearest_county_centroid,0.6,0.5763,"ZCTA spans 2 counties; nearest county centroid is 17 km away, next is 17 km (margin 0 km)"
"cragmont-assembly-black-mountain-nc","Black Mountain",NC,28711,"Buncombe",zip_nearest_county_centroid,0.78,0.7927,"ZCTA spans 4 counties; nearest county centroid is 16 km away, next is 28 km (margin 12 km)"
"cragmont-park-near-lake-tomahawk","Black Mountain",NC,28711,"Buncombe",zip_nearest_county_centroid,0.78,0.7927,"ZCTA spans 4 counties; nearest county centroid is 18 km away, next is 26 km (margin 8 km)"
"cragmont-park-near-lake-tomahawk-black-mountain-nc","Black Mountain",NC,28711,"Buncombe",zip_nearest_county_centroid,0.6,0.7927,"ZCTA spans 4 counties; nearest county centroid is 19 km away, next is 25 km (margin 6 km)"
"creekside-racquet-club","Black Mountain",NC,28711,"Buncombe",zip_nearest_county_centroid,0.6,0.7927,"ZCTA spans 4 counties; nearest county centroid is 19 km away, next is 26 km (margin 7 km)"
"brasstown-community-center-brasstown-nc","Brasstown",NC,28902,"Cherokee",zip_nearest_county_centroid,0.6,0.3325,"ZCTA spans 2 counties; nearest county centroid is 14 km away, next is 18 km (margin 4 km) — OVERRODE the larger-by-land-area candidate"
"nantahala-outdoor-center-bryson-city-nc","Bryson City",NC,28713,"Macon",zip_nearest_county_centroid,0.6,0.0022,"ZCTA spans 2 counties; nearest county centroid is 25 km away, next is 29 km (margin 4 km) — OVERRODE the larger-by-land-area candidate"
"swain-county-rec-center-bryson-city-nc","Bryson City",NC,28713,"Swain",zip_nearest_county_centroid,0.78,0.9978,"ZCTA spans 2 counties; nearest county centroid is 15 km away, next is 31 km (margin 16 km)"
"joe-davison-park","Burlington",NC,27215,"Alamance",zip_nearest_county_centroid,0.78,0.8838,"ZCTA spans 2 counties; nearest county centroid is 11 km away, next is 24 km (margin 13 km)"
"mackintosh-on-the-lake-pickleball-court","Burlington",NC,27215,"Alamance",zip_nearest_county_centroid,0.78,0.8838,"ZCTA spans 2 counties; nearest county centroid is 13 km away, next is 22 km (margin 10 km)"
"spout-springs-church-gym-cameron-nc","Cameron",NC,28326,"Harnett",zip_nearest_county_centroid,0.6,0.5656,"ZCTA spans 3 counties; nearest county centroid is 19 km away, next is 26 km (margin 7 km)"
"carolina-beach-recreation-center","Carolina Beach",NC,,"",none,0,,"no postal_code"
"amberly-residents-center","Cary",NC,27519,"Wake",zip_nearest_county_centroid,0.78,0.9187,"ZCTA spans 2 counties; nearest county centroid is 24 km away, next is 34 km (margin 10 km)"
"carpenter-village","Cary",NC,27519,"Wake",zip_nearest_county_centroid,0.78,0.9187,"ZCTA spans 2 counties; nearest county centroid is 19 km away, next is 38 km (margin 19 km)"
"cary-tennis-park","Cary",NC,27519,"Wake",zip_nearest_county_centroid,0.78,0.9187,"ZCTA spans 2 counties; nearest county centroid is 19 km away, next is 37 km (margin 18 km)"
"cary-tennis-park-ctp","Cary",NC,27519,"Wake",zip_nearest_county_centroid,0.78,0.9187,"ZCTA spans 2 counties; nearest county centroid is 19 km away, next is 37 km (margin 18 km)"
"life-time-alston-town-center","Cary",NC,27519,"Wake",zip_nearest_county_centroid,0.78,0.9187,"ZCTA spans 2 counties; nearest county centroid is 22 km away, next is 36 km (margin 14 km)"
"northwest-cary-ymca","Cary",NC,27519,"Wake",zip_nearest_county_centroid,0.78,0.9187,"ZCTA spans 2 counties; nearest county centroid is 21 km away, next is 36 km (margin 15 km)"
"white-oak-park","Cary",NC,27519,"Wake",zip_nearest_county_centroid,0.78,0.9187,"ZCTA spans 2 counties; nearest county centroid is 19 km away, next is 37 km (margin 18 km)"
"western-park-7028","Cedar Point",NC,28584,"Onslow",zip_nearest_county_centroid,0.78,0.2828,"ZCTA spans 2 counties; nearest county centroid is 40 km away, next is 53 km (margin 13 km) — OVERRODE the larger-by-land-area candidate"
"chapel-hill-community-center","Chapel Hill",NC,27517,"Orange",zip_nearest_county_centroid,0.6,0.2327,"ZCTA spans 3 counties; nearest county centroid is 17 km away, next is 18 km (margin 1 km) — OVERRODE the larger-by-land-area candidate"
"chatham-county-northeast-park","Chapel Hill",NC,27517,"Orange",zip_nearest_county_centroid,0.6,0.2327,"ZCTA spans 3 counties; nearest county centroid is 18 km away, next is 21 km (margin 3 km) — OVERRODE the larger-by-land-area candidate"
"ephesus-park-pickleball-courts","Chapel Hill",NC,27517,"Orange",zip_nearest_county_centroid,0.6,0.2327,"ZCTA spans 3 counties; nearest county centroid is 18 km away, next is 21 km (margin 3 km) — OVERRODE the larger-by-land-area candidate"
"great-wall-activity-park-chapel-hill-nc","Chapel Hill",NC,27516,"Chatham",zip_nearest_county_centroid,0.6,0.1652,"ZCTA spans 2 counties; nearest county centroid is 18 km away, next is 26 km (margin 8 km) — OVERRODE the larger-by-land-area candidate"
"hargraves-community-center","Chapel Hill",NC,27516,"Orange",zip_nearest_county_centroid,0.78,0.8348,"ZCTA spans 2 counties; nearest county centroid is 17 km away, next is 29 km (margin 11 km)"
"lake-hogan-farms-tennis-courts-chapel-hill-nc","Chapel Hill",NC,27516,"Orange",zip_nearest_county_centroid,0.78,0.8348,"ZCTA spans 2 counties; nearest county centroid is 13 km away, next is 31 km (margin 18 km)"
"the-preserve-at-jordan-lake","Chapel Hill",NC,27517,"Chatham",zip_nearest_county_centroid,0.78,0.5794,"ZCTA spans 3 counties; nearest county centroid is 20 km away, next is 32 km (margin 12 km)"
"charlotte-squash-club-pickleball","Charlotte",NC,28221,"",none,0,,"ZIP has no ZCTA in the Census relationship file (often a PO-box or point ZIP)"
"clarke-creek-park-highland-creek","Charlotte",NC,28269,"Mecklenburg",zip_nearest_county_centroid,0.6,0.9691,"ZCTA spans 2 counties; nearest county centroid is 17 km away, next is 18 km (margin 1 km)"
"clarks-creek-community-park","Charlotte",NC,28269,"Mecklenburg",zip_nearest_county_centroid,0.78,0.9691,"ZCTA spans 2 counties; nearest county centroid is 12 km away, next is 24 km (margin 12 km)"
"colonel-francis-j-beatty-park-pickleball-courts-charlotte-nc","Charlotte",NC,,"",none,0,,"no postal_code"
"cornwell-center","Charlotte",NC,28284,"",none,0,,"ZIP has no ZCTA in the Census relationship file (often a PO-box or point ZIP)"
"cresswind-charlotte","Charlotte",NC,28227,"Mecklenburg",zip_nearest_county_centroid,0.6,0.9921,"ZCTA spans 2 counties; nearest county centroid is 16 km away, next is 23 km (margin 7 km)"
"mallard-creek-recreation-center","Charlotte",NC,28269,"Mecklenburg",zip_nearest_county_centroid,0.6,0.9691,"ZCTA spans 2 counties; nearest county centroid is 14 km away, next is 19 km (margin 5 km)"
"prosperity-athletic-club","Charlotte",NC,28269,"Mecklenburg",zip_nearest_county_centroid,0.78,0.9691,"ZCTA spans 2 counties; nearest county centroid is 14 km away, next is 23 km (margin 9 km)"
"the-volley-charlotte-f50026","Charlotte",NC,,"",none,0,,"no postal_code"
"unc-charlotte-student-activity-center","Charlotte",NC,28262,"Mecklenburg",zip_nearest_county_centroid,0.6,0.9908,"ZCTA spans 2 counties; nearest county centroid is 11 km away, next is 19 km (margin 8 km)"
"veterans-memorial-park-mint-hill-charlotte-charlotte-nc","Charlotte",NC,28227,"Mecklenburg",zip_nearest_county_centroid,0.78,0.9921,"ZCTA spans 2 counties; nearest county centroid is 11 km away, next is 30 km (margin 19 km)"
"willowmere-clubhouse-charlotte-charlotte-nc","Charlotte",NC,28271,"",none,0,,"ZIP has no ZCTA in the Census relationship file (often a PO-box or point ZIP)"
"clayton-community-center","Clayton",NC,27520,"Johnston",zip_nearest_county_centroid,0.6,0.9589,"ZCTA spans 2 counties; nearest county centroid is 18 km away, next is 22 km (margin 3 km)"
"clayton-fitness","Clayton",NC,27520,"Johnston",zip_nearest_county_centroid,0.6,0.9589,"ZCTA spans 2 counties; nearest county centroid is 19 km away, next is 21 km (margin 2 km)"
"clayton-nc-clayton-nc","Clayton",NC,27520,"Johnston",zip_nearest_county_centroid,0.6,0.9589,"ZCTA spans 2 counties; nearest county centroid is 18 km away, next is 22 km (margin 5 km)"
"rbi-training-academy","Clayton",NC,27520,"Johnston",zip_nearest_county_centroid,0.6,0.9589,"ZCTA spans 2 counties; nearest county centroid is 17 km away, next is 23 km (margin 6 km)"
"green-creek-community-center-columbus-nc","Columbus",NC,28780,"",none,0,,"ZIP has no ZCTA in the Census relationship file (often a PO-box or point ZIP)"
"frank-liske-park","Concord",NC,28027,"Cabarrus",zip_nearest_county_centroid,0.78,0.9999,"ZCTA spans 2 counties; nearest county centroid is 7 km away, next is 23 km (margin 15 km)"
"vineyard-point-cornelius-nc","Cornelius",NC,38031,"",none,0,,"ZIP has no ZCTA in the Census relationship file (often a PO-box or point ZIP)"
"creedmoor-gym-activity-center","Creedmoor",NC,27522,"Granville",zip_nearest_county_centroid,0.78,0.8797,"ZCTA spans 2 counties; nearest county centroid is 20 km away, next is 37 km (margin 17 km)"
"plum-creek-park-davidson-nc-28036-davidson-nc","Davidson",NC,28036,"Mecklenburg",zip_nearest_county_centroid,0.6,0.5798,"ZCTA spans 4 counties; nearest county centroid is 29 km away, next is 29 km (margin 1 km)"
"river-run-country-club-davidson-nc","Davidson",NC,28036,"Cabarrus",zip_nearest_county_centroid,0.6,0.3357,"ZCTA spans 4 counties; nearest county centroid is 25 km away, next is 25 km (margin 0 km) — OVERRODE the larger-by-land-area candidate"
"bombay-park","Denton",NC,27239,"Davidson",zip_nearest_county_centroid,0.78,0.6005,"ZCTA spans 2 counties; nearest county centroid is 20 km away, next is 29 km (margin 9 km)"
"the-springs-at-high-rock","Denton",NC,27239,"Davidson",zip_nearest_county_centroid,0.78,0.6005,"ZCTA spans 2 counties; nearest county centroid is 20 km away, next is 29 km (margin 9 km)"
"east-lincoln-community-center","Denver",NC,28037,"Lincoln",zip_nearest_county_centroid,0.6,0.892,"ZCTA spans 2 counties; nearest county centroid is 20 km away, next is 28 km (margin 8 km)"
"lakeshore-church-gym","Denver",NC,28037,"Lincoln",zip_nearest_county_centroid,0.6,0.892,"ZCTA spans 2 counties; nearest county centroid is 18 km away, next is 22 km (margin 4 km)"
"trilogy-lake-norman","Denver",NC,28037,"Lincoln",zip_nearest_county_centroid,0.6,0.892,"ZCTA spans 2 counties; nearest county centroid is 18 km away, next is 22 km (margin 4 km)"
"verdict-ridge-golf-and-country-club","Denver",NC,28037,"Lincoln",zip_nearest_county_centroid,0.78,0.892,"ZCTA spans 2 counties; nearest county centroid is 18 km away, next is 26 km (margin 8 km)"
"bethesda-park-tennis-courts","Durham",NC,27703,"Durham",zip_nearest_county_centroid,0.78,0.9933,"ZCTA spans 2 counties; nearest county centroid is 10 km away, next is 25 km (margin 14 km)"
"carolina-arbors-by-del-webb","Durham",NC,27703,"Durham",zip_nearest_county_centroid,0.6,0.9933,"ZCTA spans 2 counties; nearest county centroid is 14 km away, next is 20 km (margin 6 km)"
"duke-university-east-campus","Durham",NC,27707,"Durham",zip_nearest_county_centroid,0.78,0.9146,"ZCTA spans 2 counties; nearest county centroid is 5 km away, next is 20 km (margin 15 km)"
"durham-nativity-school","Durham",NC,27712,"Durham",zip_nearest_county_centroid,0.78,0.9827,"ZCTA spans 2 counties; nearest county centroid is 3 km away, next is 21 km (margin 18 km)"
"forest-hills-park-2802","Durham",NC,27707,"Durham",zip_nearest_county_centroid,0.78,0.9146,"ZCTA spans 2 counties; nearest county centroid is 7 km away, next is 21 km (margin 14 km)"
"garrett-road-park","Durham",NC,27707,"Durham",zip_nearest_county_centroid,0.6,0.9146,"ZCTA spans 2 counties; nearest county centroid is 14 km away, next is 21 km (margin 7 km)"
"hollow-rock-racquet-swim-club","Durham",NC,,"",none,0,,"no postal_code"
"ir-holmes-rec-ctr-campus-hills-park","Durham",NC,27707,"Durham",zip_nearest_county_centroid,0.78,0.9146,"ZCTA spans 2 counties; nearest county centroid is 8 km away, next is 23 km (margin 15 km)"
"lyon-park-recreation-center","Durham",NC,27707,"Durham",zip_nearest_county_centroid,0.78,0.9146,"ZCTA spans 2 counties; nearest county centroid is 6 km away, next is 20 km (margin 14 km)"
"piney-wood-park-durham-nc","Durham",NC,27713,"Durham",zip_nearest_county_centroid,0.78,0.7297,"ZCTA spans 3 counties; nearest county centroid is 14 km away, next is 28 km (margin 15 km)"
"walltown-recreation-center","Durham",NC,27705,"Durham",zip_nearest_county_centroid,0.78,0.5311,"ZCTA spans 2 counties; nearest county centroid is 4 km away, next is 19 km (margin 15 km)"
"wd-hill-recreation-center","Durham",NC,27707,"Durham",zip_nearest_county_centroid,0.78,0.9146,"ZCTA spans 2 counties; nearest county centroid is 6 km away, next is 22 km (margin 16 km)"
"edneyville-community-center-hcprd-edneyville-nc","Edneyville",NC,28792,"Henderson",zip_nearest_county_centroid,0.6,0.9681,"ZCTA spans 3 counties; nearest county centroid is 14 km away, next is 20 km (margin 6 km)"
"edneyville-elementary-school-gym-hcprd-edneyville-nc","Edneyville",NC,28792,"Henderson",zip_nearest_county_centroid,0.6,0.9681,"ZCTA spans 3 counties; nearest county centroid is 14 km away, next is 20 km (margin 6 km)"
"elkin-recreation-and-parks","Elkin",NC,28621,"Surry",zip_nearest_county_centroid,0.6,0.6802,"ZCTA spans 2 counties; nearest county centroid is 24 km away, next is 29 km (margin 4 km)"
"elkin-recreation-center","Elkin",NC,28621,"Surry",zip_nearest_county_centroid,0.6,0.6802,"ZCTA spans 2 counties; nearest county centroid is 24 km away, next is 29 km (margin 4 km)"
"etowah-park-hcprd-etowah-nc","Etowah",NC,28739,"Henderson",zip_nearest_county_centroid,0.78,0.9528,"ZCTA spans 2 counties; nearest county centroid is 10 km away, next is 24 km (margin 14 km)"
"bill-moore-community-park-pickleball-courts","Fletcher",NC,28732,"Henderson",zip_nearest_county_centroid,0.78,0.6374,"ZCTA spans 2 counties; nearest county centroid is 10 km away, next is 21 km (margin 10 km)"
"lelia-patterson-center","Fletcher",NC,28732,"Henderson",zip_nearest_county_centroid,0.78,0.6374,"ZCTA spans 2 counties; nearest county centroid is 10 km away, next is 21 km (margin 10 km)"
"action-park-fuquay-varina-nc","Fuquay varina",NC,27526,"Wake",zip_nearest_county_centroid,0.6,0.4028,"ZCTA spans 2 counties; nearest county centroid is 26 km away, next is 26 km (margin 0 km) — OVERRODE the larger-by-land-area candidate"
"fuquay-varina-community-center","Fuquay-Varina",NC,27526,"Harnett",zip_nearest_county_centroid,0.6,0.5972,"ZCTA spans 2 counties; nearest county centroid is 25 km away, next is 27 km (margin 2 km)"
"home-court-pickleball","Fuquay-Varina",NC,27526,"Harnett",zip_dominant_county,0.55,0.5972,"ZCTA spans 2 counties; dominant county holds 59.7% of land area (no coordinates to disambiguate)"
"poole-family-ymca-garner-nc","Garner",NC,27529,"Wake",zip_nearest_county_centroid,0.78,0.6614,"ZCTA spans 2 counties; nearest county centroid is 12 km away, next is 30 km (margin 17 km)"
"rand-road-elementary-school","Garner",NC,27529,"Wake",zip_nearest_county_centroid,0.78,0.6614,"ZCTA spans 2 counties; nearest county centroid is 15 km away, next is 28 km (margin 12 km)"
"gibsonville-community-center","Gibsonville",NC,27249,"Alamance",zip_nearest_county_centroid,0.6,0.0886,"ZCTA spans 4 counties; nearest county centroid is 15 km away, next is 22 km (margin 7 km) — OVERRODE the larger-by-land-area candidate"
"goldsboro-family-ymca","Goldsboro",NC,27534,"Wayne",zip_nearest_county_centroid,0.78,0.9921,"ZCTA spans 2 counties; nearest county centroid is 7 km away, next is 26 km (margin 18 km)"
"granite-falls-recreation-granite-falls-nc","Granite Falls",NC,28630,"Caldwell",zip_nearest_county_centroid,0.78,0.9853,"ZCTA spans 2 counties; nearest county centroid is 18 km away, next is 27 km (margin 8 km)"
"cummings-cove-golf-country-club","Hendersonville",NC,28739,"Henderson",zip_nearest_county_centroid,0.78,0.9528,"ZCTA spans 2 counties; nearest county centroid is 8 km away, next is 25 km (margin 17 km)"
"edneyville-community-center","Hendersonville",NC,28792,"Henderson",zip_nearest_county_centroid,0.78,0.9681,"ZCTA spans 3 counties; nearest county centroid is 12 km away, next is 21 km (margin 9 km)"
"edneyville-elementary","Hendersonville",NC,28792,"Henderson",zip_nearest_county_centroid,0.78,0.9681,"ZCTA spans 3 counties; nearest county centroid is 11 km away, next is 21 km (margin 11 km)"
"carolina-pickleball-club-hickory","Hickory",NC,,"",none,0,,"no postal_code"
"first-united-methodist-church-christian-life-center","Hickory",NC,28601,"Catawba",zip_nearest_county_centroid,0.78,0.6405,"ZCTA spans 4 counties; nearest county centroid is 14 km away, next is 26 km (margin 12 km)"
"hickory-optimist-park-hickory-nc","Hickory",NC,28602,"Catawba",zip_nearest_county_centroid,0.78,0.8082,"ZCTA spans 2 counties; nearest county centroid is 14 km away, next is 32 km (margin 18 km)"
"highland-recreation-center","Hickory",NC,28601,"Catawba",zip_nearest_county_centroid,0.78,0.6405,"ZCTA spans 4 counties; nearest county centroid is 14 km away, next is 26 km (margin 12 km)"
"armstrong-park","High Point",NC,27265,"Guilford",zip_nearest_county_centroid,0.6,0.584,"ZCTA spans 3 counties; nearest county centroid is 23 km away, next is 26 km (margin 3 km)"
"hartley-ymca","High Point",NC,27265,"Guilford",zip_nearest_county_centroid,0.6,0.584,"ZCTA spans 3 counties; nearest county centroid is 24 km away, next is 26 km (margin 2 km)"
"moorehead-recreation-center","High Point",NC,27265,"Guilford",zip_nearest_county_centroid,0.6,0.584,"ZCTA spans 3 counties; nearest county centroid is 23 km away, next is 27 km (margin 4 km)"
"oakview-recreation-center","High Point",NC,27265,"Guilford",zip_nearest_county_centroid,0.6,0.584,"ZCTA spans 3 counties; nearest county centroid is 22 km away, next is 26 km (margin 4 km)"
"highlands-recreation-center-highlands-nc","Highlands",NC,28741,"Macon",zip_nearest_county_centroid,0.6,0.87,"ZCTA spans 2 counties; nearest county centroid is 23 km away, next is 26 km (margin 3 km)"
"fairview-park-tennis-courts-hillsborough-nc","Hillsborough",NC,27278,"Orange",zip_nearest_county_centroid,0.78,0.9596,"ZCTA spans 2 counties; nearest county centroid is 3 km away, next is 22 km (margin 18 km)"
"orange-county-sportsplex-field-house","Hillsborough",NC,27278,"Orange",zip_nearest_county_centroid,0.78,0.9596,"ZCTA spans 2 counties; nearest county centroid is 2 km away, next is 20 km (margin 18 km)"
"passmore-senior-center","Hillsborough",NC,27278,"Orange",zip_nearest_county_centroid,0.78,0.9596,"ZCTA spans 2 counties; nearest county centroid is 2 km away, next is 20 km (margin 18 km)"
"david-b-waymer-recreation-center","Holbrooks Rd",NC,28078,"Mecklenburg",zip_nearest_county_centroid,0.6,0.9807,"ZCTA spans 2 counties; nearest county centroid is 17 km away, next is 25 km (margin 8 km)"
"12-oaks","Holly Springs",NC,27540,"Wake",zip_nearest_county_centroid,0.78,0.7243,"ZCTA spans 3 counties; nearest county centroid is 24 km away, next is 34 km (margin 9 km)"
"holly-springs-ting-park-holly-springs-nc","Holly Springs",NC,27540,"Wake",zip_nearest_county_centroid,0.78,0.7243,"ZCTA spans 3 counties; nearest county centroid is 22 km away, next is 34 km (margin 12 km)"
"ting-park-sports-club","Holly Springs",NC,27540,"Wake",zip_nearest_county_centroid,0.78,0.7243,"ZCTA spans 3 counties; nearest county centroid is 22 km away, next is 33 km (margin 12 km)"
"w-e-hunt-community-center","Holly Springs",NC,27540,"Wake",zip_nearest_county_centroid,0.78,0.7243,"ZCTA spans 3 counties; nearest county centroid is 23 km away, next is 31 km (margin 8 km)"
"womble-park-holly-springs","Holly Springs",NC,27540,"Wake",zip_nearest_county_centroid,0.78,0.7243,"ZCTA spans 3 counties; nearest county centroid is 22 km away, next is 32 km (margin 10 km)"
"david-b-waymer-recreation-center-10939","Huntersville",NC,28078,"Mecklenburg",zip_nearest_county_centroid,0.78,0.9807,"ZCTA spans 2 counties; nearest county centroid is 17 km away, next is 26 km (margin 9 km)"
"david-waymer-park-huntersville-huntersville-nc","Huntersville",NC,28078,"Mecklenburg",zip_nearest_county_centroid,0.78,0.9807,"ZCTA spans 2 counties; nearest county centroid is 17 km away, next is 26 km (margin 9 km)"
"david-waymer-rec-center","Huntersville",NC,28078,"Mecklenburg",zip_nearest_county_centroid,0.78,0.9807,"ZCTA spans 2 counties; nearest county centroid is 18 km away, next is 27 km (margin 9 km)"
"holbrook-park","Huntersville",NC,28078,"Mecklenburg",zip_nearest_county_centroid,0.78,0.9807,"ZCTA spans 2 counties; nearest county centroid is 18 km away, next is 27 km (margin 8 km)"
"huntersville-rec-huntersville-nc","Huntersville",NC,28078,"Mecklenburg",zip_nearest_county_centroid,0.78,0.9807,"ZCTA spans 2 counties; nearest county centroid is 15 km away, next is 27 km (margin 12 km)"
"kinnamon-park-huntersville-nc","Huntersville",NC,28078,"Mecklenburg",zip_nearest_county_centroid,0.78,0.9807,"ZCTA spans 2 counties; nearest county centroid is 17 km away, next is 29 km (margin 12 km)"
"lake-norman-charter-elementary-school-gym","Huntersville",NC,28070,"",none,0,,"ZIP has no ZCTA in the Census relationship file (often a PO-box or point ZIP)"
"macaulay-neighborhood-courts-huntersville-nc","Huntersville",NC,28078,"Mecklenburg",zip_nearest_county_centroid,0.78,0.9807,"ZCTA spans 2 counties; nearest county centroid is 20 km away, next is 30 km (margin 9 km)"
"northstone-cc-huntersville-nc","Huntersville",NC,28078,"Mecklenburg",zip_nearest_county_centroid,0.6,0.9807,"ZCTA spans 2 counties; nearest county centroid is 21 km away, next is 25 km (margin 4 km)"
"pickleball-huntersville","Huntersville",NC,28078,"Mecklenburg",zip_nearest_county_centroid,0.78,0.9807,"ZCTA spans 2 counties; nearest county centroid is 18 km away, next is 26 km (margin 8 km)"
"torrence-creek-elementary","Huntersville",NC,28078,"Mecklenburg",zip_nearest_county_centroid,0.78,0.9807,"ZCTA spans 2 counties; nearest county centroid is 19 km away, next is 29 km (margin 10 km)"
"crooked-creek-park-pickleball-courts-indian-trail","Indian Trail",NC,,"",none,0,,"no postal_code"
"foxfire","Jackson Springs",NC,27281,"Moore",zip_nearest_county_centroid,0.78,0.587,"ZCTA spans 3 counties; nearest county centroid is 16 km away, next is 26 km (margin 9 km)"
"carolina-pickleball-club-kannapolis","Kannapolis",NC,28083,"Cabarrus",zip_nearest_county_centroid,0.6,0.7509,"ZCTA spans 2 counties; nearest county centroid is 13 km away, next is 19 km (margin 7 km)"
"4th-of-july-park-kernersville-nc","Kernersville",NC,27284,"Forsyth",zip_nearest_county_centroid,0.78,0.8291,"ZCTA spans 3 counties; nearest county centroid is 17 km away, next is 26 km (margin 9 km)"
"civitan-fitness-park-kernersville-nc","Kernersville",NC,27284,"Forsyth",zip_nearest_county_centroid,0.78,0.8291,"ZCTA spans 3 counties; nearest county centroid is 17 km away, next is 26 km (margin 9 km)"
"fourth-of-july-park","Kernersville",NC,27284,"Forsyth",zip_nearest_county_centroid,0.78,0.8291,"ZCTA spans 3 counties; nearest county centroid is 16 km away, next is 27 km (margin 11 km)"
"kernersville-ymca","Kernersville",NC,27284,"Forsyth",zip_nearest_county_centroid,0.78,0.8291,"ZCTA spans 3 counties; nearest county centroid is 15 km away, next is 28 km (margin 13 km)"
"the-fitness-center-at-kernersville","Kernersville",NC,27284,"Forsyth",zip_nearest_county_centroid,0.78,0.8291,"ZCTA spans 3 counties; nearest county centroid is 15 km away, next is 28 km (margin 13 km)"
"the-shepherd-s-center-kernersville","Kernersville",NC,27284,"Forsyth",zip_nearest_county_centroid,0.6,0.8291,"ZCTA spans 3 counties; nearest county centroid is 18 km away, next is 25 km (margin 7 km)"
"kings-mountain-family-ymca","Kings Mountain",NC,28086,"Gaston",zip_nearest_county_centroid,0.6,0.2582,"ZCTA spans 2 counties; nearest county centroid is 16 km away, next is 22 km (margin 6 km) — OVERRODE the larger-by-land-area candidate"
"stokes-family-ymca","King",NC,27021,"Stokes",zip_nearest_county_centroid,0.6,0.9934,"ZCTA spans 2 counties; nearest county centroid is 15 km away, next is 19 km (margin 4 km)"
"1st-baptist-church-flc-lincolnton-nc","Lincolnton",NC,28092,"Lincoln",zip_nearest_county_centroid,0.78,0.8754,"ZCTA spans 3 counties; nearest county centroid is 4 km away, next is 19 km (margin 16 km)"
"betty-ross-park-lincolnton-nc","Lincolnton",NC,28092,"Lincoln",zip_nearest_county_centroid,0.78,0.8754,"ZCTA spans 3 counties; nearest county centroid is 3 km away, next is 21 km (margin 18 km)"
"block-smith-gymnasium","Lincolnton",NC,28092,"Lincoln",zip_nearest_county_centroid,0.78,0.8754,"ZCTA spans 3 counties; nearest county centroid is 3 km away, next is 21 km (margin 17 km)"
"lentz-rec-center-lincolnton-nc","Lincolnton",NC,28092,"Lincoln",zip_nearest_county_centroid,0.78,0.8754,"ZCTA spans 3 counties; nearest county centroid is 4 km away, next is 20 km (margin 16 km)"
"north-lincoln-hs-lincolnton-nc","Lincolnton",NC,28092,"Lincoln",zip_nearest_county_centroid,0.78,0.8754,"ZCTA spans 3 counties; nearest county centroid is 3 km away, next is 21 km (margin 18 km)"
"mars-hill-recreational-park-mars-hill-nc","Mars Hill",NC,28754,"Madison",zip_nearest_county_centroid,0.78,0.9462,"ZCTA spans 2 counties; nearest county centroid is 15 km away, next is 24 km (margin 9 km)"
"colonel-francis-beatty-park-matthews-matthews-nc","Matthews",NC,28105,"Union",zip_nearest_county_centroid,0.6,0.0143,"ZCTA spans 2 counties; nearest county centroid is 20 km away, next is 22 km (margin 2 km) — OVERRODE the larger-by-land-area candidate"
"crews-recreation-center","Matthews",NC,28105,"Mecklenburg",zip_nearest_county_centroid,0.6,0.9857,"ZCTA spans 2 counties; nearest county centroid is 18 km away, next is 22 km (margin 5 km)"
"matthews-tennis-and-swim-club-matthews-nc","Matthews",NC,28105,"Mecklenburg",zip_nearest_county_centroid,0.6,0.9857,"ZCTA spans 2 counties; nearest county centroid is 20 km away, next is 21 km (margin 1 km)"
"mebane-arts-community-center","Mebane",NC,27302,"Alamance",zip_nearest_county_centroid,0.6,0.4038,"ZCTA spans 3 counties; nearest county centroid is 13 km away, next is 14 km (margin 0 km)"
"mebane-tennis-courts","Mebane",NC,27302,"Alamance",zip_nearest_county_centroid,0.6,0.4038,"ZCTA spans 3 counties; nearest county centroid is 13 km away, next is 14 km (margin 1 km)"
"mills-river-park","Mills River",NC,28759,"Henderson",zip_nearest_county_centroid,0.78,0.9836,"ZCTA spans 2 counties; nearest county centroid is 10 km away, next is 25 km (margin 15 km)"
"mint-hill-veterans-memorial-park-mint-hill-nc","Mint Hill",NC,28227,"Mecklenburg",zip_nearest_county_centroid,0.6,0.9921,"ZCTA spans 2 counties; nearest county centroid is 20 km away, next is 23 km (margin 3 km)"
"wilgrove-park-mint-hill-mint-hill-nc","Mint Hill",NC,28227,"Mecklenburg",zip_nearest_county_centroid,0.6,0.9921,"ZCTA spans 2 counties; nearest county centroid is 17 km away, next is 25 km (margin 7 km)"
"lake-norman-pickleball-club","Mooresville",NC,,"",none,0,,"no postal_code"
"lake-norman-racquet-social-club","Mooresville",NC,,"",none,0,,"no postal_code"
"mooresville-war-memorial-building","Mooresville",NC,,"",none,0,,"no postal_code"
"morrisville-pickleball-courts-morrisville-nc","Morrisville",NC,27560,"Wake",zip_nearest_county_centroid,0.6,0.8691,"ZCTA spans 2 counties; nearest county centroid is 17 km away, next is 24 km (margin 7 km)"
"netsports-indoor-facility","Morrisville",NC,27560,"Wake",zip_nearest_county_centroid,0.6,0.8691,"ZCTA spans 2 counties; nearest county centroid is 19 km away, next is 23 km (margin 4 km)"
"triangle-table-tennis","Morrisville",NC,27560,"Wake",zip_nearest_county_centroid,0.6,0.8691,"ZCTA spans 2 counties; nearest county centroid is 17 km away, next is 24 km (margin 7 km)"
"riverside-park-7603","Mount Airy",NC,27030,"Surry",zip_nearest_county_centroid,0.78,0.9574,"ZCTA spans 2 counties; nearest county centroid is 12 km away, next is 32 km (margin 20 km)"
"standback-park","Mount Gilead",NC,27306,"Montgomery",zip_nearest_county_centroid,0.78,0.7729,"ZCTA spans 2 counties; nearest county centroid is 15 km away, next is 32 km (margin 17 km)"
"riverside-park-mt-airy-nc","Mt. Airy",NC,27030,"Surry",zip_nearest_county_centroid,0.78,0.9574,"ZCTA spans 2 counties; nearest county centroid is 12 km away, next is 32 km (margin 20 km)"
"konehete-park","Murphy",NC,28906,"Cherokee",zip_nearest_county_centroid,0.78,0.9997,"ZCTA spans 2 counties; nearest county centroid is 6 km away, next is 26 km (margin 20 km)"
"murphy-murphy-nc","Murphy",NC,28906,"Cherokee",zip_nearest_county_centroid,0.78,0.9997,"ZCTA spans 2 counties; nearest county centroid is 6 km away, next is 26 km (margin 20 km)"
"cottle-park-new-bern-nc","New Bern",NC,28562,"Craven",zip_nearest_county_centroid,0.78,0.9205,"ZCTA spans 2 counties; nearest county centroid is 4 km away, next is 23 km (margin 19 km)"
"table-tennis-carolina-colours-activity-center-new-bern-nc","New Bern",NC,28562,"Craven",zip_nearest_county_centroid,0.78,0.9205,"ZCTA spans 2 counties; nearest county centroid is 12 km away, next is 32 km (margin 19 km)"
"norlina-private-norlina-nc","Norlina",NC,27563,"Warren",zip_nearest_county_centroid,0.78,0.9701,"ZCTA spans 2 counties; nearest county centroid is 9 km away, next is 21 km (margin 12 km)"
"norlina-pool-and-pickleball-private","Norlina",NC,27563,"Warren",zip_nearest_county_centroid,0.78,0.9701,"ZCTA spans 2 counties; nearest county centroid is 10 km away, next is 21 km (margin 10 km)"
"luckydog-tennis-and-pickleball-club","North Wilkesboro",NC,,"",none,0,,"no postal_code"
"wilkes-senior-center","North Wilkesboro",NC,28597,"",none,0,,"ZIP has no ZCTA in the Census relationship file (often a PO-box or point ZIP)"
"hix-gymnasium","Oxford",NC,27565,"Granville",zip_nearest_county_centroid,0.78,0.9475,"ZCTA spans 3 counties; nearest county centroid is 6 km away, next is 18 km (margin 12 km)"
"forest-creek-golf-club","Pinehurst",NC,,"",none,0,,"no postal_code"
"lake-lynn-community-center","Raleigh",NC,27613,"Wake",zip_nearest_county_centroid,0.78,0.8352,"ZCTA spans 2 counties; nearest county centroid is 12 km away, next is 23 km (margin 11 km)"
"north-hills-club-raleigh","Raleigh",NC,,"",none,0,,"no postal_code"
"country-club-at-wakefield-plantation","Raleigh",NC,,"",none,0,,"no postal_code"
"walltown-park-pickleball-courts","Raleigh",NC,,"",none,0,,"no postal_code"
"freedom-academy","Reidsville",NC,27320,"Rockingham",zip_nearest_county_centroid,0.78,0.8758,"ZCTA spans 3 counties; nearest county centroid is 14 km away, next is 28 km (margin 14 km)"
"freedom-academy-13976","Reidsville",NC,27320,"Rockingham",zip_nearest_county_centroid,0.78,0.8758,"ZCTA spans 3 counties; nearest county centroid is 11 km away, next is 29 km (margin 18 km)"
"jaycee-park","Reidsville",NC,27320,"Rockingham",zip_nearest_county_centroid,0.78,0.8758,"ZCTA spans 3 counties; nearest county centroid is 12 km away, next is 30 km (margin 18 km)"
"reidsville-senior-citizens-center","Reidsville",NC,27320,"Rockingham",zip_nearest_county_centroid,0.78,0.8758,"ZCTA spans 3 counties; nearest county centroid is 10 km away, next is 30 km (margin 20 km)"
"stecoah-valley-arts-center-robbinsville-nc","Robbinsville",NC,12486,"Ulster",zip_single_county,0,1,"derived county is in NY but the row says NC - ZIP or state is wrong"
"saluda-elementary-school-saluda-nc","Saluda",NC,28773,"Henderson",zip_nearest_county_centroid,0.6,0.2638,"ZCTA spans 2 counties; nearest county centroid is 16 km away, next is 17 km (margin 1 km) — OVERRODE the larger-by-land-area candidate"
"carolina-lakes-pickleball-courts-sanford-nc-27332-sanford-nc","Sanford",NC,27332,"Lee",zip_nearest_county_centroid,0.78,0.6408,"ZCTA spans 2 counties; nearest county centroid is 5 km away, next is 25 km (margin 20 km)"
"burlingame-country-club","Sapphire",NC,,"",none,0,,"no postal_code"
"sapphire-valley-resort","Sapphire",NC,28774,"Transylvania",zip_nearest_county_centroid,0.6,0.6194,"ZCTA spans 2 counties; nearest county centroid is 20 km away, next is 23 km (margin 2 km)"
"the-country-club-of-sapphire-valley-sapphire-nc","Sapphire",NC,28774,"Transylvania",zip_nearest_county_centroid,0.6,0.6194,"ZCTA spans 2 counties; nearest county centroid is 20 km away, next is 23 km (margin 2 km)"
"racquet-club-at-seven-lakes","Seven Lakes",NC,,"",none,0,,"no postal_code"
"mountain-creek-park","Sherrills Ford",NC,28673,"Catawba",zip_nearest_county_centroid,0.6,0.9946,"ZCTA spans 2 counties; nearest county centroid is 21 km away, next is 26 km (margin 5 km)"
"brad-ragan-park-spruce-pine-nc","Spruce Pine",NC,28777,"Mitchell",zip_nearest_county_centroid,0.6,0.7963,"ZCTA spans 4 counties; nearest county centroid is 14 km away, next is 20 km (margin 6 km)"
"stallings-municipal-park","Stallings",NC,28105,"Union",zip_nearest_county_centroid,0.6,0.0143,"ZCTA spans 2 counties; nearest county centroid is 18 km away, next is 22 km (margin 4 km) — OVERRODE the larger-by-land-area candidate"
"cowans-ford-golf-course","Stanley",NC,28164,"Gaston",zip_nearest_county_centroid,0.78,0.6273,"ZCTA spans 2 counties; nearest county centroid is 10 km away, next is 19 km (margin 8 km)"
"reality-activity-center-stoneville-nc","Stoneville",NC,27048,"Rockingham",zip_nearest_county_centroid,0.6,0.9857,"ZCTA spans 2 counties; nearest county centroid is 15 km away, next is 18 km (margin 4 km)"
"sugar-mountain-public-courts-sugar-mountain-nc","Sugar Mountain",NC,28604,"Avery",zip_nearest_county_centroid,0.78,0.4237,"ZCTA spans 2 counties; nearest county centroid is 8 km away, next is 18 km (margin 10 km) — OVERRODE the larger-by-land-area candidate"
"bethany-community-school","Summerfield",NC,27358,"Guilford",zip_nearest_county_centroid,0.6,0.7075,"ZCTA spans 2 counties; nearest county centroid is 18 km away, next is 22 km (margin 4 km)"
"surf-city-parks-and-rec-community-center","Surf City",NC,28445,"Pender",zip_nearest_county_centroid,0.6,0.09,"ZCTA spans 2 counties; nearest county centroid is 31 km away, next is 36 km (margin 6 km) — OVERRODE the larger-by-land-area candidate"
"topsail-beach-pickleball-courts-surf-city-surf-city-nc","Surf City",NC,28445,"Pender",zip_nearest_county_centroid,0.6,0.09,"ZCTA spans 2 counties; nearest county centroid is 33 km away, next is 38 km (margin 5 km) — OVERRODE the larger-by-land-area candidate"
"thomasville-ymca","Thomasville",NC,27360,"Davidson",zip_nearest_county_centroid,0.78,0.8783,"ZCTA spans 2 counties; nearest county centroid is 15 km away, next is 31 km (margin 17 km)"
"topsail-beach-town-center","Topsail Beach",NC,28445,"Pender",zip_nearest_county_centroid,0.78,0.09,"ZCTA spans 2 counties; nearest county centroid is 29 km away, next is 46 km (margin 17 km) — OVERRODE the larger-by-land-area candidate"
"town-creek-park","Town Creek",NC,,"",none,0,,"no postal_code"
"west-craven-park-vanceboro-nc","Vanceboro",NC,28586,"Craven",zip_nearest_county_centroid,0.78,0.9131,"ZCTA spans 3 counties; nearest county centroid is 21 km away, next is 35 km (margin 13 km)"
"huntersville-recreation-center","Verhoeff Drive",NC,28078,"Mecklenburg",zip_nearest_county_centroid,0.78,0.9807,"ZCTA spans 2 counties; nearest county centroid is 16 km away, next is 26 km (margin 10 km)"
"del-webb-at-traditions","Wake Forest",NC,27587,"Franklin",zip_nearest_county_centroid,0.6,0.0269,"ZCTA spans 3 counties; nearest county centroid is 23 km away, next is 25 km (margin 1 km) — OVERRODE the larger-by-land-area candidate"
"flaherty-park-community-center","Wake Forest",NC,27587,"Franklin",zip_nearest_county_centroid,0.6,0.0269,"ZCTA spans 3 counties; nearest county centroid is 21 km away, next is 27 km (margin 5 km) — OVERRODE the larger-by-land-area candidate"
"joyner-community-center-wake-forest-nc","Wake Forest",NC,27587,"Franklin",zip_nearest_county_centroid,0.6,0.0269,"ZCTA spans 3 counties; nearest county centroid is 23 km away, next is 26 km (margin 3 km) — OVERRODE the larger-by-land-area candidate"
"pickles-and-play","Wake Forest",NC,27587,"Franklin",zip_nearest_county_centroid,0.6,0.0269,"ZCTA spans 3 counties; nearest county centroid is 24 km away, next is 25 km (margin 1 km) — OVERRODE the larger-by-land-area candidate"
"athletic-edge-sports-fitness","Washington",NC,27889,"Beaufort",zip_nearest_county_centroid,0.6,0.9044,"ZCTA spans 3 counties; nearest county centroid is 22 km away, next is 28 km (margin 7 km)"
"bobby-andrews-recreation-center","Washington",NC,27889,"Beaufort",zip_nearest_county_centroid,0.78,0.9044,"ZCTA spans 3 counties; nearest county centroid is 20 km away, next is 30 km (margin 10 km)"
"bug-house-park-washington-nc","Washington",NC,27889,"Beaufort",zip_nearest_county_centroid,0.78,0.9044,"ZCTA spans 3 counties; nearest county centroid is 19 km away, next is 30 km (margin 11 km)"
"washington-yacht-country-club","Washington",NC,27889,"Martin",zip_nearest_county_centroid,0.78,0.0203,"ZCTA spans 3 counties; nearest county centroid is 35 km away, next is 46 km (margin 10 km) — OVERRODE the larger-by-land-area candidate"
"ballcrank-arcade-fairgrounds-weaverville","Weaverville",NC,,"",none,0,,"no postal_code"
"lake-louise-recreational-center-weaverville-nc","Weaverville",NC,28787,"Buncombe",zip_nearest_county_centroid,0.78,0.9462,"ZCTA spans 2 counties; nearest county centroid is 10 km away, next is 23 km (margin 14 km)"
"beau-rivage-golf-resort","Wilmington",NC,,"",none,0,,"no postal_code"
"greenfield-lake-park","Wilmington",NC,,"",none,0,,"no postal_code"
"lutheran-church-of-reconciliation","Wilmington",NC,28411,"New Hanover",zip_nearest_county_centroid,0.78,0.7991,"ZCTA spans 2 counties; nearest county centroid is 12 km away, next is 27 km (margin 15 km)"
"midtown-ymca","Wilmington",NC,,"",none,0,,"no postal_code"
"ogden-ymca-activity-center","Wilmington",NC,28411,"New Hanover",zip_nearest_county_centroid,0.78,0.7991,"ZCTA spans 2 counties; nearest county centroid is 11 km away, next is 27 km (margin 16 km)"
"dill-dinkers-winston-salem-f30024","Winston Salem",NC,,"",none,0,,"no postal_code"
"dill-dinkers-pickleball-club-winston-salem-winston-salem","Winston-Salem",NC,,"",none,0,,"no postal_code"
"georgia-taylor-recreation-center","Winston-Salem",NC,27127,"Forsyth",zip_nearest_county_centroid,0.78,0.8137,"ZCTA spans 2 counties; nearest county centroid is 10 km away, next is 28 km (margin 17 km)"
"william-g-white-ymca","Winston-Salem",NC,,"",none,0,,"no postal_code"
"youngsville-parks-rec","Youngsville",NC,27596,"Franklin",zip_nearest_county_centroid,0.78,0.9084,"ZCTA spans 3 counties; nearest county centroid is 19 km away, next is 30 km (margin 12 km)"
"whitley-park-zebulon-nc","Zebulon",NC,27597,"Franklin",zip_nearest_county_centroid,0.6,0.2843,"ZCTA spans 4 counties; nearest county centroid is 29 km away, next is 30 km (margin 1 km) — OVERRODE the larger-by-land-area candidate"
"bismarck-parks-and-recreation","Bismarck",ND,58554,"Morton",zip_nearest_county_centroid,0.78,0.9435,"ZCTA spans 2 counties; nearest county centroid is 41 km away, next is 54 km (margin 13 km)"
"fargo-sports-complex-fargo-nd","Fargo",ND,58122,"",none,0,,"ZIP has no ZCTA in the Census relationship file (often a PO-box or point ZIP)"
"kulm-city-park-sports-court","Kulm",ND,58456,"LaMoure",zip_nearest_county_centroid,0.6,0.3743,"ZCTA spans 3 counties; nearest county centroid is 37 km away, next is 41 km (margin 4 km) — OVERRODE the larger-by-land-area candidate"
"wiggenhorn-park","Ashland",NE,68003,"Cass",zip_nearest_county_centroid,0.6,0.2653,"ZCTA spans 2 counties; nearest county centroid is 24 km away, next is 31 km (margin 7 km) — OVERRODE the larger-by-land-area candidate"
"blair-ymca","Blair",NE,68006,"",none,0,,"ZIP has no ZCTA in the Census relationship file (often a PO-box or point ZIP)"
"brule-activity-center-brule-ne","Brule",NE,69127,"Keith",zip_nearest_county_centroid,0.78,0.8318,"ZCTA spans 2 counties; nearest county centroid is 23 km away, next is 35 km (margin 11 km)"
"rasmussen-park","Cairo",NE,68824,"Hall",zip_nearest_county_centroid,0.6,0.8622,"ZCTA spans 2 counties; nearest county centroid is 17 km away, next is 25 km (margin 8 km)"
"columbus-fieldhouse-columbus-ne","Columbus",NE,68601,"Platte",zip_nearest_county_centroid,0.78,0.7361,"ZCTA spans 4 counties; nearest county centroid is 18 km away, next is 27 km (margin 9 km)"
"gerrard-park-columbus-ne","Columbus",NE,68601,"Platte",zip_nearest_county_centroid,0.6,0.7361,"ZCTA spans 4 counties; nearest county centroid is 21 km away, next is 28 km (margin 7 km)"
"crofton-auditorium-crofton-ne","Crofton",NE,68730,"Cedar",zip_nearest_county_centroid,0.78,0.3227,"ZCTA spans 2 counties; nearest county centroid is 24 km away, next is 34 km (margin 10 km) — OVERRODE the larger-by-land-area candidate"
"crofton-auditorium","Crofton",NE,68730,"Cedar",zip_nearest_county_centroid,0.78,0.3227,"ZCTA spans 2 counties; nearest county centroid is 24 km away, next is 34 km (margin 10 km) — OVERRODE the larger-by-land-area candidate"
"northside-park-crofton-crofton-ne-1","Crofton",NE,68730,"Cedar",zip_nearest_county_centroid,0.78,0.3227,"ZCTA spans 2 counties; nearest county centroid is 24 km away, next is 34 km (margin 10 km) — OVERRODE the larger-by-land-area candidate"
"walker-valley-crofton-ne","Crofton",NE,68730,"Cedar",zip_nearest_county_centroid,0.78,0.3227,"ZCTA spans 2 counties; nearest county centroid is 24 km away, next is 34 km (margin 10 km) — OVERRODE the larger-by-land-area candidate"
"common-ground-community-center","Elkhorn",NE,,"",none,0,,"no postal_code"
"ewing-school-gym-ewing-ne","Ewing",NE,68735,"Antelope",zip_nearest_county_centroid,0.78,0.0481,"ZCTA spans 3 counties; nearest county centroid is 25 km away, next is 40 km (margin 15 km) — OVERRODE the larger-by-land-area candidate"
"ronin-park-freemont-ne","Freemont",NE,68025,"Dodge",zip_nearest_county_centroid,0.6,0.7314,"ZCTA spans 3 counties; nearest county centroid is 101 km away, next is 105 km (margin 5 km)"
"fremont-family-ymca","Fremont",NE,68025,"Dodge",zip_nearest_county_centroid,0.6,0.7314,"ZCTA spans 3 counties; nearest county centroid is 20 km away, next is 25 km (margin 5 km)"
"friend-city-park-friend-ne","Friend",NE,68359,"Saline",zip_nearest_county_centroid,0.6,0.8549,"ZCTA spans 3 counties; nearest county centroid is 20 km away, next is 27 km (margin 7 km)"
"grace-abbott-park-pickleball-courts-grand-island","Grand Island",NE,,"",none,0,,"no postal_code"
"gretna-north-park","Gretna",NE,68006,"",none,0,,"ZIP has no ZCTA in the Census relationship file (often a PO-box or point ZIP)"
"carter-park","Hastings",NE,68901,"Adams",zip_nearest_county_centroid,0.78,0.8324,"ZCTA spans 3 counties; nearest county centroid is 12 km away, next is 29 km (margin 18 km)"
"apollo-park","Kearney",NE,,"",none,0,,"no postal_code"
"drop-zone-entertainment-complex-kearney","Kearney",NE,68845,"Buffalo",zip_nearest_county_centroid,0.6,0.786,"ZCTA spans 3 counties; nearest county centroid is 17 km away, next is 24 km (margin 7 km)"
"harvey-park-kearney-ne","Kearney",NE,68847,"Buffalo",zip_nearest_county_centroid,0.6,0.8018,"ZCTA spans 2 counties; nearest county centroid is 17 km away, next is 24 km (margin 7 km)"
"harvey-park-outdoor-pickleball-courts","Kearney",NE,68847,"Buffalo",zip_nearest_county_centroid,0.6,0.8018,"ZCTA spans 2 counties; nearest county centroid is 17 km away, next is 24 km (margin 7 km)"
"kirk-patrick-park-lexington-ne","Lexington",NE,68850,"Dawson",zip_nearest_county_centroid,0.78,0.9322,"ZCTA spans 2 counties; nearest county centroid is 12 km away, next is 31 km (margin 20 km)"
"st-mark-s-gym-lincoln-ne","Lincoln",NE,,"",none,0,,"no postal_code"
"christ-lutheran-school-norfolk-ne","Norfolk",NE,68701,"Madison",zip_nearest_county_centroid,0.6,0.6888,"ZCTA spans 3 counties; nearest county centroid is 21 km away, next is 24 km (margin 3 km)"
"norfolk-family-ymca-norfolk-ne","Norfolk",NE,68701,"Madison",zip_nearest_county_centroid,0.78,0.6888,"ZCTA spans 3 counties; nearest county centroid is 20 km away, next is 28 km (margin 8 km)"
"norfolk-liberty-bell-park-norfolk-ne","Norfolk",NE,68701,"Madison",zip_nearest_county_centroid,0.6,0.6888,"ZCTA spans 3 counties; nearest county centroid is 22 km away, next is 25 km (margin 3 km)"
"deer-creek-park-omaha-ne","Omaha",NE,68142,"Douglas",zip_nearest_county_centroid,0.78,0.731,"ZCTA spans 2 counties; nearest county centroid is 10 km away, next is 28 km (margin 18 km)"
"florence-community-center","Omaha",NE,68112,"Douglas",zip_nearest_county_centroid,0.78,0.5717,"ZCTA spans 2 counties; nearest county centroid is 17 km away, next is 31 km (margin 14 km)"
"keystone-tennis-pickleball-courts-omaha-ne","Omaha",NE,68143,"",none,0,,"ZIP has no ZCTA in the Census relationship file (often a PO-box or point ZIP)"
"miller-park-omaha-ne","Omaha",NE,68152,"Douglas",zip_nearest_county_centroid,0.78,0.848,"ZCTA spans 2 counties; nearest county centroid is 17 km away, next is 33 km (margin 16 km)"
"twin-rivers-branch-ymca","Valley",NE,68064,"Dodge",zip_nearest_county_centroid,0.6,0.0097,"ZCTA spans 3 counties; nearest county centroid is 194 km away, next is 199 km (margin 4 km) — OVERRODE the larger-by-land-area candidate"
"valley-city-park-valley-ne","Valley",NE,68064,"Douglas",zip_nearest_county_centroid,0.78,0.909,"ZCTA spans 3 counties; nearest county centroid is 16 km away, next is 26 km (margin 10 km)"
"wayne-park-pickleball","Waverly",NE,68462,"Lancaster",zip_nearest_county_centroid,0.78,0.9464,"ZCTA spans 2 counties; nearest county centroid is 20 km away, next is 33 km (margin 12 km)"
"bethlehem-tennis-courts-bethlehem-nh","Bethlehem",NH,03574,"Grafton",zip_nearest_county_centroid,0.78,0.9952,"ZCTA spans 2 counties; nearest county centroid is 41 km away, next is 52 km (margin 11 km)"
"brattleboro-vt-brattleboro-nh","Brattleboro",NH,05301,"Windham",zip_single_county,0,1,"derived county is in VT but the row says NH - ZIP or state is wrong"
"center-harbor-basketball-courts-center-harbor-nh","Center Harbor",NH,03226,"Belknap",zip_nearest_county_centroid,0.6,0.9998,"ZCTA spans 2 counties; nearest county centroid is 21 km away, next is 27 km (margin 6 km)"
"center-harbor-tennis-courts-center-harbor-nh","Center Harbor",NH,03226,"Belknap",zip_nearest_county_centroid,0.6,0.9998,"ZCTA spans 2 counties; nearest county centroid is 23 km away, next is 29 km (margin 6 km)"
"rollins-park","Concord",NH,03305,"",none,0,,"ZIP has no ZCTA in the Census relationship file (often a PO-box or point ZIP)"
"exeter-recreation-park","Exeter",NH,,"",none,0,,"no postal_code"
"dinkers-indoor-hillsboro-nh","Hillsboro",NH,03244,"Hillsborough",zip_nearest_county_centroid,0.78,0.9936,"ZCTA spans 2 counties; nearest county centroid is 27 km away, next is 37 km (margin 10 km)"
"hillsboro-grimes-field-pickleball-and-tennis-courts","Hillsboro",NH,03244,"Hillsborough",zip_nearest_county_centroid,0.78,0.9936,"ZCTA spans 2 counties; nearest county centroid is 26 km away, next is 38 km (margin 12 km)"
"hillsboro-deering-middle-school-gym-hillsboro-nh","Hillsboro",NH,03244,"Hillsborough",zip_nearest_county_centroid,0.78,0.9936,"ZCTA spans 2 counties; nearest county centroid is 27 km away, next is 37 km (margin 10 km)"
"grimes-field-hillsborough-nh","Hillsborough",NH,03244,"Hillsborough",zip_nearest_county_centroid,0.78,0.9936,"ZCTA spans 2 counties; nearest county centroid is 26 km away, next is 38 km (margin 12 km)"
"expresspickleball-hooksett","Hooksett",NH,,"",none,0,,"no postal_code"
"lyme-tennis-pickleball-courts-rt-10-lyme-nh","Lyme",NH,03769,"",none,0,,"ZIP has no ZCTA in the Census relationship file (often a PO-box or point ZIP)"
"hallsville-school","Manchester",NH,03105,"",none,0,,"ZIP has no ZCTA in the Census relationship file (often a PO-box or point ZIP)"
"prout-park-manchester-manchester-nh","Manchester",NH,03103,"Hillsborough",zip_nearest_county_centroid,0.6,0.9721,"ZCTA spans 2 counties; nearest county centroid is 24 km away, next is 28 km (margin 4 km)"
"krane-meadow-park","Moultonborough",NH,03254,"Carroll",zip_nearest_county_centroid,0.6,0.9995,"ZCTA spans 2 counties; nearest county centroid is 20 km away, next is 26 km (margin 6 km)"
"krane-meadow-park-moultonborough-moultonborough-nh","Moultonborough",NH,03254,"Belknap",zip_nearest_county_centroid,0.6,0.0005,"ZCTA spans 2 counties; nearest county centroid is 23 km away, next is 24 km (margin 2 km) — OVERRODE the larger-by-land-area candidate"
"mountainside-racquet-and-fitness-center","New London",NH,03257,"Sullivan",zip_nearest_county_centroid,0.6,0.0323,"ZCTA spans 2 counties; nearest county centroid is 20 km away, next is 28 km (margin 8 km) — OVERRODE the larger-by-land-area candidate"
"new-london-mountainside-racquet-and-fitness-center-new","New London",NH,03257,"Sullivan",zip_nearest_county_centroid,0.6,0.0323,"ZCTA spans 2 counties; nearest county centroid is 19 km away, next is 27 km (margin 7 km) — OVERRODE the larger-by-land-area candidate"
"new-london-outing-club-indoor-center-new-london-nh","New London",NH,03257,"Sullivan",zip_nearest_county_centroid,0.78,0.0323,"ZCTA spans 2 counties; nearest county centroid is 20 km away, next is 28 km (margin 8 km) — OVERRODE the larger-by-land-area candidate"
"adams-playground-tennis-courts","Peterborough",NH,03458,"Hillsborough",zip_nearest_county_centroid,0.6,0.9995,"ZCTA spans 2 counties; nearest county centroid is 20 km away, next is 24 km (margin 5 km)"
"peterborough-community-center","Peterborough",NH,03458,"Hillsborough",zip_nearest_county_centroid,0.6,0.9995,"ZCTA spans 2 counties; nearest county centroid is 19 km away, next is 25 km (margin 6 km)"
"portsmouth-nh-south-playground","Portsmouth",NH,03804,"",none,0,,"ZIP has no ZCTA in the Census relationship file (often a PO-box or point ZIP)"
"the-picklr-seabrook-seabrook","Seabrook",NH,,"",none,0,,"no postal_code"
"washington-elementary-school-gym-washington-nh","Washington",NH,03280,"Sullivan",zip_nearest_county_centroid,0.6,0.9994,"ZCTA spans 2 counties; nearest county centroid is 22 km away, next is 30 km (margin 8 km)"
"northland-park","Aberdeen",NJ,07747,"Monmouth",zip_nearest_county_centroid,0.6,0.4528,"ZCTA spans 2 counties; nearest county centroid is 15 km away, next is 16 km (margin 2 km) — OVERRODE the larger-by-land-area candidate"
"basking-ridge-rebel-hill-park-basking-ridge-nj","Basking Ridge",NJ,07920,"Somerset",zip_nearest_county_centroid,0.6,0.8179,"ZCTA spans 2 counties; nearest county centroid is 17 km away, next is 17 km (margin 0 km)"
"pleasant-valley-park","Basking Ridge",NJ,07920,"Somerset",zip_nearest_county_centroid,0.78,0.8179,"ZCTA spans 2 counties; nearest county centroid is 12 km away, next is 22 km (margin 10 km)"
"salvation-army-kroc-center-camden-nj","Camden",NJ,,"",none,0,,"no postal_code"
"john-adler-memorial-park-pickleball-courts","Cherry Hill",NJ,,"",none,0,,"no postal_code"
"katz-jcc-pickleball-courts-cherry-hill","Cherry Hill",NJ,,"",none,0,,"no postal_code"
"the-picklr-east-brunswick","East Brunswick",NJ,,"",none,0,,"no postal_code"
"x-pickleball-club-fairfield-fairfield","Fairfield",NJ,,"",none,0,,"no postal_code"
"fort-lee-nj-and-william-birch-park-pickleball-courts","Fort Lee",NJ,,"",none,0,,"no postal_code"
"fredon-rec-center","Fredon",NJ,07860,"Sussex",zip_nearest_county_centroid,0.78,0.9394,"ZCTA spans 2 counties; nearest county centroid is 15 km away, next is 27 km (margin 12 km)"
"dill-dinkers-freehold-f30016","Freehold",NJ,,"",none,0,,"no postal_code"
"four-seasons-pickleball","Glassboro",NJ,,"",none,0,,"no postal_code"
"pickleball-kingdom-hamilton","Hamilton",NJ,,"",none,0,,"no postal_code"
"darlington-county-park-pickleball-courts-mahwah","Mahwah",NJ,,"",none,0,,"no postal_code"
"manalapan-recreation-center","Manalapan",NJ,07726,"Monmouth",zip_nearest_county_centroid,0.6,0.9865,"ZCTA spans 2 counties; nearest county centroid is 15 km away, next is 18 km (margin 3 km)"
"medford-lakes-pickleball","Medford Lakes",NJ,,"",none,0,,"no postal_code"
"montville-pickleball-golf-club","Montville",NJ,,"",none,0,,"no postal_code"
"montville-pickleball-courts-at-metro-tract-montville","Montville",NJ,,"",none,0,,"no postal_code"
"great-horizons-morris-school-district","Morristown",NJ,07962,"",none,0,,"ZIP has no ZCTA in the Census relationship file (often a PO-box or point ZIP)"
"ace-pickleball-club-north-brunswick-nj","North Brunswick",NJ,,"",none,0,,"no postal_code"
"oakland-recreation-complex-oakland-nj","Oakland",NJ,07436,"Passaic",zip_nearest_county_centroid,0.78,0.0004,"ZCTA spans 2 counties; nearest county centroid is 5 km away, next is 16 km (margin 11 km) — OVERRODE the larger-by-land-area candidate"
"sky-pickleball","Oakland",NJ,07436,"Passaic",zip_nearest_county_centroid,0.78,0.0004,"ZCTA spans 2 counties; nearest county centroid is 5 km away, next is 16 km (margin 11 km) — OVERRODE the larger-by-land-area candidate"
"eastside-park-pickleball-courts","Paterson",NJ,,"",none,0,,"no postal_code"
"paterson-parks-pickleball-courts","Paterson",NJ,,"",none,0,,"no postal_code"
"total-turf","Pitman",NJ,17964,"Schuylkill",zip_nearest_county_centroid,0,0.897,"derived county is in PA but the row says NJ - ZIP or state is wrong"
"picklerage-union-county-nj","Plainfield",NJ,,"",none,0,,"no postal_code"
"princeton-community-park-princeton-township-nj","Princeton township",NJ,08540,"Mercer",zip_nearest_county_centroid,0.78,0.6262,"ZCTA spans 3 counties; nearest county centroid is 9 km away, next is 23 km (margin 14 km)"
"life-time-princeton","Princeton",NJ,08540,"Mercer",zip_nearest_county_centroid,0.78,0.6262,"ZCTA spans 3 counties; nearest county centroid is 10 km away, next is 21 km (margin 11 km)"
"princeton-racquet-club","Princeton",NJ,08540,"Mercer",zip_nearest_county_centroid,0.78,0.6262,"ZCTA spans 3 counties; nearest county centroid is 8 km away, next is 24 km (margin 15 km)"
"windsor-tennis-club","Princeton",NJ,08540,"Mercer",zip_nearest_county_centroid,0.78,0.6262,"ZCTA spans 3 counties; nearest county centroid is 8 km away, next is 23 km (margin 15 km)"
"winning-touch-indoor-pickleball","Princeton",NJ,08540,"Mercer",zip_nearest_county_centroid,0.6,0.6262,"ZCTA spans 3 counties; nearest county centroid is 12 km away, next is 19 km (margin 7 km)"
"randolph-brundage-park-randolph-nj","Randolph",NJ,07845,"",none,0,,"ZIP has no ZCTA in the Census relationship file (often a PO-box or point ZIP)"
"randolph-veteran-s-community-park-randolph-nj","Randolph",NJ,07845,"",none,0,,"ZIP has no ZCTA in the Census relationship file (often a PO-box or point ZIP)"
"gloucester-township-point-ariel-park","Sicklerville",NJ,08081,"Camden",zip_nearest_county_centroid,0.6,0.9612,"ZCTA spans 2 counties; nearest county centroid is 9 km away, next is 15 km (margin 6 km)"
"gloucester-township-community-park","Sicklerville",NJ,08081,"Camden",zip_nearest_county_centroid,0.6,0.9612,"ZCTA spans 2 counties; nearest county centroid is 9 km away, next is 15 km (margin 6 km)"
"saint-charles-parish-center","Sicklerville",NJ,08081,"Camden",zip_nearest_county_centroid,0.6,0.9612,"ZCTA spans 2 counties; nearest county centroid is 9 km away, next is 15 km (margin 6 km)"
"nassau-tennis-club","Skillman",NJ,08558,"Mercer",zip_nearest_county_centroid,0.6,0.0455,"ZCTA spans 2 counties; nearest county centroid is 16 km away, next is 17 km (margin 2 km) — OVERRODE the larger-by-land-area candidate"
"sampson-g-smith-school","Somerset",NJ,,"",none,0,,"no postal_code"
"the-milt-campbell-tennis-courts-street-plainfield-nj","Street, Plainfield",NJ,07062,"Union",zip_nearest_county_centroid,0.78,0.8783,"ZCTA spans 2 counties; nearest county centroid is 10 km away, next is 19 km (margin 9 km)"
"upper-township","Tuckahoe",NJ,08250,"",none,0,,"ZIP has no ZCTA in the Census relationship file (often a PO-box or point ZIP)"
"ace-pickleball-club-turnersville","Turnersville",NJ,,"",none,0,,"no postal_code"
"pickle-juice-usa","Ventnor City",NJ,,"",none,0,,"no postal_code"
"cumberland-cape-atlantic-ymca","Vineland",NJ,08360,"Cumberland",zip_nearest_county_centroid,0.78,0.6459,"ZCTA spans 3 counties; nearest county centroid is 20 km away, next is 29 km (margin 9 km)"
"cumberland-county-technical-school","Vineland",NJ,08360,"Cumberland",zip_nearest_county_centroid,0.78,0.6459,"ZCTA spans 3 counties; nearest county centroid is 14 km away, next is 32 km (margin 17 km)"
"john-gittone-park","Vineland",NJ,08360,"Cumberland",zip_nearest_county_centroid,0.6,0.6459,"ZCTA spans 3 counties; nearest county centroid is 22 km away, next is 28 km (margin 6 km)"
"mlk-park","Whitesboro",NJ,08252,"",none,0,,"ZIP has no ZCTA in the Census relationship file (often a PO-box or point ZIP)"
"community-park-south","Witherspoon Street Princeton",NJ,08540,"Mercer",zip_nearest_county_centroid,0.78,0.6262,"ZCTA spans 3 counties; nearest county centroid is 8 km away, next is 24 km (margin 15 km)"
"mike-ward-community-park-pickleball-courts","Woodbridge",NJ,,"",none,0,,"no postal_code"
"pickleball-kingdom-woodbridge-nj","Woodbridge",NJ,,"",none,0,,"no postal_code"
"oregon-park-14274","Alamogordo",NM,88319,"",none,0,,"ZIP has no ZCTA in the Census relationship file (often a PO-box or point ZIP)"
"the-picklr-albuquerque-west","Albuquerque",NM,,"",none,0,,"no postal_code"
"ej-hooten-park-pickleball-courts","Deming",NM,,"",none,0,,"no postal_code"
"taos-guadalupe-gym-taos-nm","Taos",NM,,"",none,0,,"no postal_code"
"danville","Danville",NV,94506,"Contra Costa",zip_single_county,0,1,"derived county is in CA but the row says NV - ZIP or state is wrong"
"osage-redwood-dr","Danville",NV,94506,"Contra Costa",zip_single_county,0,1,"derived county is in CA but the row says NV - ZIP or state is wrong"
"osage-park","Danville",NV,94526,"Contra Costa",zip_single_county,0,1,"derived county is in CA but the row says NV - ZIP or state is wrong"
"city-county-gym","Fallon",NV,89406,"Churchill",zip_nearest_county_centroid,0.78,0.9863,"ZCTA spans 2 counties; nearest county centroid is 45 km away, next is 62 km (margin 17 km)"
"fallon-lds-church-n-taylor-street-fallon-nv","Fallon",NV,89406,"Churchill",zip_nearest_county_centroid,0.78,0.9863,"ZCTA spans 2 counties; nearest county centroid is 45 km away, next is 62 km (margin 18 km)"
"fallon-nasf-base-courts-fallon-nv","Fallon",NV,89406,"Churchill",zip_nearest_county_centroid,0.78,0.9863,"ZCTA spans 2 counties; nearest county centroid is 42 km away, next is 59 km (margin 16 km)"
"fallon-oats-park-pickleball-courts-fallon-nv-89406-fallon-nv","Fallon",NV,89406,"Churchill",zip_nearest_county_centroid,0.78,0.9863,"ZCTA spans 2 counties; nearest county centroid is 45 km away, next is 62 km (margin 17 km)"
"oats-park-tennis-courts","Fallon",NV,89406,"Churchill",zip_nearest_county_centroid,0.78,0.9863,"ZCTA spans 2 counties; nearest county centroid is 44 km away, next is 62 km (margin 18 km)"
"in-town-park","Fernley",NV,89408,"Lyon",zip_nearest_county_centroid,0.78,0.2139,"ZCTA spans 2 counties; nearest county centroid is 65 km away, next is 85 km (margin 20 km) — OVERRODE the larger-by-land-area candidate"
"chicken-n-pickle-henderson-f50005","Henderson",NV,,"",none,0,,"no postal_code"
"dill-dinkers-henderson-f30027","Henderson",NV,,"",none,0,,"no postal_code"
"mission-hills-park","Henderson",NV,89009,"",none,0,,"ZIP has no ZCTA in the Census relationship file (often a PO-box or point ZIP)"
"whitney-mesa-tennis-complex","Henderson",NV,89009,"",none,0,,"ZIP has no ZCTA in the Census relationship file (often a PO-box or point ZIP)"
"inverness","Inverness",NV,94970,"Marin",zip_single_county,0,1,"derived county is in CA but the row says NV - ZIP or state is wrong"
"basketball-courts-at-riverside-park","Kernville",NV,93238,"Tulare",zip_nearest_county_centroid,0,0.6645,"derived county is in CA but the row says NV - ZIP or state is wrong"
"kern-river-united-methodist-church","Kernville",NV,93238,"Tulare",zip_nearest_county_centroid,0,0.6645,"derived county is in CA but the row says NV - ZIP or state is wrong"
"city-of-las-vegas-mirabella-community-cntr","Las Vegas",NV,,"",none,0,,"no postal_code"
"the-courts-las-vegas","Las Vegas",NV,,"",none,0,,"no postal_code"
"the-flying-pickle-las-vegas","Las Vegas",NV,,"",none,0,,"no postal_code"
"wayne-bunker-park-pickleball-complex-las-vegas","Las Vegas",NV,,"",none,0,,"no postal_code"
"west-career-technical-academy-las-vegas-nv","Las Vegas",NV,,"",none,0,,"no postal_code"
"west-flamingo-active-adult-center","Las Vegas",NV,,"",none,0,,"no postal_code"
"mesquite-pickleball","Mesquite",NV,,"",none,0,,"no postal_code"
"petrack-park-pahrump-nv","Pahrump",NV,89060,"Inyo",zip_nearest_county_centroid,0,0.0189,"derived county is in CA but the row says NV - ZIP or state is wrong"
"oppio-park","Sparks",NV,89432,"",none,0,,"ZIP has no ZCTA in the Census relationship file (often a PO-box or point ZIP)"
"albany-westland-hills-park-albany-ny","Albany",NY,12201,"",none,0,,"ZIP has no ZCTA in the Census relationship file (often a PO-box or point ZIP)"
"altamont-tawasentha-park-altamont-ny","Altamont",NY,12009,"Schenectady",zip_nearest_county_centroid,0.6,0.0039,"ZCTA spans 2 counties; nearest county centroid is 12 km away, next is 14 km (margin 2 km) — OVERRODE the larger-by-land-area candidate"
"independent-health-ymca","Amherst",NY,,"",none,0,,"no postal_code"
"ron-mead-park-amsterdam-ny","Amsterdam",NY,12010,"Schenectady",zip_nearest_county_centroid,0.6,0.0595,"ZCTA spans 4 counties; nearest county centroid is 18 km away, next is 20 km (margin 2 km) — OVERRODE the larger-by-land-area candidate"
"shuttleworth-park","Amsterdam",NY,12010,"Schenectady",zip_nearest_county_centroid,0.6,0.0595,"ZCTA spans 4 counties; nearest county centroid is 19 km away, next is 23 km (margin 4 km) — OVERRODE the larger-by-land-area candidate"
"xtreme-pickle-amsterdam","Amsterdam",NY,12010,"Schenectady",zip_nearest_county_centroid,0.6,0.0595,"ZCTA spans 4 counties; nearest county centroid is 18 km away, next is 20 km (margin 2 km) — OVERRODE the larger-by-land-area candidate"
"baldwin-park-baldwin","Baldwin",NY,,"",none,0,,"no postal_code"
"lysander-town-park","Baldwinsville",NY,13027,"Onondaga",zip_nearest_county_centroid,0.6,0.9928,"ZCTA spans 2 counties; nearest county centroid is 23 km away, next is 27 km (margin 4 km)"
"northwest-family-ymca","Baldwinsville",NY,13027,"Onondaga",zip_nearest_county_centroid,0.78,0.9928,"ZCTA spans 2 counties; nearest county centroid is 18 km away, next is 30 km (margin 11 km)"
"ballston-lake-longkill-park-ballston-lake-ny","Ballston Lake",NY,12019,"Saratoga",zip_nearest_county_centroid,0.6,0.9781,"ZCTA spans 2 counties; nearest county centroid is 21 km away, next is 21 km (margin 0 km)"
"clifton-park-veteran-s-memorial-park-ballston-lake-ny","Ballston Lake",NY,12019,"Schenectady",zip_nearest_county_centroid,0.6,0.0219,"ZCTA spans 2 counties; nearest county centroid is 18 km away, next is 23 km (margin 4 km) — OVERRODE the larger-by-land-area candidate"
"bethpage-pickleball-courts","Bethpage",NY,37022,"Macon",zip_nearest_county_centroid,0,0.0158,"derived county is in TN but the row says NY - ZIP or state is wrong"
"the-paddle-house-binghamton","Binghamton",NY,,"",none,0,,"no postal_code"
"hardscrabble-club-brewster","Brewster",NY,,"",none,0,,"no postal_code"
"the-pickleball-barn","Brewster",NY,10509,"Putnam",zip_nearest_county_centroid,0.78,0.9991,"ZCTA spans 2 counties; nearest county centroid is 11 km away, next is 29 km (margin 18 km)"
"chapman-park-bridgeport-bridgeport-ny","Bridgeport",NY,13030,"Onondaga",zip_nearest_county_centroid,0.78,0.356,"ZCTA spans 2 counties; nearest county centroid is 25 km away, next is 37 km (margin 12 km) — OVERRODE the larger-by-land-area candidate"
"broadalbin-pickleball-club-broadalbin-ny","Broadalbin",NY,12025,"Fulton",zip_nearest_county_centroid,0.6,0.6385,"ZCTA spans 2 counties; nearest county centroid is 23 km away, next is 26 km (margin 3 km)"
"corbett-park-brockport-ny","Brockport",NY,14420,"Monroe",zip_nearest_county_centroid,0.6,0.995,"ZCTA spans 2 counties; nearest county centroid is 20 km away, next is 25 km (margin 5 km)"
"sweden-clarkson-community-center","Brockport",NY,14420,"Monroe",zip_nearest_county_centroid,0.6,0.995,"ZCTA spans 2 counties; nearest county centroid is 20 km away, next is 26 km (margin 6 km)"
"larkin-center","Buffalo",NY,,"",none,0,,"no postal_code"
"route-16-pickleball","Chaffee",NY,14030,"Wyoming",zip_nearest_county_centroid,0.6,0.0342,"ZCTA spans 3 counties; nearest county centroid is 25 km away, next is 32 km (margin 7 km) — OVERRODE the larger-by-land-area candidate"
"chateaugay-recreation-park-chateaugay-ny","Chateaugay",NY,12920,"Clinton",zip_nearest_county_centroid,0.6,0.0729,"ZCTA spans 2 counties; nearest county centroid is 34 km away, next is 40 km (margin 6 km) — OVERRODE the larger-by-land-area candidate"
"sullivan-park","Chittenango",NY,13037,"Madison",zip_nearest_county_centroid,0.6,0.956,"ZCTA spans 2 counties; nearest county centroid is 23 km away, next is 26 km (margin 3 km)"
"sullivan-park-chittenango-chittenango-ny","Chittenango",NY,13037,"Madison",zip_nearest_county_centroid,0.6,0.956,"ZCTA spans 2 counties; nearest county centroid is 23 km away, next is 27 km (margin 4 km)"
"cincinnatus-town-park-cincinnatus-ny","Cincinnatus",NY,13040,"Cortland",zip_nearest_county_centroid,0.78,0.8448,"ZCTA spans 2 counties; nearest county centroid is 16 km away, next is 25 km (margin 9 km)"
"clifton-springs-courts","Clifton Springs",NY,14432,"Ontario",zip_nearest_county_centroid,0.78,0.9999,"ZCTA spans 2 counties; nearest county centroid is 18 km away, next is 29 km (margin 12 km)"
"the-picklr-commack","Commack",NY,,"",none,0,,"no postal_code"
"corning-civic-center-ice-rink-corning-ny","Corning",NY,14830,"Chemung",zip_nearest_county_centroid,0.6,0.068,"ZCTA spans 2 counties; nearest county centroid is 25 km away, next is 31 km (margin 6 km) — OVERRODE the larger-by-land-area candidate"
"nasser-civic-center-ice-rink","Corning",NY,14830,"Chemung",zip_nearest_county_centroid,0.6,0.068,"ZCTA spans 2 counties; nearest county centroid is 25 km away, next is 31 km (margin 6 km) — OVERRODE the larger-by-land-area candidate"
"duanesburg-ymca","Delanson",NY,12053,"Schenectady",zip_nearest_county_centroid,0.78,0.6813,"ZCTA spans 4 counties; nearest county centroid is 14 km away, next is 25 km (margin 10 km)"
"dryden-high-school","Dryden",NY,13053,"Tompkins",zip_nearest_county_centroid,0.6,0.5766,"ZCTA spans 2 counties; nearest county centroid is 15 km away, next is 21 km (margin 6 km)"
"montgomery-park","Dryden",NY,13053,"Tompkins",zip_nearest_county_centroid,0.6,0.5766,"ZCTA spans 2 counties; nearest county centroid is 15 km away, next is 21 km (margin 6 km)"
"montgomery-park-dryden-dryden-ny","Dryden",NY,13053,"Tompkins",zip_nearest_county_centroid,0.6,0.5766,"ZCTA spans 2 counties; nearest county centroid is 15 km away, next is 21 km (margin 7 km)"
"tc3-tennis-courts-dryden-dryden-ny","Dryden",NY,13053,"Tompkins",zip_nearest_county_centroid,0.6,0.5766,"ZCTA spans 2 counties; nearest county centroid is 16 km away, next is 20 km (margin 4 km)"
"duanesburg-area-community-center","Duanesburg",NY,,"",none,0,,"no postal_code"
"the-clubhouse","East Hampton",NY,,"",none,0,,"no postal_code"
"alder-brook-park-east-nassau-ny","East Nassau",NY,12123,"Rensselaer",zip_nearest_county_centroid,0.78,0.9808,"ZCTA spans 2 counties; nearest county centroid is 17 km away, next is 36 km (margin 19 km)"
"glendale-park-tennis-courts","Endicott",NY,13760,"Broome",zip_nearest_county_centroid,0.6,0.7169,"ZCTA spans 2 counties; nearest county centroid is 19 km away, next is 22 km (margin 3 km)"
"highland-park-tennis-courts-gym","Endicott",NY,13760,"Broome",zip_nearest_county_centroid,0.6,0.7169,"ZCTA spans 2 counties; nearest county centroid is 19 km away, next is 22 km (margin 3 km)"
"southern-tier-community-center","Endicott",NY,13760,"Broome",zip_nearest_county_centroid,0.6,0.7169,"ZCTA spans 2 counties; nearest county centroid is 19 km away, next is 22 km (margin 3 km)"
"highland-park-indoor-only-in-the-fall-and-winter-months","Endwell",NY,13760,"Broome",zip_nearest_county_centroid,0.6,0.7169,"ZCTA spans 2 counties; nearest county centroid is 17 km away, next is 23 km (margin 6 km)"
"fairport-pickleball-club-fairport-ny","Fairport",NY,14450,"Monroe",zip_nearest_county_centroid,0.6,0.9781,"ZCTA spans 2 counties; nearest county centroid is 26 km away, next is 34 km (margin 8 km)"
"fellows-road-park-fairport-ny","Fairport",NY,14450,"Monroe",zip_nearest_county_centroid,0.6,0.9781,"ZCTA spans 2 counties; nearest county centroid is 27 km away, next is 35 km (margin 8 km)"
"potter-park-fairport-ny","Fairport",NY,14450,"Monroe",zip_nearest_county_centroid,0.78,0.9781,"ZCTA spans 2 counties; nearest county centroid is 27 km away, next is 35 km (margin 8 km)"
"fishers-park-outdoor-pickleball-courts","Fishers",NY,14564,"Ontario",zip_nearest_county_centroid,0.78,0.9616,"ZCTA spans 2 counties; nearest county centroid is 21 km away, next is 33 km (margin 12 km)"
"fleischmanns-fleischmanns-ny","Fleischmanns",NY,12430,"Greene",zip_nearest_county_centroid,0.6,0.586,"ZCTA spans 2 counties; nearest county centroid is 34 km away, next is 37 km (margin 2 km)"
"village-of-fleischmanns-pickleball-courts","Fleischmanns",NY,12430,"Greene",zip_nearest_county_centroid,0.6,0.586,"ZCTA spans 2 counties; nearest county centroid is 35 km away, next is 36 km (margin 1 km)"
"floral-park-recreation-center","Floral Park",NY,11001,"Nassau",zip_nearest_county_centroid,0.6,0.8839,"ZCTA spans 2 counties; nearest county centroid is 10 km away, next is 14 km (margin 4 km)"
"fort-edward-moreau-recreational-park-fort-edward-ny","Fort Edward",NY,12828,"Washington",zip_nearest_county_centroid,0.78,0.7442,"ZCTA spans 2 counties; nearest county centroid is 13 km away, next is 28 km (margin 16 km)"
"fulton-family-ymca","Fulton",NY,13069,"Onondaga",zip_nearest_county_centroid,0.6,0.0106,"ZCTA spans 2 counties; nearest county centroid is 143 km away, next is 148 km (margin 5 km) — OVERRODE the larger-by-land-area candidate"
"geneva-community-center","Geneva",NY,14456,"Seneca",zip_nearest_county_centroid,0.78,0.2185,"ZCTA spans 3 counties; nearest county centroid is 16 km away, next is 27 km (margin 11 km) — OVERRODE the larger-by-land-area candidate"
"glens-falls-glens-falls-ny","Glens Falls",NY,12804,"Washington",zip_nearest_county_centroid,0.78,0.0357,"ZCTA spans 2 counties; nearest county centroid is 17 km away, next is 32 km (margin 15 km) — OVERRODE the larger-by-land-area candidate"
"greenville-clay-s-court-private-greenville-ny","Greenville",NY,12083,"Albany",zip_nearest_county_centroid,0.6,0.4793,"ZCTA spans 2 counties; nearest county centroid is 18 km away, next is 19 km (margin 1 km) — OVERRODE the larger-by-land-area candidate"
"hague-northern-lake-george-yacht-club-hague-ny","Hague",NY,22836,"",none,0,,"ZIP has no ZCTA in the Census relationship file (often a PO-box or point ZIP)"
"sheldon-hills","Halfmoon",NY,12118,"Rensselaer",zip_nearest_county_centroid,0.78,0.027,"ZCTA spans 2 counties; nearest county centroid is 21 km away, next is 33 km (margin 12 km) — OVERRODE the larger-by-land-area candidate"
"topspin-pickleball","Hauppauge",NY,,"",none,0,,"no postal_code"
"dyer-straights-driving-range","Honeoye Falls",NY,14472,"Ontario",zip_nearest_county_centroid,0.6,0.0299,"ZCTA spans 3 counties; nearest county centroid is 26 km away, next is 29 km (margin 4 km) — OVERRODE the larger-by-land-area candidate"
"hopewell-recreation-park-hopewell-junction-ny","Hopewell Junction",NY,12533,"Putnam",zip_nearest_county_centroid,0.6,0.0756,"ZCTA spans 2 counties; nearest county centroid is 18 km away, next is 20 km (margin 2 km) — OVERRODE the larger-by-land-area candidate"
"lime-kiln-park-hopewell-junction-ny","Hopewell Junction",NY,12533,"Putnam",zip_nearest_county_centroid,0.6,0.0756,"ZCTA spans 2 counties; nearest county centroid is 18 km away, next is 20 km (margin 2 km) — OVERRODE the larger-by-land-area candidate"
"lime-kiln-rec-hopewell-junction-ny-12533-hopewell-junction","Hopewell Junction",NY,12533,"Putnam",zip_nearest_county_centroid,0.6,0.0756,"ZCTA spans 2 counties; nearest county centroid is 17 km away, next is 21 km (margin 3 km) — OVERRODE the larger-by-land-area candidate"
"taconic-sport-and-racquet","Hopewell Junction",NY,12533,"Putnam",zip_nearest_county_centroid,0.6,0.0756,"ZCTA spans 2 counties; nearest county centroid is 18 km away, next is 20 km (margin 2 km) — OVERRODE the larger-by-land-area candidate"
"james-street-park-hornell-ny","Hornell",NY,14843,"Steuben",zip_nearest_county_centroid,0.78,0.9633,"ZCTA spans 2 counties; nearest county centroid is 23 km away, next is 31 km (margin 8 km)"
"maple-city-park-hornell-ny","Hornell",NY,14843,"Steuben",zip_nearest_county_centroid,0.6,0.9633,"ZCTA spans 2 counties; nearest county centroid is 24 km away, next is 31 km (margin 8 km)"
"ymca-hornell-ny","Hornell",NY,14843,"Steuben",zip_nearest_county_centroid,0.78,0.9633,"ZCTA spans 2 counties; nearest county centroid is 23 km away, next is 31 km (margin 8 km)"
"louis-c-moser-park","Jackson Heights",NY,11370,"Bronx",zip_nearest_county_centroid,0.6,0.4196,"ZCTA spans 2 counties; nearest county centroid is 11 km away, next is 12 km (margin 1 km) — OVERRODE the larger-by-land-area candidate"
"fulton-county-ymca","Johnstown",NY,12095,"Montgomery",zip_nearest_county_centroid,0.6,0.0838,"ZCTA spans 2 counties; nearest county centroid is 13 km away, next is 13 km (margin 0 km) — OVERRODE the larger-by-land-area candidate"
"johnstown-high-school-johnstown-ny","Johnstown",NY,12095,"Fulton",zip_nearest_county_centroid,0.6,0.9162,"ZCTA spans 2 counties; nearest county centroid is 12 km away, next is 13 km (margin 1 km)"
"keeseville-vfw-post-1505-keeseville-ny","Keeseville",NY,12944,"Clinton",zip_nearest_county_centroid,0.78,0.1217,"ZCTA spans 2 counties; nearest county centroid is 35 km away, next is 47 km (margin 12 km) — OVERRODE the larger-by-land-area candidate"
"keeseville-civic-center-keeseville-ny","Keeseville",NY,12944,"Clinton",zip_nearest_county_centroid,0.78,0.1217,"ZCTA spans 2 counties; nearest county centroid is 33 km away, next is 50 km (margin 17 km) — OVERRODE the larger-by-land-area candidate"
"wiltwyck-golf-club-kingston-ny","Kingston",NY,12402,"",none,0,,"ZIP has no ZCTA in the Census relationship file (often a PO-box or point ZIP)"
"fcc-gym-leroy-ny","LeRoy",NY,14482,"Genesee",zip_nearest_county_centroid,0.78,0.908,"ZCTA spans 3 counties; nearest county centroid is 22 km away, next is 30 km (margin 8 km)"
"wildwood-park-leroy-ny","LeRoy",NY,14482,"Genesee",zip_nearest_county_centroid,0.78,0.908,"ZCTA spans 3 counties; nearest county centroid is 16 km away, next is 33 km (margin 17 km)"
"connell-building-livonia-central-schools","Livonia",NY,14487,"Livingston",zip_nearest_county_centroid,0.78,0.768,"ZCTA spans 2 counties; nearest county centroid is 14 km away, next is 30 km (margin 16 km)"
"lyons-pickleball-club","Lyons",NY,14489,"Wayne",zip_nearest_county_centroid,0.78,0.926,"ZCTA spans 3 counties; nearest county centroid is 18 km away, next is 34 km (margin 16 km)"
"tri-county-sports-complex","Macedon",NY,14502,"Wayne",zip_nearest_county_centroid,0.78,0.9621,"ZCTA spans 2 counties; nearest county centroid is 26 km away, next is 38 km (margin 12 km)"
"manlius-ymca","Manlius",NY,13104,"Onondaga",zip_nearest_county_centroid,0.78,0.9617,"ZCTA spans 2 counties; nearest county centroid is 18 km away, next is 27 km (margin 10 km)"
"mechanicville-paul-luther-park-mechanicville-ny","Mechanicville",NY,12118,"Rensselaer",zip_nearest_county_centroid,0.6,0.027,"ZCTA spans 2 counties; nearest county centroid is 25 km away, next is 28 km (margin 3 km) — OVERRODE the larger-by-land-area candidate"
"naples-high-school-gym-naples-ny","Naples",NY,14512,"Yates",zip_nearest_county_centroid,0.6,0.2727,"ZCTA spans 4 counties; nearest county centroid is 24 km away, next is 27 km (margin 3 km) — OVERRODE the larger-by-land-area candidate"
"naples-rotary-pickleball-complex-naples-ny","Naples",NY,14512,"Yates",zip_nearest_county_centroid,0.6,0.2727,"ZCTA spans 4 counties; nearest county centroid is 23 km away, next is 27 km (margin 3 km) — OVERRODE the larger-by-land-area candidate"
"new-york-pickleball-club-new-city","New City",NY,,"",none,0,,"no postal_code"
"clinton-g-martin-park","New Hyde Park",NY,11040,"Nassau",zip_nearest_county_centroid,0.6,0.9655,"ZCTA spans 2 counties; nearest county centroid is 8 km away, next is 16 km (margin 7 km)"
"michael-j-tully-park","New Hyde Park",NY,11040,"Nassau",zip_nearest_county_centroid,0.6,0.9655,"ZCTA spans 2 counties; nearest county centroid is 8 km away, next is 16 km (margin 7 km)"
"picklerage-new-rochelle-ny","New Rochelle",NY,,"",none,0,,"no postal_code"
"jj-walker-pickleball-courts","New York",NY,10114,"",none,0,,"ZIP has no ZCTA in the Census relationship file (often a PO-box or point ZIP)"
"tymeson-gymnasium","Newark",NY,14513,"Wayne",zip_nearest_county_centroid,0.6,0.939,"ZCTA spans 2 counties; nearest county centroid is 19 km away, next is 27 km (margin 8 km)"
"jeff-blatnick-park","Niskayuna",NY,12309,"Schenectady",zip_nearest_county_centroid,0.78,0.815,"ZCTA spans 2 counties; nearest county centroid is 12 km away, next is 26 km (margin 14 km)"
"neahwa-park-oneonta-ny","Oneonta",NY,13820,"Otsego",zip_nearest_county_centroid,0.78,0.7037,"ZCTA spans 2 counties; nearest county centroid is 20 km away, next is 30 km (margin 10 km)"
"oneonta-family-ymca","Oneonta",NY,13820,"Otsego",zip_nearest_county_centroid,0.78,0.7037,"ZCTA spans 2 counties; nearest county centroid is 20 km away, next is 30 km (margin 10 km)"
"otc-sports-center-oneonta-ny","Oneonta",NY,13820,"Otsego",zip_nearest_county_centroid,0.78,0.7037,"ZCTA spans 2 counties; nearest county centroid is 20 km away, next is 30 km (margin 10 km)"
"suny-chase-gymnasium-oneonta-ny","Oneonta",NY,13820,"Otsego",zip_nearest_county_centroid,0.78,0.7037,"ZCTA spans 2 counties; nearest county centroid is 18 km away, next is 31 km (margin 13 km)"
"dac-pickleball","Peekskill",NY,,"",none,0,,"no postal_code"
"william-farley-community-park-phoenix-phoenix-ny","Phoenix",NY,13135,"Onondaga",zip_nearest_county_centroid,0.6,0.2616,"ZCTA spans 2 counties; nearest county centroid is 26 km away, next is 27 km (margin 1 km) — OVERRODE the larger-by-land-area candidate"
"crawford-park-pine-b-pine-bush-ny","Pine Bush",NY,12566,"Orange",zip_nearest_county_centroid,0.78,0.3349,"ZCTA spans 3 counties; nearest county centroid is 23 km away, next is 37 km (margin 14 km) — OVERRODE the larger-by-land-area candidate"
"tennis-club-of-rochester","Pittsford",NY,14534,"Monroe",zip_nearest_county_centroid,0.78,0.9632,"ZCTA spans 2 counties; nearest county centroid is 23 km away, next is 31 km (margin 8 km)"
"port-washington-tennis-academy","Port Washington",NY,11055,"",none,0,,"ZIP has no ZCTA in the Census relationship file (often a PO-box or point ZIP)"
"hudson-river-park","Queensbury",NY,12804,"Washington",zip_nearest_county_centroid,0.78,0.0357,"ZCTA spans 2 counties; nearest county centroid is 19 km away, next is 32 km (margin 12 km) — OVERRODE the larger-by-land-area candidate"
"jenkinsville-park","Queensbury",NY,12804,"Washington",zip_nearest_county_centroid,0.78,0.0357,"ZCTA spans 2 counties; nearest county centroid is 17 km away, next is 26 km (margin 9 km) — OVERRODE the larger-by-land-area candidate"
"red-creek-community-center","Red Creek",NY,13143,"Wayne",zip_nearest_county_centroid,0.6,0.5529,"ZCTA spans 2 counties; nearest county centroid is 27 km away, next is 29 km (margin 3 km)"
"red-hook-red-hook-ny","Red Hook",NY,12571,"Columbia",zip_nearest_county_centroid,0.6,0.1453,"ZCTA spans 2 counties; nearest county centroid is 29 km away, next is 29 km (margin 0 km) — OVERRODE the larger-by-land-area candidate"
"red-hook-indoor-red-hook-ny","Red Hook",NY,12571,"Columbia",zip_nearest_county_centroid,0.6,0.1453,"ZCTA spans 2 counties; nearest county centroid is 30 km away, next is 30 km (margin 0 km) — OVERRODE the larger-by-land-area candidate"
"red-hook-indoor-eddie-parker-red-hook-ny","Red Hook",NY,12571,"Columbia",zip_nearest_county_centroid,0.6,0.1453,"ZCTA spans 2 counties; nearest county centroid is 29 km away, next is 29 km (margin 0 km) — OVERRODE the larger-by-land-area candidate"
"red-hook-rec-park","Red Hook",NY,12571,"Dutchess",zip_nearest_county_centroid,0.6,0.8547,"ZCTA spans 2 counties; nearest county centroid is 29 km away, next is 35 km (margin 6 km)"
"rolin-field-center-red-hook-ny","Red Hook",NY,12571,"Dutchess",zip_nearest_county_centroid,0.6,0.8547,"ZCTA spans 2 counties; nearest county centroid is 29 km away, next is 35 km (margin 6 km)"
"tcr-the-club-of-riverdale","Riverdale",NY,10463,"Bronx",zip_nearest_county_centroid,0.6,0.9575,"ZCTA spans 2 counties; nearest county centroid is 7 km away, next is 15 km (margin 7 km)"
"chili-recreation-center-rochester-ny","Rochester",NY,12624,"",none,0,,"ZIP has no ZCTA in the Census relationship file (often a PO-box or point ZIP)"
"westside-ymca","Rochester",NY,,"",none,0,,"no postal_code"
"roscoe-mountain-club","Roscoe",NY,12776,"Sullivan",zip_nearest_county_centroid,0.6,0.3869,"ZCTA spans 2 counties; nearest county centroid is 27 km away, next is 28 km (margin 1 km) — OVERRODE the larger-by-land-area candidate"
"rotterdam-senior-center","Rotterdam",NY,12303,"Schenectady",zip_nearest_county_centroid,0.78,0.2893,"ZCTA spans 2 counties; nearest county centroid is 7 km away, next is 22 km (margin 15 km) — OVERRODE the larger-by-land-area candidate"
"pickle-in-the-park","Sacandaga Park",NY,12134,"Fulton",zip_nearest_county_centroid,0.6,0.0799,"ZCTA spans 3 counties; nearest county centroid is 22 km away, next is 29 km (margin 7 km) — OVERRODE the larger-by-land-area candidate"
"saranac-lake-ampersand-park-saranac-lake-ny","Saranac Lake",NY,12983,"Franklin",zip_nearest_county_centroid,0.6,0.5143,"ZCTA spans 2 counties; nearest county centroid is 32 km away, next is 38 km (margin 6 km)"
"saranac-lake-baldwin-park-saranac-lake-ny","Saranac Lake",NY,12983,"Franklin",zip_nearest_county_centroid,0.6,0.5143,"ZCTA spans 2 counties; nearest county centroid is 34 km away, next is 36 km (margin 2 km)"
"saranac-lake-mt-pisgah-recreation-area-pickleball-courts","Saranac Lake",NY,12983,"Franklin",zip_nearest_county_centroid,0.6,0.5143,"ZCTA spans 2 counties; nearest county centroid is 31 km away, next is 38 km (margin 7 km)"
"saranac-lake-north-country-community-college-gym-saranac","Saranac Lake",NY,12983,"Franklin",zip_nearest_county_centroid,0.6,0.5143,"ZCTA spans 2 counties; nearest county centroid is 34 km away, next is 36 km (margin 2 km)"
"saranac-lake-private-residence-saranac-lake-ny","Saranac Lake",NY,12983,"Franklin",zip_nearest_county_centroid,0.6,0.5143,"ZCTA spans 2 counties; nearest county centroid is 33 km away, next is 37 km (margin 5 km)"
"hillhurst-park","Schenectady",NY,12306,"Schenectady",zip_nearest_county_centroid,0.78,0.9566,"ZCTA spans 2 counties; nearest county centroid is 8 km away, next is 25 km (margin 17 km)"
"jewish-community-center-j-c-c","Schenectady",NY,12303,"Schenectady",zip_nearest_county_centroid,0.78,0.2893,"ZCTA spans 2 counties; nearest county centroid is 8 km away, next is 25 km (margin 17 km) — OVERRODE the larger-by-land-area candidate"
"schroon-lake-town-tennis-courts","Schroon Lake",NY,12870,"Essex",zip_nearest_county_centroid,0.6,0.98,"ZCTA spans 2 counties; nearest county centroid is 31 km away, next is 32 km (margin 1 km)"
"silver-creek-park","Silver Creek",NY,14749,"",none,0,,"ZIP has no ZCTA in the Census relationship file (often a PO-box or point ZIP)"
"austin-park","Skaneateles",NY,13152,"Cayuga",zip_nearest_county_centroid,0.6,0.1425,"ZCTA spans 2 counties; nearest county centroid is 14 km away, next is 20 km (margin 6 km) — OVERRODE the larger-by-land-area candidate"
"austin-park-skaneateles-skaneateles-ny","Skaneateles",NY,13152,"Cayuga",zip_nearest_county_centroid,0.6,0.1425,"ZCTA spans 2 counties; nearest county centroid is 13 km away, next is 20 km (margin 7 km) — OVERRODE the larger-by-land-area candidate"
"skaneateles-ymca-community-center","Skaneateles",NY,13152,"Cayuga",zip_nearest_county_centroid,0.6,0.1425,"ZCTA spans 2 counties; nearest county centroid is 14 km away, next is 20 km (margin 6 km) — OVERRODE the larger-by-land-area candidate"
"town-of-seneca-town-court-parking-lot","Stanley",NY,14561,"Ontario",zip_nearest_county_centroid,0.6,0.9855,"ZCTA spans 2 counties; nearest county centroid is 17 km away, next is 21 km (margin 3 km)"
"jcc-bernikow-staten-island","Staten Island",NY,,"",none,0,,"no postal_code"
"southwest-playground-van-courtlandt-park-the-bronx-ny","The Bronx",NY,10463,"Bronx",zip_nearest_county_centroid,0.78,0.9575,"ZCTA spans 2 counties; nearest county centroid is 6 km away, next is 14 km (margin 8 km)"
"bicentennial-park-pickleball-courts","Ticonderoga",NY,12883,"Essex",zip_nearest_county_centroid,0.78,0.9876,"ZCTA spans 2 counties; nearest county centroid is 41 km away, next is 60 km (margin 19 km)"
"lake-george-paddle-and-pickleball","Ticonderoga",NY,12883,"Essex",zip_nearest_county_centroid,0.78,0.9876,"ZCTA spans 2 counties; nearest county centroid is 41 km away, next is 60 km (margin 19 km)"
"ticonderoga-eddie-s-restaurant-pickleball-courts","Ticonderoga",NY,12883,"Essex",zip_nearest_county_centroid,0.78,0.9876,"ZCTA spans 2 counties; nearest county centroid is 41 km away, next is 55 km (margin 14 km)"
"minaville-town-of-florid-ny","Town of Florid",NY,12010,"Montgomery",zip_dominant_county,0.55,0.637,"ZCTA spans 4 counties; dominant county holds 63.7% of land area (no coordinates to disambiguate)"
"tupper-lake-memorial-civic-center-tupper-lake-ny","Tupper Lake",NY,12986,"Franklin",zip_nearest_county_centroid,0.78,0.752,"ZCTA spans 2 counties; nearest county centroid is 42 km away, next is 56 km (margin 15 km)"
"tupper-lake-municipal-park-tupper-lake-ny","Tupper Lake",NY,12986,"Franklin",zip_nearest_county_centroid,0.78,0.752,"ZCTA spans 2 counties; nearest county centroid is 43 km away, next is 57 km (margin 14 km)"
"ichabod-crane-central-high-school-valatie-ny","Valatie",NY,12184,"Columbia",zip_nearest_county_centroid,0.78,0.9835,"ZCTA spans 2 counties; nearest county centroid is 19 km away, next is 36 km (margin 16 km)"
"the-town-of-kinderhook-indoors-valatie-ny","Valatie",NY,12184,"Columbia",zip_nearest_county_centroid,0.78,0.9835,"ZCTA spans 2 counties; nearest county centroid is 19 km away, next is 35 km (margin 16 km)"
"trager-family-jcc-binghamton-vestal-ny","Vestal",NY,,"",none,0,,"no postal_code"
"fishers-road-park-victor-ny","Victor",NY,14564,"Ontario",zip_nearest_county_centroid,0.78,0.9616,"ZCTA spans 2 counties; nearest county centroid is 22 km away, next is 33 km (margin 11 km)"
"wayland-school-wayland-ny","Wayland",NY,14572,"Livingston",zip_nearest_county_centroid,0.78,0.443,"ZCTA spans 2 counties; nearest county centroid is 24 km away, next is 37 km (margin 14 km) — OVERRODE the larger-by-land-area candidate"
"webster-community-center","Webster",NY,14580,"Monroe",zip_nearest_county_centroid,0.78,0.9921,"ZCTA spans 2 counties; nearest county centroid is 22 km away, next is 31 km (margin 9 km)"
"webster-park","Webster",NY,,"",none,0,,"no postal_code"
"webster-thomas-hs-fieldhouse","Webster",NY,14580,"Monroe",zip_nearest_county_centroid,0.78,0.9921,"ZCTA spans 2 counties; nearest county centroid is 22 km away, next is 31 km (margin 9 km)"
"bears-crossing-west-dover-ny","West Dover",NY,05356,"Windham",zip_single_county,0,1,"derived county is in VT but the row says NY - ZIP or state is wrong"
"pickleball-smashit","Westbury",NY,11597,"",none,0,,"ZIP has no ZCTA in the Census relationship file (often a PO-box or point ZIP)"
"davenport-park","Akron",OH,44312,"Summit",zip_nearest_county_centroid,0.78,0.9932,"ZCTA spans 2 counties; nearest county centroid is 11 km away, next is 23 km (margin 12 km)"
"university-of-akron","Akron",OH,44315,"",none,0,,"ZIP has no ZCTA in the Census relationship file (often a PO-box or point ZIP)"
"christ-community-wesleyan-church","Albany",OH,45710,"Athens",zip_nearest_county_centroid,0.6,0.357,"ZCTA spans 3 counties; nearest county centroid is 18 km away, next is 21 km (margin 4 km) — OVERRODE the larger-by-land-area candidate"
"alliance-ymca","Alliance",OH,44601,"Stark",zip_nearest_county_centroid,0.6,0.729,"ZCTA spans 3 counties; nearest county centroid is 25 km away, next is 30 km (margin 6 km)"
"silver-park","Alliance",OH,44601,"Stark",zip_nearest_county_centroid,0.6,0.729,"ZCTA spans 3 counties; nearest county centroid is 25 km away, next is 30 km (margin 6 km)"
"mac-gym","Antwerp",OH,45813,"Paulding",zip_nearest_county_centroid,0.78,0.9838,"ZCTA spans 2 counties; nearest county centroid is 15 km away, next is 26 km (margin 11 km)"
"ashland-y","Ashland",OH,44805,"Ashland",zip_nearest_county_centroid,0.78,0.9484,"ZCTA spans 2 counties; nearest county centroid is 7 km away, next is 26 km (margin 19 km)"
"brookside-west-park-pickleball-complex-ashland-oh","Ashland",OH,44805,"Ashland",zip_nearest_county_centroid,0.78,0.9484,"ZCTA spans 2 counties; nearest county centroid is 8 km away, next is 20 km (margin 12 km)"
"cahn-grove-park","Ashland",OH,44805,"Ashland",zip_nearest_county_centroid,0.78,0.9484,"ZCTA spans 2 counties; nearest county centroid is 7 km away, next is 26 km (margin 19 km)"
"cahn-grove-park-pickleball-complex-ashland-oh","Ashland",OH,44805,"Ashland",zip_nearest_county_centroid,0.78,0.9484,"ZCTA spans 2 counties; nearest county centroid is 4 km away, next is 24 km (margin 20 km)"
"trinity-lutheran-church-ashland-oh","Ashland",OH,44805,"Ashland",zip_nearest_county_centroid,0.78,0.9484,"ZCTA spans 2 counties; nearest county centroid is 4 km away, next is 22 km (margin 17 km)"
"village-chapel-church","Ashville",OH,43103,"Pickaway",zip_nearest_county_centroid,0.78,0.9938,"ZCTA spans 2 counties; nearest county centroid is 11 km away, next is 28 km (margin 17 km)"
"bleser-park-avon-lake-avon-lake-oh","Avon Lake",OH,32850,"",none,0,,"ZIP has no ZCTA in the Census relationship file (often a PO-box or point ZIP)"
"cleveland-premier-pickleball-club","Avon Lake",OH,,"",none,0,,"no postal_code"
"avon-high-school","Avon",OH,61415,"Fulton",zip_nearest_county_centroid,0,0.6282,"derived county is in IL but the row says OH - ZIP or state is wrong"
"edgewood-park","Barberton",OH,44203,"Summit",zip_nearest_county_centroid,0.78,0.9758,"ZCTA spans 3 counties; nearest county centroid is 15 km away, next is 25 km (margin 11 km)"
"green-family-ymca-barberton-oh","Barberton",OH,44685,"Summit",zip_nearest_county_centroid,0.78,0.5156,"ZCTA spans 2 counties; nearest county centroid is 17 km away, next is 30 km (margin 14 km)"
"lake-anna-ymca","Barberton",OH,44203,"Summit",zip_nearest_county_centroid,0.78,0.9758,"ZCTA spans 3 counties; nearest county centroid is 14 km away, next is 26 km (margin 12 km)"
"tuscora-park","Barberton",OH,44203,"Summit",zip_nearest_county_centroid,0.78,0.9758,"ZCTA spans 3 counties; nearest county centroid is 13 km away, next is 29 km (margin 16 km)"
"bath-hill-park-bath-oh","Bath",OH,44333,"Summit",zip_nearest_county_centroid,0.78,0.984,"ZCTA spans 2 counties; nearest county centroid is 6 km away, next is 26 km (margin 20 km)"
"beavercreek-clay-courts-tennis-club","Beavercreek",OH,45431,"Greene",zip_nearest_county_centroid,0.6,0.617,"ZCTA spans 2 counties; nearest county centroid is 15 km away, next is 20 km (margin 5 km)"
"new-life-chruch-of-christ-bellville-oh","Bellville",OH,44813,"Richland",zip_nearest_county_centroid,0.6,0.8601,"ZCTA spans 3 counties; nearest county centroid is 18 km away, next is 25 km (margin 7 km)"
"bladensburg-community-center-bladensburg-oh","Bladensburg",OH,25821,"",none,0,,"ZIP has no ZCTA in the Census relationship file (often a PO-box or point ZIP)"
"bluffton-family-recreation-sports-and-fitness","Bluffton",OH,45817,"Hancock",zip_nearest_county_centroid,0.6,0.4716,"ZCTA spans 3 counties; nearest county centroid is 22 km away, next is 23 km (margin 0 km) — OVERRODE the larger-by-land-area candidate"
"schmerge-dome-private-botkins-oh","Botkins",OH,13880,"",none,0,,"ZIP has no ZCTA in the Census relationship file (often a PO-box or point ZIP)"
"brecksville-blossom-hill-field-house","Brecksville",OH,44141,"Summit",zip_nearest_county_centroid,0.6,0.1794,"ZCTA spans 2 counties; nearest county centroid is 23 km away, next is 26 km (margin 3 km) — OVERRODE the larger-by-land-area candidate"
"brecksville-community-center","Brecksville",OH,44141,"Summit",zip_nearest_county_centroid,0.6,0.1794,"ZCTA spans 2 counties; nearest county centroid is 23 km away, next is 26 km (margin 3 km) — OVERRODE the larger-by-land-area candidate"
"center-court-tennis-club-broadview-heights-oh","Broadview Heights",OH,,"",none,0,,"no postal_code"
"the-pickle-club-cleveland","Broadview Heights",OH,,"",none,0,,"no postal_code"
"canal-fulton-ymca-schalmo-family","Canal Fulton",OH,44614,"Stark",zip_nearest_county_centroid,0.6,0.9143,"ZCTA spans 3 counties; nearest county centroid is 21 km away, next is 25 km (margin 4 km)"
"muhlhauser-park-canal-fulton-oh","Canal Fulton",OH,44614,"Stark",zip_nearest_county_centroid,0.6,0.9143,"ZCTA spans 3 counties; nearest county centroid is 21 km away, next is 26 km (margin 5 km)"
"cookin-pickleball-club","Canton",OH,,"",none,0,,"no postal_code"
"activity-center-park","Centerville",OH,45459,"Greene",zip_nearest_county_centroid,0.78,0.0334,"ZCTA spans 2 counties; nearest county centroid is 105 km away, next is 121 km (margin 16 km) — OVERRODE the larger-by-land-area candidate"
"pickleball-kingdom-centerville","Centerville",OH,45458,"Montgomery",zip_nearest_county_centroid,0.6,0.8235,"ZCTA spans 3 counties; nearest county centroid is 19 km away, next is 21 km (margin 2 km)"
"picklerage-centerville-oh","Centerville",OH,,"",none,0,,"no postal_code"
"schoolhouse-park","Centerville",OH,45458,"Montgomery",zip_nearest_county_centroid,0.6,0.8235,"ZCTA spans 3 counties; nearest county centroid is 18 km away, next is 23 km (margin 5 km)"
"yankee-park","Centerville",OH,45459,"Montgomery",zip_nearest_county_centroid,0.78,0.9666,"ZCTA spans 2 counties; nearest county centroid is 19 km away, next is 28 km (margin 9 km)"
"chagrin-valley-athletic-club","Chagrin Falls",OH,44022,"Geauga",zip_nearest_county_centroid,0.6,0.2746,"ZCTA spans 2 counties; nearest county centroid is 19 km away, next is 23 km (margin 4 km) — OVERRODE the larger-by-land-area candidate"
"orange-village-park-chagrin-falls-chagrin-falls-oh","Chagrin Falls",OH,44022,"Geauga",zip_nearest_county_centroid,0.6,0.2746,"ZCTA spans 2 counties; nearest county centroid is 19 km away, next is 23 km (margin 4 km) — OVERRODE the larger-by-land-area candidate"
"chardon-park","Chardon",OH,44024,"Geauga",zip_nearest_county_centroid,0.78,0.9767,"ZCTA spans 2 counties; nearest county centroid is 10 km away, next is 22 km (margin 12 km)"
"geauga-ymca","Chardon",OH,44024,"Geauga",zip_nearest_county_centroid,0.78,0.9767,"ZCTA spans 2 counties; nearest county centroid is 10 km away, next is 22 km (margin 12 km)"
"munson-township-park-chardon-chardon-oh","Chardon",OH,12641,"",none,0,,"ZIP has no ZCTA in the Census relationship file (often a PO-box or point ZIP)"
"beechmont-racquet-fitness-club","Cincinnati",OH,45255,"Hamilton",zip_nearest_county_centroid,0.78,0.6806,"ZCTA spans 2 counties; nearest county centroid is 15 km away, next is 23 km (margin 8 km)"
"clear-creek-park","Cincinnati",OH,45244,"Hamilton",zip_nearest_county_centroid,0.6,0.6838,"ZCTA spans 2 counties; nearest county centroid is 16 km away, next is 21 km (margin 5 km)"
"kids-first-sports-center","Cincinnati",OH,45249,"Hamilton",zip_nearest_county_centroid,0.6,0.9235,"ZCTA spans 2 counties; nearest county centroid is 19 km away, next is 22 km (margin 3 km)"
"life-time-eastside-sport-and-racquet","Cincinnati",OH,45249,"Hamilton",zip_nearest_county_centroid,0.6,0.9235,"ZCTA spans 2 counties; nearest county centroid is 20 km away, next is 21 km (margin 1 km)"
"pickleball-kingdom-cincinnati-mason","Cincinnati",OH,45249,"Warren",zip_nearest_county_centroid,0.78,0.0765,"ZCTA spans 2 counties; nearest county centroid is 13 km away, next is 28 km (margin 15 km) — OVERRODE the larger-by-land-area candidate"
"ronnie-grandison-sports-academy","Cincinnati",OH,45249,"Hamilton",zip_nearest_county_centroid,0.6,0.9235,"ZCTA spans 2 counties; nearest county centroid is 19 km away, next is 22 km (margin 3 km)"
"springdale-community-center","Cincinnati",OH,45246,"Hamilton",zip_nearest_county_centroid,0.6,0.7667,"ZCTA spans 2 counties; nearest county centroid is 12 km away, next is 18 km (margin 6 km)"
"the-club-at-harper-s-point","Cincinnati",OH,45249,"Hamilton",zip_nearest_county_centroid,0.6,0.9235,"ZCTA spans 2 counties; nearest county centroid is 21 km away, next is 22 km (margin 1 km)"
"the-pickle-lodge","Cincinnati",OH,45069,"Butler",zip_nearest_county_centroid,0.6,0.9926,"ZCTA spans 2 counties; nearest county centroid is 19 km away, next is 23 km (margin 4 km)"
"western-athletic-club","Cincinnati",OH,,"",none,0,,"no postal_code"
"barthemas-park","Circleville",OH,43113,"Pickaway",zip_nearest_county_centroid,0.78,0.9959,"ZCTA spans 2 counties; nearest county centroid is 12 km away, next is 31 km (margin 19 km)"
"pickaway-county-ymca","Circleville",OH,43113,"Pickaway",zip_nearest_county_centroid,0.78,0.9959,"ZCTA spans 2 counties; nearest county centroid is 12 km away, next is 30 km (margin 19 km)"
"columbiana-firestone-park-columbiana-oh","Columbiana",OH,44408,"Columbiana",zip_nearest_county_centroid,0.6,0.6352,"ZCTA spans 2 counties; nearest county centroid is 15 km away, next is 15 km (margin 0 km)"
"carriage-place-community-center","Columbus",OH,43235,"Franklin",zip_nearest_county_centroid,0.78,0.9985,"ZCTA spans 2 counties; nearest county centroid is 13 km away, next is 25 km (margin 11 km)"
"worthington-hills-country-club","Columbus",OH,43235,"Delaware",zip_nearest_county_centroid,0.6,0.0015,"ZCTA spans 2 counties; nearest county centroid is 18 km away, next is 18 km (margin 0 km) — OVERRODE the larger-by-land-area candidate"
"lockwood-park-coventry-township-oh","Coventry Township",OH,44203,"Summit",zip_nearest_county_centroid,0.78,0.9758,"ZCTA spans 3 counties; nearest county centroid is 14 km away, next is 31 km (margin 17 km)"
"black-barn-pickleball","Dayton",OH,,"",none,0,,"no postal_code"
"washington-township-recreation-center","Dayton",OH,45459,"Montgomery",zip_nearest_county_centroid,0.78,0.9666,"ZCTA spans 2 counties; nearest county centroid is 14 km away, next is 29 km (margin 14 km)"
"kingsbury-park-defiance-oh","Defiance",OH,43512,"Defiance",zip_nearest_county_centroid,0.78,0.9311,"ZCTA spans 3 counties; nearest county centroid is 12 km away, next is 24 km (margin 13 km)"
"blue-limestone-park","Delaware",OH,43015,"Delaware",zip_nearest_county_centroid,0.78,0.9948,"ZCTA spans 2 counties; nearest county centroid is 6 km away, next is 24 km (margin 18 km)"
"concord-township-park","Delaware",OH,43015,"Delaware",zip_nearest_county_centroid,0.6,0.9948,"ZCTA spans 2 counties; nearest county centroid is 15 km away, next is 22 km (margin 7 km)"
"delaware-connumity-center-ymca","Delaware",OH,43015,"Delaware",zip_nearest_county_centroid,0.78,0.9948,"ZCTA spans 2 counties; nearest county centroid is 9 km away, next is 22 km (margin 12 km)"
"smith-park","Delaware",OH,43015,"Delaware",zip_nearest_county_centroid,0.78,0.9948,"ZCTA spans 2 counties; nearest county centroid is 10 km away, next is 23 km (margin 13 km)"
"delphos-stadium-park","Delphos",OH,45833,"Van Wert",zip_nearest_county_centroid,0.6,0.4463,"ZCTA spans 3 counties; nearest county centroid is 21 km away, next is 21 km (margin 1 km) — OVERRODE the larger-by-land-area candidate"
"memorial-park-14259","Doylestown",OH,44230,"Summit",zip_nearest_county_centroid,0.6,0.0082,"ZCTA spans 3 counties; nearest county centroid is 22 km away, next is 22 km (margin 1 km) — OVERRODE the larger-by-land-area candidate"
"dublin-dublin-oh","Dublin",OH,43016,"Franklin",zip_nearest_county_centroid,0.78,0.9096,"ZCTA spans 3 counties; nearest county centroid is 17 km away, next is 25 km (margin 9 km)"
"dublin-s-eight-coffman-pickleball-courts-dublin-oh","Dublin",OH,43017,"Franklin",zip_nearest_county_centroid,0.6,0.7354,"ZCTA spans 3 counties; nearest county centroid is 18 km away, next is 23 km (margin 4 km)"
"dublin-community-recreation-center","Dublin",OH,43017,"Franklin",zip_nearest_county_centroid,0.6,0.7354,"ZCTA spans 3 counties; nearest county centroid is 18 km away, next is 22 km (margin 4 km)"
"life-time-dublin","Dublin",OH,43016,"Franklin",zip_nearest_county_centroid,0.6,0.9096,"ZCTA spans 3 counties; nearest county centroid is 18 km away, next is 19 km (margin 1 km)"
"muirfield-village","Dublin",OH,43017,"Delaware",zip_nearest_county_centroid,0.6,0.2238,"ZCTA spans 3 counties; nearest county centroid is 20 km away, next is 22 km (margin 2 km) — OVERRODE the larger-by-land-area candidate"
"east-recreation-center-indoo","Elyria",OH,44036,"",none,0,,"ZIP has no ZCTA in the Census relationship file (often a PO-box or point ZIP)"
"lorain-community-college-field-house","Elyria",OH,44036,"",none,0,,"ZIP has no ZCTA in the Census relationship file (often a PO-box or point ZIP)"
"west-park-14264","Elyria",OH,44036,"",none,0,,"ZIP has no ZCTA in the Census relationship file (often a PO-box or point ZIP)"
"kleptz-ymca","Englewood",OH,45322,"Montgomery",zip_nearest_county_centroid,0.6,0.7745,"ZCTA spans 2 counties; nearest county centroid is 14 km away, next is 21 km (margin 7 km)"
"fairlawn-fort-island-griffiths-park","Fairlawn",OH,44334,"",none,0,,"ZIP has no ZCTA in the Census relationship file (often a PO-box or point ZIP)"
"pickle4life-forest-park","Forest Park",OH,,"",none,0,,"no postal_code"
"fort-loramie-fort-loramie-oh","Fort Loramie",OH,45845,"Shelby",zip_nearest_county_centroid,0.78,0.9657,"ZCTA spans 3 counties; nearest county centroid is 14 km away, next is 27 km (margin 12 km)"
"fort-recovery-community-park-fort-recovery-oh","Fort Recovery",OH,45846,"Mercer",zip_nearest_county_centroid,0.78,0.8591,"ZCTA spans 2 counties; nearest county centroid is 19 km away, next is 34 km (margin 15 km)"
"merrin-park","Fredericktown",OH,43019,"Knox",zip_nearest_county_centroid,0.78,0.6863,"ZCTA spans 3 counties; nearest county centroid is 13 km away, next is 22 km (margin 9 km)"
"prairie-township-community-center","Galloway",OH,43119,"Franklin",zip_nearest_county_centroid,0.6,0.8861,"ZCTA spans 2 counties; nearest county centroid is 15 km away, next is 20 km (margin 6 km)"
"garrettsville-ymca","Garrettsville",OH,44231,"Portage",zip_nearest_county_centroid,0.78,0.8497,"ZCTA spans 2 counties; nearest county centroid is 15 km away, next is 25 km (margin 9 km)"
"geneva-on-the-lake-park","Geneva -on-the-Lake",OH,44041,"Ashtabula",zip_nearest_county_centroid,0.6,0.9796,"ZCTA spans 2 counties; nearest county centroid is 18 km away, next is 22 km (margin 5 km)"
"geneva-on-the-lake-sun-retreats-rv-park","Geneva on the Lake",OH,44041,"Ashtabula",zip_nearest_county_centroid,0.6,0.9796,"ZCTA spans 2 counties; nearest county centroid is 18 km away, next is 22 km (margin 5 km)"
"geneva-mark-brace-memorial-field","Geneva",OH,44041,"Ashtabula",zip_nearest_county_centroid,0.6,0.9796,"ZCTA spans 2 counties; nearest county centroid is 20 km away, next is 21 km (margin 1 km)"
"geneva-recreation-center-geneva-oh","Geneva",OH,44041,"Ashtabula",zip_nearest_county_centroid,0.6,0.9796,"ZCTA spans 2 counties; nearest county centroid is 20 km away, next is 21 km (margin 1 km)"
"geneva-on-the-lake-recreation-park-geneva-oh","Geneva",OH,44041,"Ashtabula",zip_nearest_county_centroid,0.6,0.9796,"ZCTA spans 2 counties; nearest county centroid is 18 km away, next is 22 km (margin 4 km)"
"spire-academy","Geneva",OH,44041,"Ashtabula",zip_nearest_county_centroid,0.6,0.9796,"ZCTA spans 2 counties; nearest county centroid is 20 km away, next is 21 km (margin 1 km)"
"boettler-park-green-oh","Green",OH,44685,"Stark",zip_nearest_county_centroid,0.78,0.4844,"ZCTA spans 2 counties; nearest county centroid is 14 km away, next is 24 km (margin 10 km) — OVERRODE the larger-by-land-area candidate"
"green-primary-green-oh","Green",OH,44216,"Stark",zip_nearest_county_centroid,0.6,0.0426,"ZCTA spans 3 counties; nearest county centroid is 17 km away, next is 20 km (margin 3 km) — OVERRODE the larger-by-land-area candidate"
"degenhart-park","Groveport",OH,43125,"Franklin",zip_nearest_county_centroid,0.78,0.8684,"ZCTA spans 2 counties; nearest county centroid is 17 km away, next is 27 km (margin 10 km)"
"groveport-recreation-center-groveport-oh","Groveport",OH,43125,"Franklin",zip_nearest_county_centroid,0.78,0.8684,"ZCTA spans 2 counties; nearest county centroid is 15 km away, next is 26 km (margin 12 km)"
"dill-dinkers-hamilton-f30015","Hamilton",OH,,"",none,0,,"no postal_code"
"hilliard-ymca","Hilliard",OH,43026,"Franklin",zip_nearest_county_centroid,0.78,0.9901,"ZCTA spans 2 counties; nearest county centroid is 15 km away, next is 26 km (margin 11 km)"
"pickleball-kingdom-hilliard","Hilliard",OH,43026,"Franklin",zip_nearest_county_centroid,0.78,0.9901,"ZCTA spans 2 counties; nearest county centroid is 12 km away, next is 28 km (margin 15 km)"
"hiram-college","Hiram",OH,44234,"Portage",zip_nearest_county_centroid,0.6,0.6552,"ZCTA spans 2 counties; nearest county centroid is 17 km away, next is 21 km (margin 4 km)"
"y-at-the-heights","Huber Heights",OH,45424,"Montgomery",zip_nearest_county_centroid,0.6,0.8468,"ZCTA spans 3 counties; nearest county centroid is 19 km away, next is 24 km (margin 5 km)"
"christ-community-chapel-hudson","Hudson",OH,44236,"Summit",zip_nearest_county_centroid,0.6,0.9928,"ZCTA spans 2 counties; nearest county centroid is 15 km away, next is 22 km (margin 7 km)"
"hudson-barlow-farm","Hudson",OH,44237,"",none,0,,"ZIP has no ZCTA in the Census relationship file (often a PO-box or point ZIP)"
"jackson-center-municipal-park-jackson-center-oh","Jackson Center",OH,17400,"",none,0,,"ZIP has no ZCTA in the Census relationship file (often a PO-box or point ZIP)"
"kennedy-park-3408","Kettering",OH,45440,"Montgomery",zip_nearest_county_centroid,0.78,0.3616,"ZCTA spans 2 counties; nearest county centroid is 13 km away, next is 23 km (margin 11 km) — OVERRODE the larger-by-land-area candidate"
"kettering-tennis-center","Kettering",OH,45440,"Montgomery",zip_nearest_county_centroid,0.78,0.3616,"ZCTA spans 2 counties; nearest county centroid is 13 km away, next is 23 km (margin 11 km) — OVERRODE the larger-by-land-area candidate"
"polen-farm-kennedy-park-kettering-oh","Kettering",OH,45440,"Montgomery",zip_nearest_county_centroid,0.6,0.3616,"ZCTA spans 2 counties; nearest county centroid is 17 km away, next is 20 km (margin 3 km) — OVERRODE the larger-by-land-area candidate"
"quail-run-racquet-club","Kettering",OH,45440,"Montgomery",zip_nearest_county_centroid,0.78,0.3616,"ZCTA spans 2 counties; nearest county centroid is 13 km away, next is 23 km (margin 11 km) — OVERRODE the larger-by-land-area candidate"
"kirtland-community-senior-center","Kirtland",OH,44094,"Geauga",zip_nearest_county_centroid,0.6,0.0102,"ZCTA spans 2 counties; nearest county centroid is 21 km away, next is 21 km (margin 0 km) — OVERRODE the larger-by-land-area candidate"
"indian-lake-courts-at-oldfield-beach-lakeview-oh","Lakeview",OH,11252,"",none,0,,"ZIP has no ZCTA in the Census relationship file (often a PO-box or point ZIP)"
"old-field-beach-dog-park-lakeview-oh","Lakeview",OH,43331,"Logan",zip_nearest_county_centroid,0.78,0.6528,"ZCTA spans 3 counties; nearest county centroid is 17 km away, next is 27 km (margin 10 km)"
"lakewood-park-lakewood-oh","Lakewood",OH,14532,"Ontario",zip_nearest_county_centroid,0,0.8752,"derived county is in NY but the row says OH - ZIP or state is wrong"
"bicentennial-park-lexington-oh","Lexington",OH,44904,"Richland",zip_nearest_county_centroid,0.78,0.6169,"ZCTA spans 2 counties; nearest county centroid is 11 km away, next is 25 km (margin 14 km)"
"heartland-church-lexington-oh","Lexington",OH,44904,"Richland",zip_nearest_county_centroid,0.78,0.6169,"ZCTA spans 2 counties; nearest county centroid is 10 km away, next is 26 km (margin 16 km)"
"lakewood-racquet-club","Lexington",OH,44904,"Richland",zip_nearest_county_centroid,0.78,0.6169,"ZCTA spans 2 counties; nearest county centroid is 11 km away, next is 25 km (margin 14 km)"
"chieftain-center","Logan",OH,43138,"Perry",zip_nearest_county_centroid,0.6,0.0544,"ZCTA spans 3 counties; nearest county centroid is 150 km away, next is 151 km (margin 1 km) — OVERRODE the larger-by-land-area candidate"
"logan-conference-center-logan-oh","Logan",OH,30682,"",none,0,,"ZIP has no ZCTA in the Census relationship file (often a PO-box or point ZIP)"
"logan-swimming-pool-coarts","Logan",OH,43138,"Hocking",zip_nearest_county_centroid,0.78,0.9407,"ZCTA spans 3 counties; nearest county centroid is 9 km away, next is 26 km (margin 18 km)"
"foxcreek-golf-and-racquet-club-lorain-oh","Lorain",OH,,"",none,0,,"no postal_code"
"loudonville-pickleball-courts","Loudonville",OH,44842,"Ashland",zip_nearest_county_centroid,0.6,0.7112,"ZCTA spans 3 counties; nearest county centroid is 23 km away, next is 27 km (margin 3 km)"
"youth-building-loudonville-oh","Loudonville",OH,44842,"Ashland",zip_nearest_county_centroid,0.6,0.7112,"ZCTA spans 3 counties; nearest county centroid is 23 km away, next is 27 km (margin 3 km)"
"lever-park","Loveland",OH,45140,"Warren",zip_nearest_county_centroid,0.6,0.3115,"ZCTA spans 3 counties; nearest county centroid is 20 km away, next is 24 km (margin 4 km) — OVERRODE the larger-by-land-area candidate"
"mccoy-park","Loveland",OH,45140,"Warren",zip_nearest_county_centroid,0.6,0.3115,"ZCTA spans 3 counties; nearest county centroid is 20 km away, next is 25 km (margin 5 km) — OVERRODE the larger-by-land-area candidate"
"martins-ferry-1st-christian-church-family-life-center","Martins Ferry",OH,43936,"",none,0,,"ZIP has no ZCTA in the Census relationship file (often a PO-box or point ZIP)"
"waterside-clubhouse","Maumee",OH,44537,"",none,0,,"ZIP has no ZCTA in the Census relationship file (often a PO-box or point ZIP)"
"paramount-tennis-club","Medina",OH,44258,"",none,0,,"ZIP has no ZCTA in the Census relationship file (often a PO-box or point ZIP)"
"mentor-harbor-yachting-club-mentor-on-the-lake-oh","Mentor-on-the-Lake",OH,44060,"Lake",zip_nearest_county_centroid,0.78,0.9413,"ZCTA spans 2 counties; nearest county centroid is 14 km away, next is 29 km (margin 15 km)"
"civic-center-park-3427","Mentor",OH,44060,"Lake",zip_nearest_county_centroid,0.6,0.9413,"ZCTA spans 2 counties; nearest county centroid is 17 km away, next is 23 km (margin 6 km)"
"erie-pickle","Mentor",OH,44061,"",none,0,,"ZIP has no ZCTA in the Census relationship file (often a PO-box or point ZIP)"
"mentor-civic-center-mentor-oh","Mentor",OH,44060,"Lake",zip_nearest_county_centroid,0.78,0.9413,"ZCTA spans 2 counties; nearest county centroid is 14 km away, next is 26 km (margin 11 km)"
"mentor-community-recreation-center","Mentor",OH,44061,"",none,0,,"ZIP has no ZCTA in the Census relationship file (often a PO-box or point ZIP)"
"mentor-harbor-yachting-club-mhyc","Mentor",OH,44061,"",none,0,,"ZIP has no ZCTA in the Census relationship file (often a PO-box or point ZIP)"
"south-regency-tennis-center","Miamisburg",OH,45342,"Montgomery",zip_nearest_county_centroid,0.78,0.9843,"ZCTA spans 2 counties; nearest county centroid is 12 km away, next is 26 km (margin 14 km)"
"lefferson-park","Middletown",OH,45044,"Butler",zip_nearest_county_centroid,0.6,0.9203,"ZCTA spans 2 counties; nearest county centroid is 16 km away, next is 23 km (margin 6 km)"
"community-park-7951","Milford",OH,45150,"Clermont",zip_nearest_county_centroid,0.6,0.9918,"ZCTA spans 2 counties; nearest county centroid is 19 km away, next is 22 km (margin 3 km)"
"miami-meadows-park","Milford",OH,45140,"Clermont",zip_nearest_county_centroid,0.6,0.5338,"ZCTA spans 3 counties; nearest county centroid is 19 km away, next is 22 km (margin 3 km)"
"brock-park-minerva-oh","Minerva",OH,44657,"Carroll",zip_nearest_county_centroid,0.6,0.3648,"ZCTA spans 3 counties; nearest county centroid is 17 km away, next is 24 km (margin 7 km)"
"minerva-ymca","Minerva",OH,44657,"Carroll",zip_nearest_county_centroid,0.6,0.3648,"ZCTA spans 3 counties; nearest county centroid is 17 km away, next is 24 km (margin 7 km)"
"four-seasons-recreational-park-minster-oh","Minster",OH,45865,"Shelby",zip_nearest_county_centroid,0.6,0.3754,"ZCTA spans 3 counties; nearest county centroid is 17 km away, next is 22 km (margin 6 km) — OVERRODE the larger-by-land-area candidate"
"mogadore-lions-park","Mogadore",OH,44260,"Summit",zip_nearest_county_centroid,0.6,0.0555,"ZCTA spans 3 counties; nearest county centroid is 14 km away, next is 21 km (margin 7 km) — OVERRODE the larger-by-land-area candidate"
"mt-sterling-community-center","Mt. Sterling",OH,43143,"Pickaway",zip_nearest_county_centroid,0.6,0.292,"ZCTA spans 3 counties; nearest county centroid is 20 km away, next is 23 km (margin 3 km) — OVERRODE the larger-by-land-area candidate"
"dillon-state-park","Nashport",OH,43830,"Muskingum",zip_nearest_county_centroid,0.6,0.7095,"ZCTA spans 2 counties; nearest county centroid is 23 km away, next is 26 km (margin 3 km)"
"bevelhymer-park-new-albany-oh","New Albany",OH,43054,"Franklin",zip_nearest_county_centroid,0.6,0.7858,"ZCTA spans 3 counties; nearest county centroid is 25 km away, next is 26 km (margin 1 km)"
"bremenfest-park-new-bremen-oh","New Bremen",OH,45869,"Auglaize",zip_nearest_county_centroid,0.6,0.7655,"ZCTA spans 3 counties; nearest county centroid is 19 km away, next is 19 km (margin 0 km)"
"sisler-park-new-franklin-oh","New Franklin",OH,44216,"Summit",zip_nearest_county_centroid,0.6,0.9516,"ZCTA spans 3 counties; nearest county centroid is 21 km away, next is 22 km (margin 1 km)"
"seo-pickleball-new-marshfield-oh","New Marshfield",OH,45766,"Athens",zip_nearest_county_centroid,0.78,0.7974,"ZCTA spans 2 counties; nearest county centroid is 15 km away, next is 24 km (margin 9 km)"
"newark-oh-high-school-tennis-courts","Newark",OH,43093,"",none,0,,"ZIP has no ZCTA in the Census relationship file (often a PO-box or point ZIP)"
"newton-falls-courts","Newton Falls",OH,44444,"Portage",zip_nearest_county_centroid,0.6,0.2137,"ZCTA spans 3 counties; nearest county centroid is 18 km away, next is 22 km (margin 3 km) — OVERRODE the larger-by-land-area candidate"
"newton-falls-pickleball-newton-falls-oh","Newton Falls",OH,44444,"Portage",zip_nearest_county_centroid,0.6,0.2137,"ZCTA spans 3 counties; nearest county centroid is 19 km away, next is 22 km (margin 3 km) — OVERRODE the larger-by-land-area candidate"
"dink-shots-north-canton-oh","North Canton",OH,44720,"Stark",zip_nearest_county_centroid,0.78,0.7243,"ZCTA spans 2 counties; nearest county centroid is 13 km away, next is 26 km (margin 14 km)"
"bicentennial-jaycee-park","Norwalk",OH,44857,"Huron",zip_nearest_county_centroid,0.6,0.9742,"ZCTA spans 2 counties; nearest county centroid is 11 km away, next is 17 km (margin 6 km)"
"lions-park-11601","Norwalk",OH,44857,"Huron",zip_nearest_county_centroid,0.6,0.9742,"ZCTA spans 2 counties; nearest county centroid is 13 km away, next is 15 km (margin 2 km)"
"norwalk-perkins-family-gymnasium","Norwalk",OH,44857,"Huron",zip_nearest_county_centroid,0.6,0.9742,"ZCTA spans 2 counties; nearest county centroid is 11 km away, next is 17 km (margin 6 km)"
"orange-village-park","Orange Village",OH,44022,"Cuyahoga",zip_nearest_county_centroid,0.6,0.7254,"ZCTA spans 2 counties; nearest county centroid is 18 km away, next is 25 km (margin 7 km)"
"maumee-bay-state-park","Oregon",OH,43618,"",none,0,,"ZIP has no ZCTA in the Census relationship file (often a PO-box or point ZIP)"
"municipal-park-10419","Perrysburg",OH,43552,"",none,0,,"ZIP has no ZCTA in the Census relationship file (often a PO-box or point ZIP)"
"perrysburg-municipal-park","Perrysburg",OH,43552,"",none,0,,"ZIP has no ZCTA in the Census relationship file (often a PO-box or point ZIP)"
"pleasant-hill-lake-park","Perrysville",OH,44864,"Ashland",zip_nearest_county_centroid,0.6,0.7477,"ZCTA spans 2 counties; nearest county centroid is 21 km away, next is 23 km (margin 2 km)"
"sycamore-creek-park-taylor-tennis-courts-pickerington-oh","Pickerington",OH,43147,"Fairfield",zip_nearest_county_centroid,0.6,0.9843,"ZCTA spans 3 counties; nearest county centroid is 18 km away, next is 24 km (margin 6 km)"
"mote-park","Piqua",OH,45356,"Miami",zip_nearest_county_centroid,0.78,0.8452,"ZCTA spans 2 counties; nearest county centroid is 10 km away, next is 22 km (margin 11 km)"
"piqua-oh-miami-county-ymca-piqua-branch-piqua-oh","Piqua",OH,45356,"Miami",zip_nearest_county_centroid,0.78,0.8452,"ZCTA spans 2 counties; nearest county centroid is 11 km away, next is 21 km (margin 11 km)"
"pitsenbarger-park-piqua-oh","Piqua",OH,45356,"Miami",zip_nearest_county_centroid,0.78,0.8452,"ZCTA spans 2 counties; nearest county centroid is 10 km away, next is 23 km (margin 13 km)"
"elysium-tennis","Plain City",OH,43064,"Union",zip_nearest_county_centroid,0.6,0.4306,"ZCTA spans 3 counties; nearest county centroid is 23 km away, next is 26 km (margin 4 km) — OVERRODE the larger-by-land-area candidate"
"liberty-township-powell-ymca","Powell",OH,43065,"Delaware",zip_nearest_county_centroid,0.78,0.9549,"ZCTA spans 2 counties; nearest county centroid is 13 km away, next is 24 km (margin 11 km)"
"library-park-11271","Powell",OH,43065,"Delaware",zip_nearest_county_centroid,0.6,0.9549,"ZCTA spans 2 counties; nearest county centroid is 15 km away, next is 21 km (margin 6 km)"
"reminderville-athletic-club-rac","Reminderville",OH,44202,"Geauga",zip_nearest_county_centroid,0.6,0.0521,"ZCTA spans 3 counties; nearest county centroid is 25 km away, next is 26 km (margin 1 km) — OVERRODE the larger-by-land-area candidate"
"john-f-kennedy-jfk-park-reynoldsburg-oh","Reynoldsburg",OH,43068,"Franklin",zip_nearest_county_centroid,0.78,0.4925,"ZCTA spans 3 counties; nearest county centroid is 17 km away, next is 28 km (margin 10 km)"
"reynoldsburg-community-center-ymca-reynoldsburg-oh","Reynoldsburg",OH,43068,"Franklin",zip_nearest_county_centroid,0.78,0.4925,"ZCTA spans 3 counties; nearest county centroid is 17 km away, next is 28 km (margin 10 km)"
"richfield-richfield-oh","Richfield",OH,44386,"",none,0,,"ZIP has no ZCTA in the Census relationship file (often a PO-box or point ZIP)"
"rittman-recreation-center","Rittman",OH,44270,"Wayne",zip_nearest_county_centroid,0.6,0.8334,"ZCTA spans 2 counties; nearest county centroid is 18 km away, next is 19 km (margin 1 km)"
"grand-lake-pickleball","Saint Marys",OH,45885,"Auglaize",zip_nearest_county_centroid,0.6,0.9995,"ZCTA spans 2 counties; nearest county centroid is 14 km away, next is 21 km (margin 6 km)"
"salem-centerplex-salem-oh","Salem",OH,44460,"Mahoning",zip_nearest_county_centroid,0.6,0.4498,"ZCTA spans 2 counties; nearest county centroid is 13 km away, next is 17 km (margin 4 km) — OVERRODE the larger-by-land-area candidate"
"salem-community-center-centerplex","Salem",OH,44460,"Mahoning",zip_nearest_county_centroid,0.6,0.4498,"ZCTA spans 2 counties; nearest county centroid is 14 km away, next is 16 km (margin 2 km) — OVERRODE the larger-by-land-area candidate"
"salem-waterworth-park","Salem",OH,53168,"Kenosha",zip_single_county,0,1,"derived county is in WI but the row says OH - ZIP or state is wrong"
"sharonville-community-center","Sharonville",OH,45241,"Hamilton",zip_nearest_county_centroid,0.78,0.7987,"ZCTA spans 3 counties; nearest county centroid is 14 km away, next is 23 km (margin 9 km)"
"silver-lake-village-hall-silver-lake-stow","Silver Lake",OH,44224,"Summit",zip_nearest_county_centroid,0.78,0.983,"ZCTA spans 2 counties; nearest county centroid is 8 km away, next is 22 km (margin 14 km)"
"solon-community-park-pickleball-complex-solon","Solon",OH,,"",none,0,,"no postal_code"
"south-charleston-park-south-charleston-oh","South Charleston",OH,45368,"Clark",zip_nearest_county_centroid,0.78,0.9314,"ZCTA spans 2 counties; nearest county centroid is 16 km away, next is 27 km (margin 11 km)"
"north-park","Springboro",OH,45066,"Warren",zip_nearest_county_centroid,0.6,0.9899,"ZCTA spans 2 counties; nearest county centroid is 15 km away, next is 23 km (margin 8 km)"
"st-clairsville-memorial-park-tennis-courts","St Clairsville",OH,43950,"Belmont",zip_nearest_county_centroid,0.78,0.9779,"ZCTA spans 2 counties; nearest county centroid is 9 km away, next is 29 km (margin 20 km)"
"st-clairsville-recreation-center","St Clairsville",OH,43950,"Belmont",zip_nearest_county_centroid,0.78,0.9779,"ZCTA spans 2 counties; nearest county centroid is 9 km away, next is 29 km (margin 20 km)"
"st-clairsville-rec-center-st-clairsville-oh","St. Clairsville",OH,43950,"Belmont",zip_nearest_county_centroid,0.78,0.9779,"ZCTA spans 2 counties; nearest county centroid is 9 km away, next is 29 km (margin 20 km)"
"kc-geiger-park-st-marys-oh","St. Marys",OH,45885,"Auglaize",zip_nearest_county_centroid,0.6,0.9995,"ZCTA spans 2 counties; nearest county centroid is 14 km away, next is 21 km (margin 8 km)"
"adell-durbin-park-stow-oh","Stow",OH,44224,"Summit",zip_nearest_county_centroid,0.78,0.983,"ZCTA spans 2 counties; nearest county centroid is 9 km away, next is 20 km (margin 11 km)"
"latuchie-tennis-center","Stow",OH,44224,"Summit",zip_nearest_county_centroid,0.78,0.983,"ZCTA spans 2 counties; nearest county centroid is 9 km away, next is 20 km (margin 11 km)"
"meadowood-tennis-courts-strongsville-strongsville-oh","Strongsville",OH,10901,"Rockland",zip_single_county,0,1,"derived county is in NY but the row says OH - ZIP or state is wrong"
"sugarcreek-veterans-memorial","Sugarcreek Township",OH,45432,"Greene",zip_nearest_county_centroid,0.6,0.6644,"ZCTA spans 2 counties; nearest county centroid is 14 km away, next is 20 km (margin 6 km)"
"memorial-park-10342","Swanton",OH,43558,"Fulton",zip_nearest_county_centroid,0.78,0.5108,"ZCTA spans 2 counties; nearest county centroid is 19 km away, next is 37 km (margin 17 km)"
"lions-park-13558","Tallmadge",OH,44278,"Summit",zip_nearest_county_centroid,0.78,0.9608,"ZCTA spans 2 counties; nearest county centroid is 8 km away, next is 22 km (margin 14 km)"
"tallmadge-recreation-center","Tallmadge",OH,44278,"Summit",zip_nearest_county_centroid,0.78,0.9608,"ZCTA spans 2 counties; nearest county centroid is 8 km away, next is 22 km (margin 14 km)"
"bethel-local-schools","Tipp City",OH,45371,"Miami",zip_nearest_county_centroid,0.78,0.9573,"ZCTA spans 2 counties; nearest county centroid is 11 km away, next is 25 km (margin 14 km)"
"kyle-park-pickleball-courts","Tipp City",OH,,"",none,0,,"no postal_code"
"schroeder-tennis-center","Tipp City",OH,45371,"Miami",zip_nearest_county_centroid,0.78,0.9573,"ZCTA spans 2 counties; nearest county centroid is 11 km away, next is 25 km (margin 14 km)"
"green-primary-school","Uniontown Ohio",OH,44685,"Stark",zip_nearest_county_centroid,0.6,0.4844,"ZCTA spans 2 counties; nearest county centroid is 15 km away, next is 22 km (margin 7 km) — OVERRODE the larger-by-land-area candidate"
"green-elementary-school","Uniontown",OH,44685,"Stark",zip_nearest_county_centroid,0.6,0.4844,"ZCTA spans 2 counties; nearest county centroid is 18 km away, next is 19 km (margin 1 km) — OVERRODE the larger-by-land-area candidate"
"green-family-ymca","Uniontown",OH,44685,"Stark",zip_nearest_county_centroid,0.6,0.4844,"ZCTA spans 2 counties; nearest county centroid is 18 km away, next is 19 km (margin 1 km) — OVERRODE the larger-by-land-area candidate"
"green-tennis-club-uniontown-oh","Uniontown",OH,44685,"Stark",zip_nearest_county_centroid,0.6,0.4844,"ZCTA spans 2 counties; nearest county centroid is 18 km away, next is 20 km (margin 2 km) — OVERRODE the larger-by-land-area candidate"
"lake-community-ymca","Uniontown",OH,44685,"Stark",zip_nearest_county_centroid,0.6,0.4844,"ZCTA spans 2 counties; nearest county centroid is 18 km away, next is 19 km (margin 1 km) — OVERRODE the larger-by-land-area candidate"
"van-wert-parks-recreation-smiley-park","Van Wert",OH,,"",none,0,,"no postal_code"
"vermillion-lakeview-baptist-church","Vermilion",OH,44089,"Lorain",zip_nearest_county_centroid,0.6,0.3775,"ZCTA spans 2 counties; nearest county centroid is 16 km away, next is 19 km (margin 3 km) — OVERRODE the larger-by-land-area candidate"
"blue-tip-park-wadsworth-oh","Wadsworth",OH,44281,"Medina",zip_nearest_county_centroid,0.6,0.9796,"ZCTA spans 2 counties; nearest county centroid is 17 km away, next is 20 km (margin 2 km)"
"durling-park-wadsworth-oh","Wadsworth",OH,44281,"Medina",zip_nearest_county_centroid,0.6,0.9796,"ZCTA spans 2 counties; nearest county centroid is 18 km away, next is 19 km (margin 1 km)"
"wadsworth-ymca","Wadsworth",OH,44281,"Medina",zip_nearest_county_centroid,0.6,0.9796,"ZCTA spans 2 counties; nearest county centroid is 17 km away, next is 20 km (margin 2 km)"
"trumbull-family-fitness-warren-oh","Warren",OH,44481,"Mahoning",zip_nearest_county_centroid,0.78,0.0314,"ZCTA spans 2 counties; nearest county centroid is 326 km away, next is 343 km (margin 17 km) — OVERRODE the larger-by-land-area candidate"
"community-park-11624","Wellington",OH,44090,"Medina",zip_nearest_county_centroid,0.6,0.0108,"ZCTA spans 2 counties; nearest county centroid is 27 km away, next is 30 km (margin 3 km) — OVERRODE the larger-by-land-area candidate"
"wellington-community-park-wellington-oh","Wellington",OH,44090,"Medina",zip_nearest_county_centroid,0.6,0.0108,"ZCTA spans 2 counties; nearest county centroid is 28 km away, next is 30 km (margin 2 km) — OVERRODE the larger-by-land-area candidate"
"court-yard-sportsplex","West Chester",OH,45071,"",none,0,,"ZIP has no ZCTA in the Census relationship file (often a PO-box or point ZIP)"
"westerville-community-center","Westerville",OH,43081,"Delaware",zip_nearest_county_centroid,0.6,0.0065,"ZCTA spans 2 counties; nearest county centroid is 18 km away, next is 19 km (margin 0 km) — OVERRODE the larger-by-land-area candidate"
"westlake-rec-center-outdoor-pickleball-courts-westlake-oh","Westlake",OH,28955,"",none,0,,"ZIP has no ZCTA in the Census relationship file (often a PO-box or point ZIP)"
"williamsburg-community-park-williamsburg-oh","WILLIAMSBURG",OH,45176,"Clermont",zip_nearest_county_centroid,0.78,0.6432,"ZCTA spans 2 counties; nearest county centroid is 9 km away, next is 21 km (margin 12 km)"
"west-end-ymca","Willoughby",OH,44094,"Geauga",zip_nearest_county_centroid,0.6,0.0102,"ZCTA spans 2 counties; nearest county centroid is 25 km away, next is 26 km (margin 1 km) — OVERRODE the larger-by-land-area candidate"
"willoughby-outdoor-courts","Willoughby",OH,44094,"Lake",zip_nearest_county_centroid,0.6,0.9898,"ZCTA spans 2 counties; nearest county centroid is 25 km away, next is 25 km (margin 0 km)"
"willoughby-pickleball","Willoughby",OH,44094,"Lake",zip_nearest_county_centroid,0.6,0.9898,"ZCTA spans 2 counties; nearest county centroid is 26 km away, next is 26 km (margin 0 km)"
"willoughby-senior-center","Willoughby",OH,44094,"Geauga",zip_nearest_county_centroid,0.6,0.0102,"ZCTA spans 2 counties; nearest county centroid is 25 km away, next is 26 km (margin 1 km) — OVERRODE the larger-by-land-area candidate"
"willoughby-west-end-ymca","Willoughby",OH,44094,"Geauga",zip_nearest_county_centroid,0.6,0.0102,"ZCTA spans 2 counties; nearest county centroid is 26 km away, next is 28 km (margin 3 km) — OVERRODE the larger-by-land-area candidate"
"the-wellness-center-at-antioch-college","Yellow Springs",OH,45387,"Greene",zip_nearest_county_centroid,0.6,0.9151,"ZCTA spans 2 counties; nearest county centroid is 13 km away, next is 16 km (margin 3 km)"
"jewish-community-center-of-youngstown","Youngstown",OH,44504,"Mahoning",zip_nearest_county_centroid,0.78,0.9861,"ZCTA spans 2 counties; nearest county centroid is 14 km away, next is 25 km (margin 10 km)"
"shangri-la-resort-afton-ok","Afton",OK,57301,"Hanson",zip_nearest_county_centroid,0,0.2262,"derived county is in SD but the row says OK - ZIP or state is wrong"
"altus-reservoir-pickleball-courts","Altus",OK,,"",none,0,,"no postal_code"
"ardmore-family-ymca","Ardmore",OK,73401,"Carter",zip_nearest_county_centroid,0.78,0.98,"ZCTA spans 3 counties; nearest county centroid is 15 km away, next is 28 km (margin 12 km)"
"hfv-wilson-center","Ardmore",OK,73401,"Carter",zip_nearest_county_centroid,0.78,0.98,"ZCTA spans 3 counties; nearest county centroid is 18 km away, next is 26 km (margin 8 km)"
"regional-park","Ardmore",OK,73401,"Carter",zip_nearest_county_centroid,0.78,0.98,"ZCTA spans 3 counties; nearest county centroid is 13 km away, next is 28 km (margin 16 km)"
"whittington-park","Ardmore",OK,73401,"Carter",zip_nearest_county_centroid,0.78,0.98,"ZCTA spans 3 counties; nearest county centroid is 17 km away, next is 26 km (margin 9 km)"
"daily-family-ymca","Bixby",OK,74008,"Tulsa",zip_nearest_county_centroid,0.78,0.9582,"ZCTA spans 2 counties; nearest county centroid is 17 km away, next is 34 km (margin 16 km)"
"south-county-recreation-center","Bixby",OK,74008,"Tulsa",zip_nearest_county_centroid,0.78,0.9582,"ZCTA spans 2 counties; nearest county centroid is 21 km away, next is 33 km (margin 13 km)"
"haikey-creek-park-broken-arrow-broken-arrow-ok","Broken Arrow",OK,11327,"",none,0,,"ZIP has no ZCTA in the Census relationship file (often a PO-box or point ZIP)"
"whiskey-ridge-pickleball-courts-broken-arrow-broken-arrow-ok","Broken Arrow",OK,74014,"Tulsa",zip_nearest_county_centroid,0.6,0.0009,"ZCTA spans 2 counties; nearest county centroid is 17 km away, next is 25 km (margin 8 km) — OVERRODE the larger-by-land-area candidate"
"k2c-gyms","Catoosa",OK,74015,"Tulsa",zip_nearest_county_centroid,0.6,0.0023,"ZCTA spans 3 counties; nearest county centroid is 19 km away, next is 25 km (margin 5 km) — OVERRODE the larger-by-land-area candidate"
"green-s-country-club-city-ok","City",OK,13100,"",none,0,,"ZIP has no ZCTA in the Census relationship file (often a PO-box or point ZIP)"
"healthy-living-okc-city-ok","City",OK,11501,"Nassau",zip_single_county,0,1,"derived county is in NY but the row says OK - ZIP or state is wrong"
"first-umc-durant-ok","Durant",OK,74710,"",none,0,,"ZIP has no ZCTA in the Census relationship file (often a PO-box or point ZIP)"
"kickingbird-pickleball-center","Edmond",OK,73034,"Oklahoma",zip_nearest_county_centroid,0.78,0.6824,"ZCTA spans 2 counties; nearest county centroid is 13 km away, next is 28 km (margin 15 km)"
"denny-price-family-ymca","Enid",OK,73706,"",none,0,,"ZIP has no ZCTA in the Census relationship file (often a PO-box or point ZIP)"
"ray-fine-park","Gore",OK,74435,"Muskogee",zip_nearest_county_centroid,0.6,0.258,"ZCTA spans 2 counties; nearest county centroid is 26 km away, next is 33 km (margin 7 km) — OVERRODE the larger-by-land-area candidate"
"city-of-grove-tennis-and-pickleball-courts","Grove",OK,74344,"Delaware",zip_nearest_county_centroid,0.6,0.9735,"ZCTA spans 2 counties; nearest county centroid is 22 km away, next is 28 km (margin 5 km)"
"grove-sports-recreation-complex-grove-ok","Grove",OK,74344,"Delaware",zip_nearest_county_centroid,0.6,0.9735,"ZCTA spans 2 counties; nearest county centroid is 22 km away, next is 28 km (margin 5 km)"
"first-baptist-church-activity-center-mounds-4047-ok","Mounds",OK,,"",none,0,,"no postal_code"
"spaulding-park-muskogee-muskogee-ok","Muskogee",OK,74403,"Muskogee",zip_nearest_county_centroid,0.78,0.9497,"ZCTA spans 2 counties; nearest county centroid is 14 km away, next is 28 km (margin 13 km)"
"first-baptist-church-norman-flc-norman-ok","Norman",OK,,"",none,0,,"no postal_code"
"earlywine-park-ymca","Oklahoma City",OK,73648,"",none,0,,"ZIP has no ZCTA in the Census relationship file (often a PO-box or point ZIP)"
"hidden-trails-golf-country-club","Oklahoma City",OK,73159,"Oklahoma",zip_nearest_county_centroid,0.78,0.6863,"ZCTA spans 2 counties; nearest county centroid is 22 km away, next is 30 km (margin 8 km)"
"elm-creek-park-owasso-owasso-ok","Owasso",OK,12105,"",none,0,,"ZIP has no ZCTA in the Census relationship file (often a PO-box or point ZIP)"
"owasso-8th-grade-tennis-facility","Owasso",OK,74055,"Tulsa",zip_nearest_county_centroid,0.6,0.5451,"ZCTA spans 2 counties; nearest county centroid is 21 km away, next is 22 km (margin 2 km)"
"rayola-park-owasso-owasso-ok","Owasso",OK,74055,"Tulsa",zip_nearest_county_centroid,0.6,0.5451,"ZCTA spans 2 counties; nearest county centroid is 19 km away, next is 25 km (margin 6 km)"
"case-community-center-sand-springs-sand-springs-ok","Sand Springs",OK,74063,"Tulsa",zip_nearest_county_centroid,0.78,0.4907,"ZCTA spans 3 counties; nearest county centroid is 16 km away, next is 35 km (margin 19 km)"
"stuart-school","Stuart",OK,74570,"Hughes",zip_nearest_county_centroid,0.78,0.5952,"ZCTA spans 2 counties; nearest county centroid is 22 km away, next is 32 km (margin 10 km)"
"wellness-center","Tonkawa",OK,74653,"Kay",zip_nearest_county_centroid,0.78,0.9036,"ZCTA spans 2 counties; nearest county centroid is 21 km away, next is 33 km (margin 12 km)"
"florence-park","Tulsa",OK,74101,"",none,0,,"ZIP has no ZCTA in the Census relationship file (often a PO-box or point ZIP)"
"great-plains-ymca-weatherford-ok","Weatherford",OK,73096,"Custer",zip_nearest_county_centroid,0.78,0.6951,"ZCTA spans 3 counties; nearest county centroid is 33 km away, next is 41 km (margin 9 km)"
"rader-park-weatherford-ok","Weatherford",OK,73096,"Custer",zip_nearest_county_centroid,0.78,0.6951,"ZCTA spans 3 counties; nearest county centroid is 31 km away, next is 41 km (margin 11 km)"
"wewoka-public-schools","Wewoka",OK,74884,"Seminole",zip_nearest_county_centroid,0.78,0.9818,"ZCTA spans 2 counties; nearest county centroid is 10 km away, next is 25 km (margin 15 km)"
"burkhart-park","Albany",OR,97321,"Benton",zip_nearest_county_centroid,0.78,0.313,"ZCTA spans 2 counties; nearest county centroid is 32 km away, next is 46 km (margin 15 km) — OVERRODE the larger-by-land-area candidate"
"hackleman-pickleball-courts","Albany",OR,97321,"Benton",zip_nearest_county_centroid,0.78,0.313,"ZCTA spans 2 counties; nearest county centroid is 30 km away, next is 48 km (margin 18 km) — OVERRODE the larger-by-land-area candidate"
"north-albany-middle-school","Albany",OR,97321,"Benton",zip_nearest_county_centroid,0.78,0.313,"ZCTA spans 2 counties; nearest county centroid is 30 km away, next is 49 km (margin 19 km) — OVERRODE the larger-by-land-area candidate"
"the-ymca-indoor-gym-albany-albany-or","Albany",OR,97321,"Benton",zip_nearest_county_centroid,0.78,0.313,"ZCTA spans 2 counties; nearest county centroid is 28 km away, next is 48 km (margin 20 km) — OVERRODE the larger-by-land-area candidate"
"knappa-community-court-astoria-or","Astoria",OR,41535,"Pike",zip_single_county,0,1,"derived county is in KY but the row says OR - ZIP or state is wrong"
"north-marion-high-school-aurora-or-aurora-or","Aurora",OR,20167,"",none,0,,"ZIP has no ZCTA in the Census relationship file (often a PO-box or point ZIP)"
"24-hr-fitness-beaverton-or-beaverton-or","Beaverton",OR,11100,"",none,0,,"ZIP has no ZCTA in the Census relationship file (often a PO-box or point ZIP)"
"dinking-and-driving-club-beaverton-or-beaverton-or","Beaverton",OR,15707,"",none,0,,"ZIP has no ZCTA in the Census relationship file (often a PO-box or point ZIP)"
"jumbo-s-pickleball-beaverton-or-beaverton-or","Beaverton",OR,16340,"Warren",zip_single_county,0,1,"derived county is in PA but the row says OR - ZIP or state is wrong"
"life-time-beaverton","Beaverton",OR,97225,"Washington",zip_nearest_county_centroid,0.6,0.9928,"ZCTA spans 2 counties; nearest county centroid is 24 km away, next is 30 km (margin 6 km)"
"murrayhill-recreation-association-private-beaverton-or","Beaverton",OR,11010,"Nassau",zip_single_county,0,1,"derived county is in NY but the row says OR - ZIP or state is wrong"
"the-farm-beaverton-or","Beaverton",OR,10993,"Rockland",zip_single_county,0,1,"derived county is in NY but the row says OR - ZIP or state is wrong"
"villasport-beaverton-beaverton-or","Beaverton",OR,13900,"",none,0,,"ZIP has no ZCTA in the Census relationship file (often a PO-box or point ZIP)"
"bend-broken-top-club-pickleball-courts-bend-or","Bend",OR,61694,"",none,0,,"ZIP has no ZCTA in the Census relationship file (often a PO-box or point ZIP)"
"bend-pine-nursery-park-pickleball-courts-bend-or","Bend",OR,63200,"",none,0,,"ZIP has no ZCTA in the Census relationship file (often a PO-box or point ZIP)"
"bend-widgi-creek-pickleball-widgi-creek-golf-club-bend-or","Bend",OR,18707,"Luzerne",zip_single_county,0,1,"derived county is in PA but the row says OR - ZIP or state is wrong"
"hillendale-park-oregon-city-or-city-or","City",OR,19260,"",none,0,,"ZIP has no ZCTA in the Census relationship file (often a PO-box or point ZIP)"
"oregon-premier-futsal-clackamas-or","Clackamas",OR,12402,"",none,0,,"ZIP has no ZCTA in the Census relationship file (often a PO-box or point ZIP)"
"coiner-park-outdoor-season-riverside-church-indoor-season","Cottage Grove",OR,97472,"",none,0,,"ZIP has no ZCTA in the Census relationship file (often a PO-box or point ZIP)"
"dalzell-community-gym-damascus-or-damascus-or","Damascus",OR,17951,"Schuylkill",zip_single_county,0,1,"derived county is in PA but the row says OR - ZIP or state is wrong"
"grace-crossing-bible-church-estacada-or-estacada-or","Estacada",OR,29101,"Chesterfield",zip_nearest_county_centroid,0,0.8712,"derived county is in SC but the row says OR - ZIP or state is wrong"
"river-road-park-and-rec","Eugene",OR,,"",none,0,,"no postal_code"
"lace-center-gym-gaston-or","Gaston",OR,39300,"",none,0,,"ZIP has no ZCTA in the Census relationship file (often a PO-box or point ZIP)"
"riley-creek-school-gold-beach-or","Gold Beach",OR,94350,"",none,0,,"ZIP has no ZCTA in the Census relationship file (often a PO-box or point ZIP)"
"gold-hill-sports-complex-gold-hill-or","Gold Hill",OR,14775,"Chautauqua",zip_single_county,0,1,"derived county is in NY but the row says OR - ZIP or state is wrong"
"cascade-athletic-club-gresham-or-gresham-or","Gresham",OR,19201,"",none,0,,"ZIP has no ZCTA in the Census relationship file (often a PO-box or point ZIP)"
"happy-valley-park-happy-valley-or-happy-valley-or","Happy Valley",OR,13770,"",none,0,,"ZIP has no ZCTA in the Census relationship file (often a PO-box or point ZIP)"
"cascadia-pickleball-zone-harbor-or","Harbor",OR,16185,"",none,0,,"ZIP has no ZCTA in the Census relationship file (often a PO-box or point ZIP)"
"hermiston-eastern-oregon-trade-event-center-eotec-hermiston","Hermiston",OR,97838,"Umatilla",zip_nearest_county_centroid,0.6,0.7414,"ZCTA spans 2 counties; nearest county centroid is 48 km away, next is 51 km (margin 3 km)"
"hermiston-sunset-elementary-school-tennis-pickleball-courts","Hermiston",OR,97838,"Umatilla",zip_nearest_county_centroid,0.6,0.7414,"ZCTA spans 2 counties; nearest county centroid is 51 km away, next is 52 km (margin 1 km)"
"magnolia-park-hillsboro-or","Hillsboro",OR,97124,"Washington",zip_nearest_county_centroid,0.78,0.9787,"ZCTA spans 2 counties; nearest county centroid is 17 km away, next is 36 km (margin 18 km)"
"barendse-park-hubbard-or","Hubbard",OR,97032,"Marion",zip_nearest_county_centroid,0.78,0.652,"ZCTA spans 2 counties; nearest county centroid is 37 km away, next is 48 km (margin 11 km)"
"bailey-neighborhood-park-junction-city-or","Junction City",OR,97448,"Benton",zip_nearest_county_centroid,0.6,0.0559,"ZCTA spans 2 counties; nearest county centroid is 36 km away, next is 40 km (margin 4 km) — OVERRODE the larger-by-land-area candidate"
"junction-city-high-school-junction-city-or","Junction City",OR,97448,"Benton",zip_nearest_county_centroid,0.6,0.0559,"ZCTA spans 2 counties; nearest county centroid is 35 km away, next is 41 km (margin 6 km) — OVERRODE the larger-by-land-area candidate"
"keno-school-gym-keno-or","Keno",OR,11110,"",none,0,,"ZIP has no ZCTA in the Census relationship file (often a PO-box or point ZIP)"
"l-o-recreation-aquatics-center-lorac-lake-oswego-or-lake","Lake Oswego",OR,17525,"",none,0,,"ZIP has no ZCTA in the Census relationship file (often a PO-box or point ZIP)"
"lds-church-lake-oswego-lake-oswego-or","Lake Oswego",OR,14903,"Chemung",zip_single_county,0,1,"derived county is in NY but the row says OR - ZIP or state is wrong"
"mountain-park-racquet-lake-oswego-lake-oswego-or","Lake Oswego",OR,97035,"Multnomah",zip_nearest_county_centroid,0.6,0.1003,"ZCTA spans 3 counties; nearest county centroid is 27 km away, next is 33 km (margin 6 km) — OVERRODE the larger-by-land-area candidate"
"summit-at-mountain-park-private-hoa-lake-oswego-or-lake","Lake Oswego",OR,97035,"Multnomah",zip_nearest_county_centroid,0.78,0.1003,"ZCTA spans 3 counties; nearest county centroid is 24 km away, next is 36 km (margin 12 km) — OVERRODE the larger-by-land-area candidate"
"the-garage-sale-warehouse-pickleball-club-lake-oswego-or","Lake Oswego",OR,17880,"Union",zip_single_county,0,1,"derived county is in PA but the row says OR - ZIP or state is wrong"
"the-courts-by-lithia-and-driveway-medford","Medford",OR,,"",none,0,,"no postal_code"
"flying-horse-milton-freewater-or","Milton-Freewater",OR,51818,"",none,0,,"ZIP has no ZCTA in the Census relationship file (often a PO-box or point ZIP)"
"alder-creek-middle-school-milwaukie-or-milwaukie-or","Milwaukie",OR,13801,"Chenango",zip_single_county,0,1,"derived county is in NY but the row says OR - ZIP or state is wrong"
"nehalem-elementary-school","Nehalem",OR,97131,"Tillamook",zip_nearest_county_centroid,0.6,0.8633,"ZCTA spans 2 counties; nearest county centroid is 31 km away, next is 37 km (margin 6 km)"
"north-county-recreatoin-district","Nehalem",OR,97131,"Tillamook",zip_nearest_county_centroid,0.6,0.8633,"ZCTA spans 2 counties; nearest county centroid is 31 km away, next is 37 km (margin 6 km)"
"pickleball-courts","Nehalem",OR,97131,"Tillamook",zip_nearest_county_centroid,0.6,0.8633,"ZCTA spans 2 counties; nearest county centroid is 31 km away, next is 37 km (margin 6 km)"
"chehalem-aquatic-and-fitness-ctr-newberg-or-newberg-or","Newberg",OR,97132,"Yamhill",zip_nearest_county_centroid,0.6,0.9229,"ZCTA spans 3 counties; nearest county centroid is 29 km away, next is 29 km (margin 1 km)"
"jaquith-park-newberg-or-newberg-or","Newberg",OR,97132,"Yamhill",zip_nearest_county_centroid,0.6,0.9229,"ZCTA spans 3 counties; nearest county centroid is 27 km away, next is 29 km (margin 1 km)"
"lds-church-newberg-newberg-or","Newberg",OR,97132,"Yamhill",zip_nearest_county_centroid,0.6,0.9229,"ZCTA spans 3 counties; nearest county centroid is 29 km away, next is 30 km (margin 0 km)"
"newberg-indoor-courts-newberg-or","Newberg",OR,97132,"Yamhill",zip_nearest_county_centroid,0.6,0.9229,"ZCTA spans 3 counties; nearest county centroid is 28 km away, next is 30 km (margin 2 km)"
"newberg-outdoor-pickleball-courts","Newberg",OR,,"",none,0,,"no postal_code"
"proteus-vineyard-courts-newberg-or-newberg-or","Newberg",OR,21360,"",none,0,,"ZIP has no ZCTA in the Census relationship file (often a PO-box or point ZIP)"
"wine-country-pickleball-newberg-newberg-or","Newberg",OR,31544,"Telfair",zip_single_county,0,1,"derived county is in GA but the row says OR - ZIP or state is wrong"
"bethany-athletic-club-portland-or-portland-or","Portland",OR,15670,"Westmoreland",zip_single_county,0,1,"derived county is in PA but the row says OR - ZIP or state is wrong"
"cedar-park-middle-school-portland-or-portland-or","Portland",OR,11100,"",none,0,,"ZIP has no ZCTA in the Census relationship file (often a PO-box or point ZIP)"
"friendly-house-portland-or-portland-or","Portland",OR,97210,"Multnomah",zip_nearest_county_centroid,0.78,0.9976,"ZCTA spans 2 counties; nearest county centroid is 22 km away, next is 31 km (margin 8 km)"
"gabriel-park-portland-or-portland-or","Portland",OR,97219,"Multnomah",zip_nearest_county_centroid,0.6,0.9637,"ZCTA spans 3 counties; nearest county centroid is 25 km away, next is 30 km (margin 5 km)"
"hillside-community-center-nw-portland-portland-or","Portland",OR,97210,"Multnomah",zip_nearest_county_centroid,0.6,0.9976,"ZCTA spans 2 counties; nearest county centroid is 23 km away, next is 30 km (margin 7 km)"
"ida-b-wells-barnett-high-school-portland-or-portland-or","Portland",OR,97219,"Multnomah",zip_nearest_county_centroid,0.78,0.9637,"ZCTA spans 3 counties; nearest county centroid is 23 km away, next is 33 km (margin 10 km)"
"maplewood-school","Portland",OR,97219,"Multnomah",zip_nearest_county_centroid,0.6,0.9637,"ZCTA spans 3 counties; nearest county centroid is 26 km away, next is 30 km (margin 4 km)"
"parivar-park","Portland",OR,97229,"Washington",zip_nearest_county_centroid,0.78,0.6218,"ZCTA spans 2 counties; nearest county centroid is 19 km away, next is 34 km (margin 14 km)"
"parkrose-middle-school-portland-portland-or","Portland",OR,11800,"",none,0,,"ZIP has no ZCTA in the Census relationship file (often a PO-box or point ZIP)"
"portland-community-college-rock-creek-campus-portland-or","Portland",OR,17705,"",none,0,,"ZIP has no ZCTA in the Census relationship file (often a PO-box or point ZIP)"
"ridgewood-view-park-portland-or","Portland",OR,10001,"New York",zip_single_county,0,1,"derived county is in NY but the row says OR - ZIP or state is wrong"
"rock-creek-landing-park-portland-or","Portland",OR,21450,"",none,0,,"ZIP has no ZCTA in the Census relationship file (often a PO-box or point ZIP)"
"sauvie-island-school-portland-or","Portland",OR,14445,"Monroe",zip_single_county,0,1,"derived county is in NY but the row says OR - ZIP or state is wrong"
"sellwood-community-house","Portland",OR,87202,"",none,0,,"ZIP has no ZCTA in the Census relationship file (often a PO-box or point ZIP)"
"southwest-community-center-sw-portland-portland-or","Portland",OR,97219,"Multnomah",zip_nearest_county_centroid,0.6,0.9637,"ZCTA spans 3 counties; nearest county centroid is 25 km away, next is 31 km (margin 5 km)"
"wallace-park-nw-portland-portland-or","Portland",OR,97210,"Multnomah",zip_nearest_county_centroid,0.6,0.9976,"ZCTA spans 2 counties; nearest county centroid is 23 km away, next is 31 km (margin 8 km)"
"west-hills-racquet-club-portland-or","Portland",OR,97225,"Washington",zip_nearest_county_centroid,0.6,0.9928,"ZCTA spans 2 counties; nearest county centroid is 24 km away, next is 30 km (margin 6 km)"
"whitman-chicken-coop-portland-or","Portland",OR,11370,"Bronx",zip_nearest_county_centroid,0,0.4196,"derived county is in NY but the row says OR - ZIP or state is wrong"
"prineville-pickleball-courts-prineville-or","Prineville",OR,97754,"Crook",zip_nearest_county_centroid,0.6,0.9707,"ZCTA spans 3 counties; nearest county centroid is 40 km away, next is 47 km (margin 6 km)"
"courthouse-club-fitness-battlecreek","Salem",OR,97313,"",none,0,,"ZIP has no ZCTA in the Census relationship file (often a PO-box or point ZIP)"
"courthouse-club-fitness-west-salem","Salem",OR,97304,"Polk",zip_nearest_county_centroid,0.78,0.8697,"ZCTA spans 2 counties; nearest county centroid is 30 km away, next is 49 km (margin 18 km)"
"orchard-heights-park","Salem",OR,97304,"Polk",zip_nearest_county_centroid,0.78,0.8697,"ZCTA spans 2 counties; nearest county centroid is 26 km away, next is 37 km (margin 11 km)"
"salem-orchard-heights-park-salem-or","Salem",OR,97304,"Polk",zip_nearest_county_centroid,0.78,0.8697,"ZCTA spans 2 counties; nearest county centroid is 29 km away, next is 41 km (margin 12 km)"
"salem-the-church-of-jesus-christ-of-latter-day-saints-west","Salem",OR,97304,"Polk",zip_nearest_county_centroid,0.78,0.8697,"ZCTA spans 2 counties; nearest county centroid is 27 km away, next is 36 km (margin 9 km)"
"mt-hood-athletic-club-sandy-or","Sandy",OR,37095,"Wilson",zip_nearest_county_centroid,0,0.0209,"derived county is in TN but the row says OR - ZIP or state is wrong"
"shady-cove-shady-cove-or","Shady Cove",OR,22062,"",none,0,,"ZIP has no ZCTA in the Census relationship file (often a PO-box or point ZIP)"
"upper-rogue-community-center-indoors-shady-cove-or","Shady Cove",OR,22465,"",none,0,,"ZIP has no ZCTA in the Census relationship file (often a PO-box or point ZIP)"
"blueberry-hill-park-sherwood-or-sherwood-or","Sherwood",OR,13600,"",none,0,,"ZIP has no ZCTA in the Census relationship file (often a PO-box or point ZIP)"
"private-deep-blu-sherwood-or","Sherwood",OR,12340,"",none,0,,"ZIP has no ZCTA in the Census relationship file (often a PO-box or point ZIP)"
"sherwood-ymca-sherwood-or","Sherwood",OR,23000,"",none,0,,"ZIP has no ZCTA in the Census relationship file (often a PO-box or point ZIP)"
"snyder-park-sherwood-sherwood-or","Sherwood",OR,15365,"Washington",zip_single_county,0,1,"derived county is in PA but the row says OR - ZIP or state is wrong"
"black-butte-ranch","Sisters",OR,97759,"Deschutes",zip_nearest_county_centroid,0.6,0.2688,"ZCTA spans 3 counties; nearest county centroid is 49 km away, next is 49 km (margin 0 km) — OVERRODE the larger-by-land-area candidate"
"grand-peaks-private-sisters-or","Sisters",OR,97759,"Jefferson",zip_nearest_county_centroid,0.6,0.3088,"ZCTA spans 3 counties; nearest county centroid is 48 km away, next is 50 km (margin 2 km) — OVERRODE the larger-by-land-area candidate"
"sisters-community-church-student-center-sisters-or","Sisters",OR,97759,"Deschutes",zip_nearest_county_centroid,0.6,0.2688,"ZCTA spans 3 counties; nearest county centroid is 49 km away, next is 49 km (margin 0 km) — OVERRODE the larger-by-land-area candidate"
"sisters-community-recreation-center-sisters-or","Sisters",OR,97759,"Deschutes",zip_nearest_county_centroid,0.6,0.2688,"ZCTA spans 3 counties; nearest county centroid is 49 km away, next is 49 km (margin 0 km) — OVERRODE the larger-by-land-area candidate"
"sisters-middle-school-tennis-courts-sisters-or","Sisters",OR,15200,"",none,0,,"ZIP has no ZCTA in the Census relationship file (often a PO-box or point ZIP)"
"stayton-community-center-park-stayton-or","Stayton",OR,97383,"Marion",zip_nearest_county_centroid,0.78,0.7038,"ZCTA spans 2 counties; nearest county centroid is 21 km away, next is 40 km (margin 19 km)"
"sunriver-sunriver-or","Sunriver",OR,57525,"",none,0,,"ZIP has no ZCTA in the Census relationship file (often a PO-box or point ZIP)"
"sunriver-sage-springs-outdoor-tennis-courts-sunriver-or","Sunriver",OR,17642,"",none,0,,"ZIP has no ZCTA in the Census relationship file (often a PO-box or point ZIP)"
"sunriver-pickleball-club","Sunriver",OR,97708,"",none,0,,"ZIP has no ZCTA in the Census relationship file (often a PO-box or point ZIP)"
"24-hour-fitness-tigard-or-tigard-or","Tigard",OR,17942,"",none,0,,"ZIP has no ZCTA in the Census relationship file (often a PO-box or point ZIP)"
"bay-club-portland-tigard-or-tigard-or","Tigard",OR,18120,"",none,0,,"ZIP has no ZCTA in the Census relationship file (often a PO-box or point ZIP)"
"fowler-middle-school-tigard-or-tigard-or","Tigard",OR,11095,"",none,0,,"ZIP has no ZCTA in the Census relationship file (often a PO-box or point ZIP)"
"muslim-educational-trust-tigard-tigard-or","Tigard",OR,10330,"",none,0,,"ZIP has no ZCTA in the Census relationship file (often a PO-box or point ZIP)"
"pickleball-kingdom-tigard-or-tigard-or","Tigard",OR,16800,"",none,0,,"ZIP has no ZCTA in the Census relationship file (often a PO-box or point ZIP)"
"summerfield-55-residential-community-private-residents-only","Tigard",OR,10650,"",none,0,,"ZIP has no ZCTA in the Census relationship file (often a PO-box or point ZIP)"
"east-county-pickleball-courts","Troutdale",OR,,"",none,0,,"no postal_code"
"east-county-pickleball-courts-troutdale-or-troutdale-or","Troutdale",OR,27100,"",none,0,,"ZIP has no ZCTA in the Census relationship file (often a PO-box or point ZIP)"
"bridgeport-elementary-tualatin-or-tualatin-or","Tualatin",OR,97062,"Washington",zip_nearest_county_centroid,0.78,0.7267,"ZCTA spans 2 counties; nearest county centroid is 35 km away, next is 49 km (margin 14 km)"
"ibach-park-tualatin-or-tualatin-or","Tualatin",OR,10455,"Bronx",zip_single_county,0,1,"derived county is in NY but the row says OR - ZIP or state is wrong"
"private-nitro-indoor-tualatin-or","Tualatin",OR,11470,"",none,0,,"ZIP has no ZCTA in the Census relationship file (often a PO-box or point ZIP)"
"tualatin-community-park","Tualatin",OR,97062,"Washington",zip_nearest_county_centroid,0.78,0.7267,"ZCTA spans 2 counties; nearest county centroid is 32 km away, next is 51 km (margin 19 km)"
"tualatin-private-court-tualatin-or","Tualatin",OR,19970,"Sussex",zip_single_county,0,1,"derived county is in DE but the row says OR - ZIP or state is wrong"
"veneta-territorial-park-veneta-or","Veneta",OR,88092,"",none,0,,"ZIP has no ZCTA in the Census relationship file (often a PO-box or point ZIP)"
"camp-rilea-gymnasium","Warrenton",OR,97143,"",none,0,,"ZIP has no ZCTA in the Census relationship file (often a PO-box or point ZIP)"
"private-oregon-golf-club-west-linn-or","West Linn",OR,25700,"",none,0,,"ZIP has no ZCTA in the Census relationship file (often a PO-box or point ZIP)"
"rosemont-ridge-middle-school-west-linn-west-linn-or","West Linn",OR,20001,"District of Columbia",zip_single_county,0,1,"derived county is in DC but the row says OR - ZIP or state is wrong"
"charbonneau-private-res-wilsonville-or","Wilsonville",OR,31267,"",none,0,,"ZIP has no ZCTA in the Census relationship file (often a PO-box or point ZIP)"
"edge-family-fitness-wilsonville-or-wilsonville-or","Wilsonville",OR,30050,"",none,0,,"ZIP has no ZCTA in the Census relationship file (often a PO-box or point ZIP)"
"lds-church-wilsonville-wilsonville-or","Wilsonville",OR,29350,"",none,0,,"ZIP has no ZCTA in the Census relationship file (often a PO-box or point ZIP)"
"o-brien-oasis-wilsonville-or","Wilsonville",OR,34444,"",none,0,,"ZIP has no ZCTA in the Census relationship file (often a PO-box or point ZIP)"
"villabois-eldeweiss-park-court-wilsonville-or","Wilsonville",OR,28915,"",none,0,,"ZIP has no ZCTA in the Census relationship file (often a PO-box or point ZIP)"
"villabois-montagie-park-court-wilsonville-or","Wilsonville",OR,28915,"",none,0,,"ZIP has no ZCTA in the Census relationship file (often a PO-box or point ZIP)"
"wilsonville-memorial-park-main-entrance","Wilsonville",OR,97070,"Washington",zip_nearest_county_centroid,0.78,0.0352,"ZCTA spans 2 counties; nearest county centroid is 38 km away, next is 47 km (margin 9 km) — OVERRODE the larger-by-land-area candidate"
"tukwila-hoa-courts-woodburn-woodburn-or","Woodburn",OR,97071,"Marion",zip_nearest_county_centroid,0.78,0.7406,"ZCTA spans 2 counties; nearest county centroid is 36 km away, next is 52 km (margin 15 km)"
"woodburn-legion-park-woodburn-or","Woodburn",OR,97071,"Marion",zip_nearest_county_centroid,0.78,0.7406,"ZCTA spans 2 counties; nearest county centroid is 35 km away, next is 51 km (margin 16 km)"
"woodburn-settlemier-park-woodburn-or","Woodburn",OR,97071,"Marion",zip_nearest_county_centroid,0.78,0.7406,"ZCTA spans 2 counties; nearest county centroid is 35 km away, next is 52 km (margin 17 km)"
"woodburn-tukwila-hoa-woodburn-or","Woodburn",OR,97071,"Marion",zip_nearest_county_centroid,0.78,0.7406,"ZCTA spans 2 counties; nearest county centroid is 36 km away, next is 52 km (margin 16 km)"
"woodburn-city-courts-woodburn-or","Woodburn",OR,97071,"Marion",zip_nearest_county_centroid,0.78,0.7406,"ZCTA spans 2 counties; nearest county centroid is 35 km away, next is 52 km (margin 17 km)"
"ymca-octorara-program-center","Atglen",PA,19310,"Chester",zip_nearest_county_centroid,0.6,0.9247,"ZCTA spans 2 counties; nearest county centroid is 19 km away, next is 26 km (margin 6 km)"
"forward-pickleball","Audubon",PA,,"",none,0,,"no postal_code"
"berwyn-squash-fitness","Berwyn",PA,19312,"Delaware",zip_nearest_county_centroid,0.78,0.0422,"ZCTA spans 2 counties; nearest county centroid is 15 km away, next is 28 km (margin 13 km) — OVERRODE the larger-by-land-area candidate"
"teegarden-park","Berwyn",PA,19312,"Delaware",zip_nearest_county_centroid,0.78,0.0422,"ZCTA spans 2 counties; nearest county centroid is 15 km away, next is 28 km (margin 13 km) — OVERRODE the larger-by-land-area candidate"
"umly-upper-main-line-ymca","Berwyn",PA,19312,"Delaware",zip_nearest_county_centroid,0.78,0.0422,"ZCTA spans 2 counties; nearest county centroid is 15 km away, next is 28 km (margin 13 km) — OVERRODE the larger-by-land-area candidate"
"bethel-park-community-center","Bethel Park",PA,15102,"Allegheny",zip_nearest_county_centroid,0.6,0.9915,"ZCTA spans 2 counties; nearest county centroid is 17 km away, next is 23 km (margin 6 km)"
"simmons-park","Bethel Park",PA,15102,"Allegheny",zip_nearest_county_centroid,0.6,0.9915,"ZCTA spans 2 counties; nearest county centroid is 17 km away, next is 23 km (margin 6 km)"
"spencer-family-ymca","Bethel Park",PA,15102,"Allegheny",zip_nearest_county_centroid,0.6,0.9915,"ZCTA spans 2 counties; nearest county centroid is 17 km away, next is 23 km (margin 6 km)"
"bethlehem-township-community-center","Bethlehem",PA,18016,"",none,0,,"ZIP has no ZCTA in the Census relationship file (often a PO-box or point ZIP)"
"greater-valley-ymca-bethlehem-branch","Bethlehem",PA,18018,"Northampton",zip_nearest_county_centroid,0.6,0.3375,"ZCTA spans 2 counties; nearest county centroid is 16 km away, next is 18 km (margin 2 km) — OVERRODE the larger-by-land-area candidate"
"hanover-township-recreation-center","Bethlehem",PA,18025,"",none,0,,"ZIP has no ZCTA in the Census relationship file (often a PO-box or point ZIP)"
"traditions-of-america-at-hanover","Bethlehem",PA,18017,"Northampton",zip_nearest_county_centroid,0.6,0.948,"ZCTA spans 2 counties; nearest county centroid is 16 km away, next is 18 km (margin 2 km)"
"bloomsburg-area-ymca","Bloomsburg",PA,17815,"Columbia",zip_nearest_county_centroid,0.78,0.9731,"ZCTA spans 3 counties; nearest county centroid is 6 km away, next is 18 km (margin 12 km)"
"boyertown-community-park-boyertown-pa","Boyertown",PA,19512,"Montgomery",zip_nearest_county_centroid,0.6,0.015,"ZCTA spans 2 counties; nearest county centroid is 26 km away, next is 27 km (margin 1 km) — OVERRODE the larger-by-land-area candidate"
"boyertown-ymca-boyertown-pa","Boyertown",PA,19512,"Berks",zip_nearest_county_centroid,0.6,0.985,"ZCTA spans 2 counties; nearest county centroid is 26 km away, next is 27 km (margin 0 km)"
"brockway-multi-purpose-bldg","Brockway",PA,15824,"Jefferson",zip_nearest_county_centroid,0.78,0.9423,"ZCTA spans 2 counties; nearest county centroid is 22 km away, next is 38 km (margin 16 km)"
"brockway-pickleball","Brockway",PA,15824,"Jefferson",zip_nearest_county_centroid,0.78,0.9423,"ZCTA spans 2 counties; nearest county centroid is 22 km away, next is 38 km (margin 16 km)"
"brookville-pickleball-complex","Brookville",PA,,"",none,0,,"no postal_code"
"ashbridge-park-bryn-mawr-pa","Bryn Mawr",PA,19010,"Delaware",zip_nearest_county_centroid,0.6,0.5516,"ZCTA spans 2 counties; nearest county centroid is 14 km away, next is 20 km (margin 6 km)"
"clem-macrone-park-bryn-mawr-pa","Bryn Mawr",PA,19010,"Delaware",zip_nearest_county_centroid,0.6,0.5516,"ZCTA spans 2 counties; nearest county centroid is 14 km away, next is 21 km (margin 7 km)"
"highland-farm-park-bryn-mawr-bryn-mawr-pa","Bryn Mawr",PA,19010,"Delaware",zip_nearest_county_centroid,0.6,0.5516,"ZCTA spans 2 counties; nearest county centroid is 14 km away, next is 21 km (margin 7 km)"
"fiala-field","Camp Hill",PA,17011,"Cumberland",zip_nearest_county_centroid,0.78,0.9366,"ZCTA spans 2 counties; nearest county centroid is 30 km away, next is 39 km (margin 9 km)"
"west-shore-country-club","Camp Hill",PA,17011,"Cumberland",zip_nearest_county_centroid,0.78,0.9366,"ZCTA spans 2 counties; nearest county centroid is 30 km away, next is 39 km (margin 9 km)"
"ymca-west-shore","Camp Hill",PA,17011,"Cumberland",zip_nearest_county_centroid,0.78,0.9366,"ZCTA spans 2 counties; nearest county centroid is 30 km away, next is 39 km (margin 9 km)"
"greater-carbondale-ymca","Carbondale",PA,18407,"Lackawanna",zip_nearest_county_centroid,0.78,0.9246,"ZCTA spans 2 counties; nearest county centroid is 17 km away, next is 37 km (margin 20 km)"
"glennwood-avenue-park-clifton-heights","Clifton Heights",PA,,"",none,0,,"no postal_code"
"corry-ymca","Corry",PA,16407,"Warren",zip_nearest_county_centroid,0.78,0.2398,"ZCTA spans 3 counties; nearest county centroid is 30 km away, next is 43 km (margin 13 km) — OVERRODE the larger-by-land-area candidate"
"mead-park-tennis-courts-corry-pa","Corry",PA,16407,"Warren",zip_nearest_county_centroid,0.78,0.2398,"ZCTA spans 3 counties; nearest county centroid is 31 km away, next is 43 km (margin 12 km) — OVERRODE the larger-by-land-area candidate"
"ymca-of-corry","Corry",PA,16407,"Warren",zip_nearest_county_centroid,0.78,0.2398,"ZCTA spans 3 counties; nearest county centroid is 30 km away, next is 43 km (margin 13 km) — OVERRODE the larger-by-land-area candidate"
"newberry-country-club","Dallas",PA,,"",none,0,,"no postal_code"
"newberry-estate","Dallas",PA,18612,"Luzerne",zip_nearest_county_centroid,0.6,0.8907,"ZCTA spans 2 counties; nearest county centroid is 18 km away, next is 21 km (margin 3 km)"
"dacc","Danville",PA,17821,"Montour",zip_nearest_county_centroid,0.6,0.7048,"ZCTA spans 3 counties; nearest county centroid is 8 km away, next is 15 km (margin 7 km)"
"ace-pickleball-club-downingtown-downingtown","Downingtown",PA,,"",none,0,,"no postal_code"
"the-dubois-area-ymca-dubois-pa","DuBois",PA,15801,"Jefferson",zip_nearest_county_centroid,0.6,0.0082,"ZCTA spans 2 counties; nearest county centroid is 21 km away, next is 27 km (margin 6 km) — OVERRODE the larger-by-land-area candidate"
"the-pickleball-bank-dubois","DuBois",PA,15801,"Jefferson",zip_nearest_county_centroid,0.6,0.0082,"ZCTA spans 2 counties; nearest county centroid is 21 km away, next is 27 km (margin 5 km) — OVERRODE the larger-by-land-area candidate"
"treasure-lake-captain-kidd-park","DuBois",PA,15801,"Jefferson",zip_nearest_county_centroid,0.6,0.0082,"ZCTA spans 2 counties; nearest county centroid is 21 km away, next is 27 km (margin 6 km) — OVERRODE the larger-by-land-area candidate"
"county-ymca","Edinboro",PA,16412,"Crawford",zip_nearest_county_centroid,0.6,0.2093,"ZCTA spans 2 counties; nearest county centroid is 21 km away, next is 27 km (margin 6 km) — OVERRODE the larger-by-land-area candidate"
"farrandsville-community-park-farrandsville-pa","Farrandsville",PA,17734,"",none,0,,"ZIP has no ZCTA in the Census relationship file (often a PO-box or point ZIP)"
"penn-national-community","Fayetteville",PA,17222,"Franklin",zip_nearest_county_centroid,0.78,0.6903,"ZCTA spans 2 counties; nearest county centroid is 15 km away, next is 29 km (margin 14 km)"
"mingo-creek-park-pickleball-finleyville-pa","Finleyville",PA,15332,"Washington",zip_nearest_county_centroid,0.6,0.8692,"ZCTA spans 2 counties; nearest county centroid is 22 km away, next is 24 km (margin 2 km)"
"freeport-community-park","Freeport",PA,16229,"Armstrong",zip_nearest_county_centroid,0.78,0.8803,"ZCTA spans 3 counties; nearest county centroid is 24 km away, next is 33 km (margin 9 km)"
"boyertown-ymca-hollenbach-new-hanover-twp","Gilbertsville",PA,19525,"Montgomery",zip_nearest_county_centroid,0.6,0.9984,"ZCTA spans 2 counties; nearest county centroid is 24 km away, next is 29 km (margin 5 km)"
"girard-high-school","Girard",PA,,"",none,0,,"no postal_code"
"concord-twp-glen-mills-pa","Glen Mills",PA,19342,"Delaware",zip_nearest_county_centroid,0.78,0.967,"ZCTA spans 2 counties; nearest county centroid is 11 km away, next is 22 km (margin 11 km)"
"gherkins-clinic-or-special-event-glen-mills-pa","Glen Mills",PA,19342,"Delaware",zip_nearest_county_centroid,0.78,0.967,"ZCTA spans 2 counties; nearest county centroid is 11 km away, next is 22 km (margin 11 km)"
"glen-mills-glen-mills-pa","Glen Mills",PA,19342,"Delaware",zip_nearest_county_centroid,0.78,0.967,"ZCTA spans 2 counties; nearest county centroid is 11 km away, next is 22 km (margin 11 km)"
"glen-mills-beginner-glen-mills-pa","Glen Mills",PA,19342,"Delaware",zip_nearest_county_centroid,0.78,0.967,"ZCTA spans 2 counties; nearest county centroid is 8 km away, next is 23 km (margin 15 km)"
"glen-mills-schools-rec-center-glen-mills-pa","Glen Mills",PA,19342,"Delaware",zip_nearest_county_centroid,0.78,0.967,"ZCTA spans 2 counties; nearest county centroid is 9 km away, next is 22 km (margin 14 km)"
"east-hanover-park","Grantville",PA,17028,"Dauphin",zip_nearest_county_centroid,0.6,0.4606,"ZCTA spans 2 counties; nearest county centroid is 13 km away, next is 15 km (margin 2 km) — OVERRODE the larger-by-land-area candidate"
"pine-grove-community-center-grove-city-pa","Grove City",PA,16127,"Mercer",zip_nearest_county_centroid,0.78,0.8998,"ZCTA spans 4 counties; nearest county centroid is 21 km away, next is 29 km (margin 8 km)"
"hanover-ymca","Hanover",PA,17331,"Adams",zip_nearest_county_centroid,0.6,0.3984,"ZCTA spans 2 counties; nearest county centroid is 21 km away, next is 26 km (margin 4 km) — OVERRODE the larger-by-land-area candidate"
"myers-memorial-playground-hanover-pa","Hanover",PA,17331,"Adams",zip_nearest_county_centroid,0.6,0.3984,"ZCTA spans 2 counties; nearest county centroid is 20 km away, next is 27 km (margin 7 km) — OVERRODE the larger-by-land-area candidate"
"york-adams-community-tennis-association","Hanover",PA,17331,"Adams",zip_nearest_county_centroid,0.6,0.3984,"ZCTA spans 2 counties; nearest county centroid is 21 km away, next is 26 km (margin 4 km) — OVERRODE the larger-by-land-area candidate"
"ryan-gloyer-middle-school","Harmony",PA,16037,"Butler",zip_nearest_county_centroid,0.6,0.8632,"ZCTA spans 3 counties; nearest county centroid is 21 km away, next is 23 km (margin 1 km)"
"veteran-s-park-7802","Harrisburg",PA,17122,"",none,0,,"ZIP has no ZCTA in the Census relationship file (often a PO-box or point ZIP)"
"dill-dinkers-hatboro-f30000","Hatboro",PA,,"",none,0,,"no postal_code"
"hatfield-community-park-hatfield-pa","Hatfield",PA,19433,"",none,0,,"ZIP has no ZCTA in the Census relationship file (often a PO-box or point ZIP)"
"hatfield-township-community-park","Hatfield",PA,19440,"Montgomery",zip_nearest_county_centroid,0.6,0.7523,"ZCTA spans 2 counties; nearest county centroid is 11 km away, next is 16 km (margin 5 km)"
"preston-park-haverford-haverford-pa","Haverford",PA,19041,"Delaware",zip_nearest_county_centroid,0.78,0.6771,"ZCTA spans 2 counties; nearest county centroid is 13 km away, next is 22 km (margin 9 km)"
"haverford-crec","Havertown",PA,19041,"Delaware",zip_nearest_county_centroid,0.78,0.6771,"ZCTA spans 2 counties; nearest county centroid is 11 km away, next is 26 km (margin 16 km)"
"haverford-y-havertown-pa","Havertown",PA,19083,"Delaware",zip_nearest_county_centroid,0.78,0.9964,"ZCTA spans 2 counties; nearest county centroid is 9 km away, next is 27 km (margin 17 km)"
"paddock-park","Havertown",PA,19083,"Delaware",zip_nearest_county_centroid,0.78,0.9964,"ZCTA spans 2 counties; nearest county centroid is 11 km away, next is 26 km (margin 16 km)"
"the-grange-havertown-pa","Havertown",PA,19083,"Delaware",zip_nearest_county_centroid,0.78,0.9964,"ZCTA spans 2 counties; nearest county centroid is 12 km away, next is 27 km (margin 15 km)"
"westgate-hills-park-havertown-pa","Havertown",PA,19083,"Delaware",zip_nearest_county_centroid,0.78,0.9964,"ZCTA spans 2 counties; nearest county centroid is 9 km away, next is 27 km (margin 18 km)"
"bingham-park","Hawley",PA,18428,"Pike",zip_nearest_county_centroid,0.6,0.7578,"ZCTA spans 2 counties; nearest county centroid is 21 km away, next is 21 km (margin 0 km)"
"ironhouse-gym","Hazle Township",PA,18202,"Luzerne",zip_nearest_county_centroid,0.6,0.8869,"ZCTA spans 2 counties; nearest county centroid is 25 km away, next is 31 km (margin 6 km)"
"altmiller-park","Hazleton",PA,18201,"Carbon",zip_nearest_county_centroid,0.6,0.0243,"ZCTA spans 2 counties; nearest county centroid is 23 km away, next is 24 km (margin 1 km) — OVERRODE the larger-by-land-area candidate"
"beech-street-park","Hazleton",PA,18201,"Carbon",zip_nearest_county_centroid,0.6,0.0243,"ZCTA spans 2 counties; nearest county centroid is 23 km away, next is 24 km (margin 1 km) — OVERRODE the larger-by-land-area candidate"
"st-stans-park","Hazleton",PA,18201,"Carbon",zip_nearest_county_centroid,0.6,0.0243,"ZCTA spans 2 counties; nearest county centroid is 23 km away, next is 24 km (margin 1 km) — OVERRODE the larger-by-land-area candidate"
"hershey-recreation-center","Hershey",PA,17033,"Dauphin",zip_nearest_county_centroid,0.6,0.8764,"ZCTA spans 2 counties; nearest county centroid is 18 km away, next is 19 km (margin 0 km)"
"lower-moreland-township-park-huntingdon-valley-huntingdon","Huntingdon Valley",PA,19006,"Bucks",zip_nearest_county_centroid,0.6,0.0904,"ZCTA spans 2 counties; nearest county centroid is 24 km away, next is 28 km (margin 4 km) — OVERRODE the larger-by-land-area candidate"
"mason-mills-park","Huntingdon Valley",PA,19006,"Bucks",zip_nearest_county_centroid,0.6,0.0904,"ZCTA spans 2 counties; nearest county centroid is 24 km away, next is 28 km (margin 4 km) — OVERRODE the larger-by-land-area candidate"
"leopold-lake-park","Imperial",PA,15126,"Allegheny",zip_nearest_county_centroid,0.6,0.9913,"ZCTA spans 2 counties; nearest county centroid is 22 km away, next is 28 km (margin 5 km)"
"irwin-park-deck-hockey-court-irwin-pa","Irwin",PA,15642,"Westmoreland",zip_nearest_county_centroid,0.6,0.981,"ZCTA spans 2 counties; nearest county centroid is 21 km away, next is 28 km (margin 7 km)"
"jersey-shore-branch-ymca-jersey-shore-pa","Jersey Shore",PA,17740,"Lycoming",zip_nearest_county_centroid,0.6,0.8294,"ZCTA spans 2 counties; nearest county centroid is 24 km away, next is 31 km (margin 7 km)"
"jersey-shore-recreation-park-jersey-shore-pa","Jersey Shore",PA,17740,"Lycoming",zip_nearest_county_centroid,0.6,0.8294,"ZCTA spans 2 counties; nearest county centroid is 24 km away, next is 31 km (margin 7 km)"
"jersey-shore-thompson-st-jersey-shore-pa","Jersey Shore",PA,17740,"Lycoming",zip_nearest_county_centroid,0.6,0.8294,"ZCTA spans 2 counties; nearest county centroid is 24 km away, next is 31 km (margin 7 km)"
"westmont-recreation-the-grove","Johnstown",PA,15905,"Cambria",zip_nearest_county_centroid,0.78,0.5889,"ZCTA spans 2 counties; nearest county centroid is 27 km away, next is 39 km (margin 12 km)"
"jcc","Kingston",PA,19704,"",none,0,,"ZIP has no ZCTA in the Census relationship file (often a PO-box or point ZIP)"
"dill-dinkers-lansdale-f30022","Lansdale",PA,,"",none,0,,"no postal_code"
"legion-keener-park-latrobe","Latrobe",PA,,"",none,0,,"no postal_code"
"pickleballhaven746-lock-haven-pa","Lock Haven",PA,17745,"Clinton",zip_nearest_county_centroid,0.78,0.7165,"ZCTA spans 2 counties; nearest county centroid is 20 km away, next is 38 km (margin 18 km)"
"veterans-central-park-lower-burrell-pa","Lower Burrell",PA,15068,"Allegheny",zip_nearest_county_centroid,0.78,0.2199,"ZCTA spans 2 counties; nearest county centroid is 25 km away, next is 38 km (margin 13 km) — OVERRODE the larger-by-land-area candidate"
"adams-township-park-mars-pa","Mars",PA,16046,"Butler",zip_nearest_county_centroid,0.6,0.8044,"ZCTA spans 2 counties; nearest county centroid is 25 km away, next is 25 km (margin 0 km)"
"the-strand","McAdoo",PA,18237,"Carbon",zip_nearest_county_centroid,0.6,0.0567,"ZCTA spans 2 counties; nearest county centroid is 24 km away, next is 29 km (margin 5 km) — OVERRODE the larger-by-land-area candidate"
"wayne-twp-park-mcelhattan-pa","McElhattan",PA,17745,"Clinton",zip_nearest_county_centroid,0.78,0.7165,"ZCTA spans 2 counties; nearest county centroid is 24 km away, next is 33 km (margin 9 km)"
"fisher-park","Mechanicsburg",PA,17055,"Cumberland",zip_nearest_county_centroid,0.78,0.8758,"ZCTA spans 2 counties; nearest county centroid is 22 km away, next is 36 km (margin 14 km)"
"lower-allen-community-park","Mechanicsburg",PA,17055,"Cumberland",zip_nearest_county_centroid,0.6,0.8758,"ZCTA spans 2 counties; nearest county centroid is 29 km away, next is 32 km (margin 3 km)"
"soldiers-and-sailors-memorial-park","Mechanicsburg",PA,17055,"Cumberland",zip_nearest_county_centroid,0.78,0.8758,"ZCTA spans 2 counties; nearest county centroid is 22 km away, next is 41 km (margin 19 km)"
"wass-park","Mechanicsburg",PA,17055,"Cumberland",zip_nearest_county_centroid,0.78,0.8758,"ZCTA spans 2 counties; nearest county centroid is 26 km away, next is 39 km (margin 13 km)"
"winding-hill-south-park","Mechanicsburg",PA,17055,"Cumberland",zip_nearest_county_centroid,0.78,0.8758,"ZCTA spans 2 counties; nearest county centroid is 26 km away, next is 35 km (margin 9 km)"
"christ-wesleyan-church","Milton",PA,17847,"Montour",zip_nearest_county_centroid,0.6,0.2006,"ZCTA spans 2 counties; nearest county centroid is 16 km away, next is 22 km (margin 6 km) — OVERRODE the larger-by-land-area candidate"
"milton-commnity-park-mitlon-pa","Milton",PA,17831,"",none,0,,"ZIP has no ZCTA in the Census relationship file (often a PO-box or point ZIP)"
"milton-pickleball-tennis-courts","Milton",PA,17847,"Montour",zip_nearest_county_centroid,0.6,0.2006,"ZCTA spans 2 counties; nearest county centroid is 16 km away, next is 22 km (margin 6 km) — OVERRODE the larger-by-land-area candidate"
"all-american-field-house","Monroeville",PA,15146,"Allegheny",zip_nearest_county_centroid,0.78,0.9969,"ZCTA spans 2 counties; nearest county centroid is 19 km away, next is 28 km (margin 9 km)"
"all-american-fieldhouse-monroeville-pa","Monroeville",PA,15146,"Allegheny",zip_nearest_county_centroid,0.78,0.9969,"ZCTA spans 2 counties; nearest county centroid is 19 km away, next is 28 km (margin 9 km)"
"monroeville-community-park-west","Monroeville",PA,15146,"Allegheny",zip_nearest_county_centroid,0.78,0.9969,"ZCTA spans 2 counties; nearest county centroid is 19 km away, next is 28 km (margin 9 km)"
"ymca-of-laurel-highlands","Mt Pleasant",PA,15666,"Westmoreland",zip_nearest_county_centroid,0.6,0.761,"ZCTA spans 2 counties; nearest county centroid is 19 km away, next is 27 km (margin 8 km)"
"river-valley-regional-ymca-east-lycoming-branch","Muncy",PA,17756,"Montour",zip_nearest_county_centroid,0.6,0.0285,"ZCTA spans 4 counties; nearest county centroid is 22 km away, next is 27 km (margin 5 km) — OVERRODE the larger-by-land-area candidate"
"hillside-courts","New Cumberland",PA,17070,"Cumberland",zip_nearest_county_centroid,0.6,0.1349,"ZCTA spans 2 counties; nearest county centroid is 34 km away, next is 36 km (margin 2 km) — OVERRODE the larger-by-land-area candidate"
"roof-park","New Cumberland",PA,17070,"Cumberland",zip_nearest_county_centroid,0.6,0.1349,"ZCTA spans 2 counties; nearest county centroid is 34 km away, next is 36 km (margin 2 km) — OVERRODE the larger-by-land-area candidate"
"memorial-park-new-kensington-pa","New Kensington",PA,15068,"Allegheny",zip_nearest_county_centroid,0.78,0.2199,"ZCTA spans 2 counties; nearest county centroid is 21 km away, next is 37 km (margin 16 km) — OVERRODE the larger-by-land-area candidate"
"new-kensington-memorial-park-outdoor-pickleball","New Kensington",PA,15068,"Allegheny",zip_nearest_county_centroid,0.78,0.2199,"ZCTA spans 2 counties; nearest county centroid is 21 km away, next is 38 km (margin 17 km) — OVERRODE the larger-by-land-area candidate"
"new-kensington-y-m-c-a","New Kensington",PA,15068,"Allegheny",zip_nearest_county_centroid,0.78,0.2199,"ZCTA spans 2 counties; nearest county centroid is 21 km away, next is 38 km (margin 17 km) — OVERRODE the larger-by-land-area candidate"
"oak-hollow-park-north-huntingdon-pa","North Huntingdon",PA,15642,"Westmoreland",zip_nearest_county_centroid,0.6,0.981,"ZCTA spans 2 counties; nearest county centroid is 20 km away, next is 28 km (margin 8 km)"
"friendship-park-north-wales-north-wales-pa","North Wales",PA,19454,"Montgomery",zip_nearest_county_centroid,0.78,0.9912,"ZCTA spans 2 counties; nearest county centroid is 8 km away, next is 20 km (margin 12 km)"
"parkside-place-8021","North Wales",PA,19454,"Montgomery",zip_nearest_county_centroid,0.78,0.9912,"ZCTA spans 2 counties; nearest county centroid is 8 km away, next is 21 km (margin 13 km)"
"parkside-place-park-north-wales-north-wales-pa","North Wales",PA,19454,"Montgomery",zip_nearest_county_centroid,0.78,0.9912,"ZCTA spans 2 counties; nearest county centroid is 8 km away, next is 20 km (margin 12 km)"
"collier-park-3820","Oakdale",PA,,"",none,0,,"no postal_code"
"macoby-creek-park-pennsburg-pa","Pennsburg",PA,18073,"Montgomery",zip_nearest_county_centroid,0.78,0.8491,"ZCTA spans 2 counties; nearest county centroid is 23 km away, next is 33 km (margin 11 km)"
"upper-perkiomen-valley-ymca-pennsburg-pa","Pennsburg",PA,18073,"Montgomery",zip_nearest_county_centroid,0.78,0.8491,"ZCTA spans 2 counties; nearest county centroid is 23 km away, next is 33 km (margin 11 km)"
"ewing-park","Pennsylvania",PA,16117,"Beaver",zip_nearest_county_centroid,0.6,0.3443,"ZCTA spans 2 counties; nearest county centroid is 445 km away, next is 450 km (margin 5 km) — OVERRODE the larger-by-land-area candidate"
"pine-valley-pickleball-philadelphia","Philadelphia",PA,,"",none,0,,"no postal_code"
"roxborough-ymca","Philadelphia",PA,19128,"Philadelphia",zip_nearest_county_centroid,0.78,0.9758,"ZCTA spans 2 counties; nearest county centroid is 9 km away, next is 22 km (margin 12 km)"
"water-tower-recreation-center-chestnut-hill-philadelphia-pa","Philadelphia",PA,19118,"Philadelphia",zip_nearest_county_centroid,0.78,0.9821,"ZCTA spans 2 counties; nearest county centroid is 9 km away, next is 21 km (margin 11 km)"
"fisher-park-phoenixville-phoenixville-pa","Phoenixville",PA,19460,"Montgomery",zip_nearest_county_centroid,0.78,0.1837,"ZCTA spans 2 counties; nearest county centroid is 15 km away, next is 26 km (margin 11 km) — OVERRODE the larger-by-land-area candidate"
"phoenixville-civic-center-11040","Phoenixville",PA,19460,"Montgomery",zip_nearest_county_centroid,0.78,0.1837,"ZCTA spans 2 counties; nearest county centroid is 15 km away, next is 27 km (margin 12 km) — OVERRODE the larger-by-land-area candidate"
"phoenixville-civic-center","Phoenixville",PA,19460,"Montgomery",zip_nearest_county_centroid,0.78,0.1837,"ZCTA spans 2 counties; nearest county centroid is 15 km away, next is 26 km (margin 11 km) — OVERRODE the larger-by-land-area candidate"
"phoenixville-courts-phoenixville-pa","Phoenixville",PA,19460,"Montgomery",zip_nearest_county_centroid,0.78,0.1837,"ZCTA spans 2 counties; nearest county centroid is 13 km away, next is 29 km (margin 16 km) — OVERRODE the larger-by-land-area candidate"
"port-allegany-pickleball","Port Allegany",PA,16743,"McKean",zip_nearest_county_centroid,0.78,0.8842,"ZCTA spans 2 counties; nearest county centroid is 24 km away, next is 33 km (margin 8 km)"
"portage-crichton-mccormick-park-swimming-pool","Portage",PA,15946,"Cambria",zip_nearest_county_centroid,0.78,0.6942,"ZCTA spans 3 counties; nearest county centroid is 14 km away, next is 33 km (margin 19 km)"
"422-sportsplex","Pottstown",PA,19464,"Montgomery",zip_nearest_county_centroid,0.6,0.992,"ZCTA spans 2 counties; nearest county centroid is 24 km away, next is 30 km (margin 6 km)"
"pottstown-family-ymca","Pottstown",PA,19464,"Montgomery",zip_nearest_county_centroid,0.6,0.992,"ZCTA spans 2 counties; nearest county centroid is 24 km away, next is 30 km (margin 6 km)"
"quakertown-ymca","Quakertown",PA,18951,"Bucks",zip_nearest_county_centroid,0.6,0.9956,"ZCTA spans 2 counties; nearest county centroid is 23 km away, next is 28 km (margin 5 km)"
"robert-o-keller-memorial-park","Quakertown",PA,18951,"Bucks",zip_nearest_county_centroid,0.6,0.9956,"ZCTA spans 2 counties; nearest county centroid is 23 km away, next is 28 km (margin 5 km)"
"unami-creek-park","Quakertown",PA,18951,"Bucks",zip_nearest_county_centroid,0.6,0.9956,"ZCTA spans 2 counties; nearest county centroid is 23 km away, next is 28 km (margin 5 km)"
"radnor-racquet-club","Radnor",PA,19087,"Delaware",zip_nearest_county_centroid,0.6,0.3469,"ZCTA spans 3 counties; nearest county centroid is 15 km away, next is 18 km (margin 4 km) — OVERRODE the larger-by-land-area candidate"
"dill-dinkers-reading-f30025","Reading",PA,,"",none,0,,"no postal_code"
"ash-ridge-park-rosemont-pa","Rosemont",PA,19010,"Delaware",zip_nearest_county_centroid,0.6,0.5516,"ZCTA spans 2 counties; nearest county centroid is 14 km away, next is 20 km (margin 6 km)"
"ashbridge-park-rosemont-pa","Rosemont",PA,19010,"Delaware",zip_nearest_county_centroid,0.6,0.5516,"ZCTA spans 2 counties; nearest county centroid is 14 km away, next is 21 km (margin 7 km)"
"nay-aug-park-pickleball-courts","Scranton",PA,,"",none,0,,"no postal_code"
"sewickley-valley-ymca","Sewickley",PA,15143,"Allegheny",zip_nearest_county_centroid,0.6,0.9011,"ZCTA spans 2 counties; nearest county centroid is 19 km away, next is 21 km (margin 3 km)"
"kingston-township-public-park","Shavertown",PA,18612,"Luzerne",zip_nearest_county_centroid,0.6,0.8907,"ZCTA spans 2 counties; nearest county centroid is 17 km away, next is 24 km (margin 7 km)"
"kingston-twp-park","Shavertown",PA,18612,"Luzerne",zip_nearest_county_centroid,0.6,0.8907,"ZCTA spans 2 counties; nearest county centroid is 17 km away, next is 24 km (margin 7 km)"
"shippensburg-memorial-park","Shippensburg",PA,17257,"Franklin",zip_nearest_county_centroid,0.6,0.3638,"ZCTA spans 2 counties; nearest county centroid is 22 km away, next is 25 km (margin 3 km) — OVERRODE the larger-by-land-area candidate"
"slippery-rock-university","Slippery Rock",PA,16057,"Butler",zip_nearest_county_centroid,0.6,0.8628,"ZCTA spans 3 counties; nearest county centroid is 21 km away, next is 25 km (margin 4 km)"
"south-park-tennis-courts","South Park",PA,15129,"Allegheny",zip_nearest_county_centroid,0.6,0.9795,"ZCTA spans 2 counties; nearest county centroid is 18 km away, next is 25 km (margin 7 km)"
"branchwood-telford-pa","Telford",PA,18969,"Montgomery",zip_nearest_county_centroid,0.6,0.8102,"ZCTA spans 2 counties; nearest county centroid is 13 km away, next is 19 km (margin 6 km)"
"trafford-middle-school","Trafford",PA,15085,"Allegheny",zip_nearest_county_centroid,0.6,0.0243,"ZCTA spans 2 counties; nearest county centroid is 21 km away, next is 26 km (margin 5 km) — OVERRODE the larger-by-land-area candidate"
"tyrone-reservoir-park-hocky-rink","Tyrone",PA,16686,"Blair",zip_nearest_county_centroid,0.78,0.6848,"ZCTA spans 3 counties; nearest county centroid is 20 km away, next is 36 km (margin 16 km)"
"baker-park-6415","Upper St Clair",PA,15241,"Allegheny",zip_nearest_county_centroid,0.6,0.9899,"ZCTA spans 2 counties; nearest county centroid is 17 km away, next is 21 km (margin 4 km)"
"upper-st-clair-recreation-center","Upper St. Clair",PA,15241,"Allegheny",zip_nearest_county_centroid,0.6,0.9899,"ZCTA spans 2 counties; nearest county centroid is 17 km away, next is 21 km (margin 4 km)"
"lakevue-athletic-club-valencia-pa","Valencia",PA,16059,"Allegheny",zip_nearest_county_centroid,0.6,0.0338,"ZCTA spans 2 counties; nearest county centroid is 23 km away, next is 27 km (margin 4 km) — OVERRODE the larger-by-land-area candidate"
"middlesex-valencia-pa","Valencia",PA,16059,"Allegheny",zip_nearest_county_centroid,0.6,0.0338,"ZCTA spans 2 counties; nearest county centroid is 23 km away, next is 27 km (margin 4 km) — OVERRODE the larger-by-land-area candidate"
"picnicana-park-waterford-pa","Waterford",PA,16441,"Erie",zip_nearest_county_centroid,0.78,0.9714,"ZCTA spans 2 counties; nearest county centroid is 22 km away, next is 30 km (margin 9 km)"
"watsontown-alliance-open-pickleball","Watsontown",PA,17777,"Montour",zip_nearest_county_centroid,0.78,0.0308,"ZCTA spans 2 counties; nearest county centroid is 18 km away, next is 29 km (margin 11 km) — OVERRODE the larger-by-land-area candidate"
"life-time-king-of-prussia","Wayne",PA,19087,"Montgomery",zip_nearest_county_centroid,0.6,0.1531,"ZCTA spans 3 counties; nearest county centroid is 15 km away, next is 18 km (margin 3 km) — OVERRODE the larger-by-land-area candidate"
"south-devon-warren-filipone-park-wayne-pa","Wayne",PA,19087,"Delaware",zip_nearest_county_centroid,0.6,0.3469,"ZCTA spans 3 counties; nearest county centroid is 14 km away, next is 19 km (margin 5 km) — OVERRODE the larger-by-land-area candidate"
"east-goshen-township-park","West Chester",PA,19388,"",none,0,,"ZIP has no ZCTA in the Census relationship file (often a PO-box or point ZIP)"
"oakbourne-park-athletic-fields-west-chester-pa","West Chester",PA,19382,"Delaware",zip_nearest_county_centroid,0.6,0.0258,"ZCTA spans 2 counties; nearest county centroid is 15 km away, next is 16 km (margin 1 km) — OVERRODE the larger-by-land-area candidate"
"oakburne-park-west-chester-pa","West Chester",PA,19382,"Delaware",zip_nearest_county_centroid,0.6,0.0258,"ZCTA spans 2 counties; nearest county centroid is 15 km away, next is 15 km (margin 0 km) — OVERRODE the larger-by-land-area candidate"
"west-chester-recreation-center-west-chester-pa","West Chester",PA,19382,"Chester",zip_nearest_county_centroid,0.6,0.9742,"ZCTA spans 2 counties; nearest county centroid is 13 km away, next is 18 km (margin 5 km)"
"boys-girls-club-if-western-pa","Western",PA,,"",none,0,,"no postal_code"
"baierl-family-ymca","Wexford",PA,15143,"Allegheny",zip_nearest_county_centroid,0.6,0.9011,"ZCTA spans 2 counties; nearest county centroid is 19 km away, next is 26 km (margin 7 km)"
"north-park-wexford-pa","Wexford",PA,16090,"",none,0,,"ZIP has no ZCTA in the Census relationship file (often a PO-box or point ZIP)"
"heritage-hill-park-pickleball-courts","White Oak",PA,,"",none,0,,"no postal_code"
"south-ardmore-park-wynnewood-wynnewood-pa","Wynnewood",PA,19096,"Delaware",zip_nearest_county_centroid,0.78,0.0481,"ZCTA spans 2 counties; nearest county centroid is 13 km away, next is 25 km (margin 11 km) — OVERRODE the larger-by-land-area candidate"
"wynnewood-wynnewood-pa","Wynnewood",PA,19096,"Delaware",zip_nearest_county_centroid,0.78,0.0481,"ZCTA spans 2 counties; nearest county centroid is 15 km away, next is 25 km (margin 10 km) — OVERRODE the larger-by-land-area candidate"
"cancha-la-pikita-bayamon-pr","Bayamon",PR,00957,"Bayamón",zip_nearest_county_centroid,0.6,0.9321,"ZCTA spans 2 counties; nearest county centroid is 0 km away, next is 8 km (margin 8 km)"
"caguas-country-club-caguas-pr","Caguas",PR,00725,"Caguas",zip_nearest_county_centroid,0.78,0.8713,"ZCTA spans 6 counties; nearest county centroid is 1 km away, next is 9 km (margin 9 km)"
"cancha-de-pickleball-de-ceiba-ceiba-pr","Ceiba",PR,00735,"Ceiba",zip_nearest_county_centroid,0.78,0.9461,"ZCTA spans 2 counties; nearest county centroid is 3 km away, next is 11 km (margin 8 km)"
"complejo-deportivo-de-fajardo-gardens-evaristo-aponte","Fajardo",PR,00738,"Fajardo",zip_nearest_county_centroid,0.6,0.9955,"ZCTA spans 2 counties; nearest county centroid is 9 km away, next is 12 km (margin 2 km)"
"monte-olivo-guayama-pr","Guayama",PR,00784,"Guayama",zip_nearest_county_centroid,0.6,0.9712,"ZCTA spans 3 counties; nearest county centroid is 5 km away, next is 11 km (margin 6 km)"
"rex-manor-guayama-pr","Guayama",PR,00784,"Guayama",zip_nearest_county_centroid,0.6,0.9712,"ZCTA spans 3 counties; nearest county centroid is 5 km away, next is 10 km (margin 5 km)"
"parque-las-veredas-gurabo-pr","Gurabo",PR,00778,"Gurabo",zip_nearest_county_centroid,0.78,0.9402,"ZCTA spans 2 counties; nearest county centroid is 2 km away, next is 12 km (margin 11 km)"
"river-village-racquet-club-gurabo-pr","Gurabo",PR,00778,"Gurabo",zip_nearest_county_centroid,0.6,0.9402,"ZCTA spans 2 counties; nearest county centroid is 6 km away, next is 10 km (margin 4 km)"
"palmas-athletic-club-palmas-del-mar-humacao-pr","Humacao",PR,00791,"Humacao",zip_nearest_county_centroid,0.6,0.9786,"ZCTA spans 3 counties; nearest county centroid is 6 km away, next is 7 km (margin 1 km)"
"el-mulo-pickleball-court-juncos-juncos-pr","Juncos",PR,00777,"Juncos",zip_nearest_county_centroid,0.6,0.9865,"ZCTA spans 5 counties; nearest county centroid is 2 km away, next is 5 km (margin 3 km)"
"neftali-tennis-training-court-s-lajas-pr","Lajas",PR,00667,"Lajas",zip_nearest_county_centroid,0.78,0.9809,"ZCTA spans 2 counties; nearest county centroid is 3 km away, next is 11 km (margin 8 km)"
"las-piedras-pickleball-league-las-piedras-pr","Las Piedras",PR,00771,"Las Piedras",zip_nearest_county_centroid,0.78,0.9897,"ZCTA spans 2 counties; nearest county centroid is 1 km away, next is 11 km (margin 9 km)"
"aguadilla-pickleball-courts-maleza-baja-pr","Maleza Baja",PR,00604,"",none,0,,"ZIP has no ZCTA in the Census relationship file (often a PO-box or point ZIP)"
"trujillo-pickleball-trujillo-alto-pr","Trujillo Alto",PR,00976,"Trujillo Alto",zip_nearest_county_centroid,0.6,0.9463,"ZCTA spans 4 counties; nearest county centroid is 0 km away, next is 7 km (margin 7 km)"
"urb-las-colinas-vega-alta-pr","Vega Alta",PR,00692,"Vega Alta",zip_nearest_county_centroid,0.6,0.9985,"ZCTA spans 2 counties; nearest county centroid is 3 km away, next is 9 km (margin 6 km)"
"vega-baja-pickleball-vega-baja-pr","Vega Baja",PR,00693,"Vega Baja",zip_nearest_county_centroid,0.6,0.9828,"ZCTA spans 3 counties; nearest county centroid is 4 km away, next is 7 km (margin 3 km)"
"azucareros-pickleball-yabucoa-yabucoa-pr","Yabucoa",PR,00767,"Yabucoa",zip_nearest_county_centroid,0.78,0.9933,"ZCTA spans 2 counties; nearest county centroid is 5 km away, next is 16 km (margin 11 km)"
"kent-street-park-barrington-barrington-ri","Barrington",RI,,"",none,0,,"no postal_code"
"3rd-shot-drop-ri","North Kingstown",RI,02854,"",none,0,,"ZIP has no ZCTA in the Census relationship file (often a PO-box or point ZIP)"
"slater-park-pawtucket-pawtucket-ri","Pawtucket",RI,02861,"Providence",zip_nearest_county_centroid,0.6,0.9954,"ZCTA spans 2 counties; nearest county centroid is 19 km away, next is 26 km (margin 7 km)"
"centre-court-tennis-club","Riverside",RI,,"",none,0,,"no postal_code"
"burrs-hill-park-warren-warren-ri","Warren",RI,,"",none,0,,"no postal_code"
"westerly-high-school","Westerly",RI,,"",none,0,,"no postal_code"
"andrews-regional-recreation-center","Andrews",SC,29510,"Williamsburg",zip_nearest_county_centroid,0.6,0.6504,"ZCTA spans 2 counties; nearest county centroid is 24 km away, next is 25 km (margin 1 km)"
"sun-city-hilton-head","Bluffton",SC,29909,"Beaufort",zip_nearest_county_centroid,0.6,0.9774,"ZCTA spans 2 counties; nearest county centroid is 21 km away, next is 26 km (margin 5 km)"
"windermere-racquet-club","Blythewood",SC,29016,"Richland",zip_nearest_county_centroid,0.6,0.9042,"ZCTA spans 2 counties; nearest county centroid is 22 km away, next is 25 km (margin 3 km)"
"central-clemson-recreation-center","Central",SC,29630,"Pickens",zip_nearest_county_centroid,0.6,0.8771,"ZCTA spans 2 counties; nearest county centroid is 18 km away, next is 26 km (margin 8 km)"
"cedar-cove-chapin-sc","Chapin",SC,29036,"Newberry",zip_nearest_county_centroid,0.6,0.0473,"ZCTA spans 3 counties; nearest county centroid is 27 km away, next is 31 km (margin 4 km) — OVERRODE the larger-by-land-area candidate"
"crooked-creek-park","Chapin",SC,29036,"Newberry",zip_nearest_county_centroid,0.6,0.0473,"ZCTA spans 3 counties; nearest county centroid is 27 km away, next is 30 km (margin 3 km) — OVERRODE the larger-by-land-area candidate"
"melvin-park-chapin-sc","Chapin",SC,29036,"Newberry",zip_nearest_county_centroid,0.6,0.0473,"ZCTA spans 3 counties; nearest county centroid is 27 km away, next is 31 km (margin 4 km) — OVERRODE the larger-by-land-area candidate"
"timberlake-country-club","Chapin",SC,29036,"Lexington",zip_nearest_county_centroid,0.78,0.6751,"ZCTA spans 3 counties; nearest county centroid is 23 km away, next is 31 km (margin 9 km)"
"dill-dinkers-charleston-f30029","Charleston",SC,,"",none,0,,"no postal_code"
"waring-senior-center","Charleston",SC,29415,"",none,0,,"ZIP has no ZCTA in the Census relationship file (often a PO-box or point ZIP)"
"cheraw-community-center","Cheraw",SC,29520,"Marlboro",zip_nearest_county_centroid,0.6,0,"ZCTA spans 2 counties; nearest county centroid is 21 km away, next is 26 km (margin 5 km) — OVERRODE the larger-by-land-area candidate"
"caston-park","Chesterfield County",SC,,"",none,0,,"no postal_code"
"nettles-park","Clemson",SC,29631,"Pickens",zip_nearest_county_centroid,0.6,0.9949,"ZCTA spans 2 counties; nearest county centroid is 25 km away, next is 26 km (margin 1 km)"
"broad-river-township","Columbia",SC,29210,"Richland",zip_nearest_county_centroid,0.78,0.6966,"ZCTA spans 2 counties; nearest county centroid is 16 km away, next is 24 km (margin 8 km)"
"harbison-community-center","Columbia",SC,29212,"Richland",zip_nearest_county_centroid,0.6,0.3083,"ZCTA spans 2 counties; nearest county centroid is 23 km away, next is 24 km (margin 1 km) — OVERRODE the larger-by-land-area candidate"
"quail-valley-swim-racquet-club","Columbia",SC,29212,"Lexington",zip_nearest_county_centroid,0.6,0.6917,"ZCTA spans 2 counties; nearest county centroid is 22 km away, next is 25 km (margin 3 km)"
"seven-oaks-park","Columbia",SC,29210,"Lexington",zip_nearest_county_centroid,0.6,0.3034,"ZCTA spans 2 counties; nearest county centroid is 21 km away, next is 24 km (margin 3 km) — OVERRODE the larger-by-land-area candidate"
"the-picklr-columbia","Columbia",SC,,"",none,0,,"no postal_code"
"the-summit-in-northeast-columbia","Columbia",SC,29210,"Richland",zip_nearest_county_centroid,0.78,0.6966,"ZCTA spans 2 counties; nearest county centroid is 13 km away, next is 25 km (margin 12 km)"
"gordon-henry-park-cowpens-cowpens-sc","Cowpens",SC,29330,"Cherokee",zip_nearest_county_centroid,0.6,0.5237,"ZCTA spans 2 counties; nearest county centroid is 18 km away, next is 19 km (margin 1 km)"
"family-bible-fellowship-early-branch-sc","Early Branch",SC,29916,"Hampton",zip_nearest_county_centroid,0.78,0.6298,"ZCTA spans 2 counties; nearest county centroid is 21 km away, next is 36 km (margin 16 km)"
"pope-field","Easley",SC,29642,"Pickens",zip_nearest_county_centroid,0.78,0.4457,"ZCTA spans 2 counties; nearest county centroid is 14 km away, next is 33 km (margin 19 km) — OVERRODE the larger-by-land-area candidate"
"rock-springs-baptist-impact-center","Easley",SC,29642,"Pickens",zip_nearest_county_centroid,0.78,0.4457,"ZCTA spans 2 counties; nearest county centroid is 17 km away, next is 34 km (margin 17 km) — OVERRODE the larger-by-land-area candidate"
"joe-miller-park","Elloree",SC,29047,"Orangeburg",zip_nearest_county_centroid,0.6,0.5221,"ZCTA spans 2 counties; nearest county centroid is 24 km away, next is 25 km (margin 1 km)"
"barnes-street-activity-center-pearl-moore-gymnasium","Florence",SC,29501,"Florence",zip_nearest_county_centroid,0.6,0.8546,"ZCTA spans 2 counties; nearest county centroid is 20 km away, next is 23 km (margin 4 km)"
"timrod-park","Florence",SC,29501,"Florence",zip_nearest_county_centroid,0.6,0.8546,"ZCTA spans 2 counties; nearest county centroid is 20 km away, next is 23 km (margin 4 km)"
"baseline-gvl-greenville","Greenville",SC,,"",none,0,,"no postal_code"
"upstate-pickleball-group","Greenville",SC,,"",none,0,,"no postal_code"
"greenwood-recreation-complex","Greenwood",SC,29648,"",none,0,,"ZIP has no ZCTA in the Census relationship file (often a PO-box or point ZIP)"
"east-riverside-park-greer-sc","Greer",SC,29650,"Greenville",zip_nearest_county_centroid,0.78,0.9871,"ZCTA spans 2 counties; nearest county centroid is 10 km away, next is 25 km (margin 14 km)"
"tryon-park-city-of-greer","Greer",SC,29650,"Greenville",zip_nearest_county_centroid,0.6,0.9871,"ZCTA spans 2 counties; nearest county centroid is 14 km away, next is 21 km (margin 7 km)"
"victor-city-gym","Greer",SC,29651,"Greenville",zip_nearest_county_centroid,0.6,0.5545,"ZCTA spans 2 counties; nearest county centroid is 14 km away, next is 21 km (margin 7 km)"
"hanahan-rec-hanahan-sc","Hanahan",SC,29410,"Charleston",zip_nearest_county_centroid,0.78,0.0001,"ZCTA spans 2 counties; nearest county centroid is 14 km away, next is 33 km (margin 19 km) — OVERRODE the larger-by-land-area candidate"
"hanahan-recreation-center","Hanahan",SC,29410,"Charleston",zip_nearest_county_centroid,0.78,0.0001,"ZCTA spans 2 counties; nearest county centroid is 14 km away, next is 33 km (margin 19 km) — OVERRODE the larger-by-land-area candidate"
"murray-park","Hanahan",SC,29410,"Charleston",zip_nearest_county_centroid,0.78,0.0001,"ZCTA spans 2 counties; nearest county centroid is 14 km away, next is 33 km (margin 19 km) — OVERRODE the larger-by-land-area candidate"
"hampton-pointe","Hardeeville",SC,29927,"Jasper",zip_nearest_county_centroid,0.78,0.9967,"ZCTA spans 2 counties; nearest county centroid is 17 km away, next is 37 km (margin 20 km)"
"hilton-head-lakes-harrdeville-sc","Hardeeville",SC,29927,"Jasper",zip_nearest_county_centroid,0.78,0.9967,"ZCTA spans 2 counties; nearest county centroid is 17 km away, next is 37 km (margin 20 km)"
"latitude-margaritaville-hilton-head","Hardeeville",SC,29927,"Jasper",zip_nearest_county_centroid,0.78,0.9967,"ZCTA spans 2 counties; nearest county centroid is 20 km away, next is 38 km (margin 19 km)"
"hartsville-country-cub","Hartsville",SC,29550,"Darlington",zip_nearest_county_centroid,0.78,0.8117,"ZCTA spans 3 counties; nearest county centroid is 13 km away, next is 28 km (margin 15 km)"
"tb-thomas-sports-center","Hartsville",SC,29550,"Darlington",zip_nearest_county_centroid,0.78,0.8117,"ZCTA spans 3 counties; nearest county centroid is 12 km away, next is 27 km (margin 15 km)"
"crossings-park-pickleball-courts-hilton-head","Hilton Head Island",SC,,"",none,0,,"no postal_code"
"south-beach-racquet-club","Hilton Head Island",SC,,"",none,0,,"no postal_code"
"sea-pines-resort","Hilton Head Island",SC,,"",none,0,,"no postal_code"
"dill-dinkers-hilton-head-f30003","Hilton Head",SC,,"",none,0,,"no postal_code"
"h-e-corley-elementary","Irmo",SC,29063,"Lexington",zip_nearest_county_centroid,0.6,0.0295,"ZCTA spans 2 counties; nearest county centroid is 25 km away, next is 30 km (margin 5 km) — OVERRODE the larger-by-land-area candidate"
"northwest-family-ymca-12070","Irmo",SC,29063,"Lexington",zip_nearest_county_centroid,0.6,0.0295,"ZCTA spans 2 counties; nearest county centroid is 23 km away, next is 27 km (margin 3 km) — OVERRODE the larger-by-land-area candidate"
"riverland-hills-baptist-church","Irmo",SC,29063,"Lexington",zip_nearest_county_centroid,0.6,0.0295,"ZCTA spans 2 counties; nearest county centroid is 24 km away, next is 24 km (margin 0 km) — OVERRODE the larger-by-land-area candidate"
"wild-dunes-resort","Isle of Palms",SC,,"",none,0,,"no postal_code"
"jumc","Johnsonville",SC,29555,"Williamsburg",zip_nearest_county_centroid,0.6,0.0749,"ZCTA spans 2 counties; nearest county centroid is 33 km away, next is 34 km (margin 1 km) — OVERRODE the larger-by-land-area candidate"
"pickle-yard-mauldin","Mauldin",SC,,"",none,0,,"no postal_code"
"north-augusta-family-ymca-north-augusta","North Augusta",SC,,"",none,0,,"no postal_code"
"picklerage-north-charleston-sc","North Charleston",SC,,"",none,0,,"no postal_code"
"s-i-club-okatie-sc","Okatie",SC,29909,"Beaufort",zip_nearest_county_centroid,0.78,0.9774,"ZCTA spans 2 counties; nearest county centroid is 12 km away, next is 23 km (margin 10 km)"
"edwards-rec-center-outdoor-courts-pacolet-pacolet-sc","Pacolet",SC,29372,"Spartanburg",zip_nearest_county_centroid,0.6,0.3187,"ZCTA spans 3 counties; nearest county centroid is 21 km away, next is 22 km (margin 2 km) — OVERRODE the larger-by-land-area candidate"
"powdersville-ymca","Piedmont",SC,29673,"Greenville",zip_nearest_county_centroid,0.6,0.5387,"ZCTA spans 2 counties; nearest county centroid is 22 km away, next is 27 km (margin 5 km)"
"wren-hurricane-park","Piedmont",SC,29673,"Greenville",zip_nearest_county_centroid,0.6,0.5387,"ZCTA spans 2 counties; nearest county centroid is 22 km away, next is 27 km (margin 5 km)"
"quinby-sports-complex","Quinby",SC,29506,"Florence",zip_nearest_county_centroid,0.6,0.9811,"ZCTA spans 2 counties; nearest county centroid is 23 km away, next is 23 km (margin 0 km)"
"ridgeway-recreation-center-ridgeway-sc","Ridgeway",SC,29130,"Fairfield",zip_nearest_county_centroid,0.78,0.8366,"ZCTA spans 3 counties; nearest county centroid is 18 km away, next is 31 km (margin 13 km)"
"dataw-island-racquet-paddle-center","Saint Helena Island",SC,,"",none,0,,"no postal_code"
"gignilliat-community-center","Seneca",SC,29678,"Oconee",zip_nearest_county_centroid,0.78,0.9943,"ZCTA spans 2 counties; nearest county centroid is 12 km away, next is 30 km (margin 18 km)"
"south-cove-county-park","Seneca",SC,29678,"Oconee",zip_nearest_county_centroid,0.78,0.9943,"ZCTA spans 2 counties; nearest county centroid is 12 km away, next is 30 km (margin 18 km)"
"simpsonville-activity-senior-center","Simpsonville",SC,29681,"Greenville",zip_nearest_county_centroid,0.78,0.9747,"ZCTA spans 2 counties; nearest county centroid is 20 km away, next is 36 km (margin 16 km)"
"spartanburg-athletic-club","Spartanburg",SC,,"",none,0,,"no postal_code"
"rollins-edwards-community-center","Summerville",SC,29485,"Dorchester",zip_nearest_county_centroid,0.78,0.9353,"ZCTA spans 2 counties; nearest county centroid is 22 km away, next is 33 km (margin 11 km)"
"saul-alexander-courts-summerville-sc","Summerville",SC,29483,"Dorchester",zip_nearest_county_centroid,0.78,0.8339,"ZCTA spans 3 counties; nearest county centroid is 22 km away, next is 30 km (margin 8 km)"
"saul-alexander-park-playground","Summerville",SC,29483,"Dorchester",zip_nearest_county_centroid,0.78,0.8339,"ZCTA spans 3 counties; nearest county centroid is 22 km away, next is 30 km (margin 9 km)"
"summerville-family-ymca-at-the-ponds","Summerville",SC,29483,"Dorchester",zip_nearest_county_centroid,0.78,0.8339,"ZCTA spans 3 counties; nearest county centroid is 18 km away, next is 35 km (margin 17 km)"
"summerville-family-ymca-downtown-branch","Summerville",SC,29483,"Dorchester",zip_nearest_county_centroid,0.6,0.8339,"ZCTA spans 3 counties; nearest county centroid is 22 km away, next is 29 km (margin 7 km)"
"the-cliffs-racquet-sports","Travelers Rest",SC,,"",none,0,,"no postal_code"
"williston-church-gym-williston-sc","Williston",SC,29853,"Barnwell",zip_nearest_county_centroid,0.78,0.751,"ZCTA spans 2 counties; nearest county centroid is 15 km away, next is 28 km (margin 13 km)"
"williston-town-courts-williston-sc","Williston",SC,29853,"Barnwell",zip_nearest_county_centroid,0.78,0.751,"ZCTA spans 2 counties; nearest county centroid is 16 km away, next is 26 km (margin 10 km)"
"alcester-hudson-high-school-alcester-sd","Alcester",SD,57001,"Union",zip_nearest_county_centroid,0.6,0.9344,"ZCTA spans 2 counties; nearest county centroid is 22 km away, next is 29 km (margin 8 km)"
"beresford-park-beresford-sd","Beresford",SD,57004,"Lincoln",zip_nearest_county_centroid,0.6,0.4695,"ZCTA spans 3 counties; nearest county centroid is 23 km away, next is 25 km (margin 2 km)"
"legends-beresford-sd","Beresford",SD,57004,"Lincoln",zip_nearest_county_centroid,0.6,0.4695,"ZCTA spans 3 counties; nearest county centroid is 23 km away, next is 25 km (margin 2 km)"
"chamberlain-community-center","Chamberlain",SD,57326,"",none,0,,"ZIP has no ZCTA in the Census relationship file (often a PO-box or point ZIP)"
"chamberlain-swimming-pool-and-courts","Chamberlain",SD,57326,"",none,0,,"ZIP has no ZCTA in the Census relationship file (often a PO-box or point ZIP)"
"dell-rapids-city-park-dell-rapids-sd","Dell Rapids",SD,57022,"Minnehaha",zip_nearest_county_centroid,0.6,0.5121,"ZCTA spans 3 counties; nearest county centroid is 19 km away, next is 21 km (margin 3 km)"
"butler-park","Hot Springs",SD,57747,"Fall River",zip_nearest_county_centroid,0.6,0.729,"ZCTA spans 2 counties; nearest county centroid is 24 km away, next is 28 km (margin 5 km)"
"cheyenne-river-resort","Hot Springs",SD,57747,"Fall River",zip_nearest_county_centroid,0.6,0.729,"ZCTA spans 2 counties; nearest county centroid is 24 km away, next is 28 km (margin 5 km)"
"mueller-center","Hot Springs",SD,57747,"Fall River",zip_nearest_county_centroid,0.6,0.729,"ZCTA spans 2 counties; nearest county centroid is 23 km away, next is 29 km (margin 6 km)"
"norby-center-for-recreation","Huron",SD,57399,"",none,0,,"ZIP has no ZCTA in the Census relationship file (often a PO-box or point ZIP)"
"city-armory","Mitchell",SD,57301,"Davison",zip_nearest_county_centroid,0.6,0.7738,"ZCTA spans 2 counties; nearest county centroid is 11 km away, next is 19 km (margin 8 km)"
"hitchcock-park-tennis-courts","Mitchell",SD,57301,"Davison",zip_nearest_county_centroid,0.6,0.7738,"ZCTA spans 2 counties; nearest county centroid is 12 km away, next is 17 km (margin 5 km)"
"lb-williams-elementary","Mitchell",SD,57301,"Davison",zip_nearest_county_centroid,0.6,0.7738,"ZCTA spans 2 counties; nearest county centroid is 11 km away, next is 19 km (margin 8 km)"
"griffin-park","Pierre",SD,57501,"Hughes",zip_nearest_county_centroid,0.78,0.5818,"ZCTA spans 2 counties; nearest county centroid is 29 km away, next is 44 km (margin 15 km)"
"oahe-ymca","Pierre",SD,57501,"Hughes",zip_nearest_county_centroid,0.78,0.5818,"ZCTA spans 2 counties; nearest county centroid is 29 km away, next is 43 km (margin 14 km)"
"gloria-dei-lutheran-church","Sioux Falls",SD,57108,"Minnehaha",zip_nearest_county_centroid,0.6,0.0132,"ZCTA spans 2 counties; nearest county centroid is 22 km away, next is 25 km (margin 3 km) — OVERRODE the larger-by-land-area candidate"
"greatlife-golf-and-fitness-at-woodlake","Sioux Falls",SD,57106,"Minnehaha",zip_nearest_county_centroid,0.6,0.666,"ZCTA spans 2 counties; nearest county centroid is 19 km away, next is 25 km (margin 6 km)"
"linda-erickson-pickleball-complex-ahpc-sioux-falls-sd","Sioux Falls",SD,57108,"Minnehaha",zip_nearest_county_centroid,0.6,0.0132,"ZCTA spans 2 counties; nearest county centroid is 21 km away, next is 23 km (margin 3 km) — OVERRODE the larger-by-land-area candidate"
"sanford-wellness-center-on-tea-ellis-sioux-falls-sd","Sioux Falls",SD,57106,"Minnehaha",zip_nearest_county_centroid,0.78,0.666,"ZCTA spans 2 counties; nearest county centroid is 16 km away, next is 28 km (margin 12 km)"
"wall-public-park","Wall",SD,57790,"Pennington",zip_nearest_county_centroid,0.78,0.9806,"ZCTA spans 2 counties; nearest county centroid is 47 km away, next is 60 km (margin 14 km)"
"highland-park-watertown-sd","Watertown",SD,,"",none,0,,"no postal_code"
"prairie-lakes-wellness-center","Watertown",SD,57201,"Codington",zip_nearest_county_centroid,0.78,0.9907,"ZCTA spans 2 counties; nearest county centroid is 10 km away, next is 28 km (margin 18 km)"
"pierson-ranch-yankton-sd","Yankton",SD,31144,"",none,0,,"ZIP has no ZCTA in the Census relationship file (often a PO-box or point ZIP)"
"arlington-fitness","Arlington",TN,38002,"Shelby",zip_nearest_county_centroid,0.6,0.8685,"ZCTA spans 2 counties; nearest county centroid is 25 km away, next is 25 km (margin 1 km)"
"bartlett-pickleball-courts-at-shadowlawn-park","Arlington",TN,38002,"Shelby",zip_nearest_county_centroid,0.6,0.8685,"ZCTA spans 2 counties; nearest county centroid is 25 km away, next is 25 km (margin 1 km)"
"shadowlawn-bartlett-pickleball-courts-arlington-tn","Arlington",TN,38002,"Shelby",zip_nearest_county_centroid,0.6,0.8685,"ZCTA spans 2 counties; nearest county centroid is 25 km away, next is 25 km (margin 1 km)"
"crush-yard-nashville","Brentwood",TN,,"",none,0,,"no postal_code"
"holy-family-catholic-church-pickleball-club","Brentwood",TN,37027,"Williamson",zip_nearest_county_centroid,0.6,0.8644,"ZCTA spans 2 counties; nearest county centroid is 15 km away, next is 21 km (margin 6 km)"
"outdoor-courts-at-williamson-indoor-sports-complex","Brentwood",TN,37027,"Williamson",zip_nearest_county_centroid,0.6,0.8644,"ZCTA spans 2 counties; nearest county centroid is 15 km away, next is 19 km (margin 3 km)"
"river-oaks-private-brentwood-tn","Brentwood",TN,37027,"Davidson",zip_nearest_county_centroid,0.6,0.1356,"ZCTA spans 2 counties; nearest county centroid is 15 km away, next is 19 km (margin 3 km) — OVERRODE the larger-by-land-area candidate"
"tennis-complex-at-maryland-farms-brentwood-tn","Brentwood",TN,37027,"Davidson",zip_nearest_county_centroid,0.6,0.1356,"ZCTA spans 2 counties; nearest county centroid is 15 km away, next is 18 km (margin 2 km) — OVERRODE the larger-by-land-area candidate"
"bristol-sportsplex","Bristol",TN,37625,"",none,0,,"ZIP has no ZCTA in the Census relationship file (often a PO-box or point ZIP)"
"haynesfield-park","Bristol",TN,37625,"",none,0,,"ZIP has no ZCTA in the Census relationship file (often a PO-box or point ZIP)"
"st-clair-park","Bulls Gap",TN,37711,"Hamblen",zip_nearest_county_centroid,0.6,0.0381,"ZCTA spans 3 counties; nearest county centroid is 17 km away, next is 23 km (margin 6 km) — OVERRODE the larger-by-land-area candidate"
"john-a-patten-community-center-chattanooga-tn","Chattanooga",TN,37419,"Hamilton",zip_nearest_county_centroid,0.6,0.486,"ZCTA spans 2 counties; nearest county centroid is 22 km away, next is 26 km (margin 4 km) — OVERRODE the larger-by-land-area candidate"
"north-chattanooga-community-center","Chattanooga",TN,37405,"Hamilton",zip_nearest_county_centroid,0.78,0.2477,"ZCTA spans 2 counties; nearest county centroid is 15 km away, next is 29 km (margin 14 km) — OVERRODE the larger-by-land-area candidate"
"j-w-salley-park-church-hill-tn","Church Hill",TN,37642,"Hawkins",zip_nearest_county_centroid,0.6,0.9946,"ZCTA spans 2 counties; nearest county centroid is 21 km away, next is 23 km (margin 2 km)"
"volunteer-high-school","Church Hill",TN,37642,"Hawkins",zip_nearest_county_centroid,0.78,0.9946,"ZCTA spans 2 counties; nearest county centroid is 16 km away, next is 26 km (margin 11 km)"
"hilldale-baptist-church-family-life-center-clarksville-tn","Clarksville",TN,37043,"Montgomery",zip_nearest_county_centroid,0.78,0.9829,"ZCTA spans 2 counties; nearest county centroid is 12 km away, next is 31 km (margin 20 km)"
"revolve-pickleball","Cleveland",TN,,"",none,0,,"no postal_code"
"troubadour-golf-field-club","College Grove",TN,37046,"Williamson",zip_nearest_county_centroid,0.78,0.9197,"ZCTA spans 3 counties; nearest county centroid is 17 km away, next is 32 km (margin 14 km)"
"collierville-community-center-gym","Collierville",TN,38017,"Shelby",zip_nearest_county_centroid,0.6,0.5692,"ZCTA spans 2 counties; nearest county centroid is 24 km away, next is 28 km (margin 4 km)"
"collierville-ymca-collierville-tn","Collierville",TN,38017,"Shelby",zip_nearest_county_centroid,0.78,0.5692,"ZCTA spans 2 counties; nearest county centroid is 23 km away, next is 32 km (margin 8 km)"
"cox-community-center-collierville-tn","Collierville",TN,38017,"Shelby",zip_nearest_county_centroid,0.6,0.5692,"ZCTA spans 2 counties; nearest county centroid is 25 km away, next is 27 km (margin 2 km)"
"crossroads-united-methodist-church","Collierville",TN,38017,"Shelby",zip_nearest_county_centroid,0.6,0.5692,"ZCTA spans 2 counties; nearest county centroid is 26 km away, next is 29 km (margin 2 km)"
"macedonia-recreation-center","Columbia",TN,38402,"",none,0,,"ZIP has no ZCTA in the Census relationship file (often a PO-box or point ZIP)"
"algood-courts-cookeville-tn","Cookeville",TN,38506,"Putnam",zip_nearest_county_centroid,0.78,0.7021,"ZCTA spans 4 counties; nearest county centroid is 6 km away, next is 24 km (margin 17 km)"
"cane-creek-gymnasium","Cookeville",TN,78501,"Hidalgo",zip_single_county,0,1,"derived county is in TX but the row says TN - ZIP or state is wrong"
"tn-tech-tennis-center-indoor-courts-cookeville-tn","Cookeville",TN,38501,"Putnam",zip_nearest_county_centroid,0.78,0.6348,"ZCTA spans 3 counties; nearest county centroid is 5 km away, next is 24 km (margin 18 km)"
"bert-ferguson-community-center","Cordova",TN,,"",none,0,,"no postal_code"
"kilgore-park","Cross Plains",TN,37049,"Robertson",zip_nearest_county_centroid,0.6,0.9994,"ZCTA spans 2 counties; nearest county centroid is 16 km away, next is 23 km (margin 7 km)"
"community-conference-center-at-fairfield-glade-crossville-tn","Crossville",TN,,"",none,0,,"no postal_code"
"memorial-baptist-church","Crossville",TN,38573,"Overton",zip_nearest_county_centroid,0.78,0.6528,"ZCTA spans 3 counties; nearest county centroid is 47 km away, next is 67 km (margin 20 km)"
"alabama-church","Dayton",TN,37321,"Rhea",zip_nearest_county_centroid,0.6,0.9513,"ZCTA spans 2 counties; nearest county centroid is 13 km away, next is 21 km (margin 8 km)"
"dayton-tn-pickleball","Dayton",TN,37321,"Rhea",zip_nearest_county_centroid,0.6,0.9513,"ZCTA spans 2 counties; nearest county centroid is 13 km away, next is 21 km (margin 8 km)"
"walnut-st-1st-ave-dayton-tn","Dayton",TN,37321,"Rhea",zip_nearest_county_centroid,0.6,0.9513,"ZCTA spans 2 counties; nearest county centroid is 13 km away, next is 21 km (margin 8 km)"
"doyle-court-private-invite-only-doyle-tn","Doyle",TN,38559,"White",zip_nearest_county_centroid,0.78,0.3111,"ZCTA spans 2 counties; nearest county centroid is 10 km away, next is 18 km (margin 8 km) — OVERRODE the larger-by-land-area candidate"
"e-town-at-the-warehouse-elizabethton-tn","Elizabethton",TN,37643,"Carter",zip_nearest_county_centroid,0.78,0.9879,"ZCTA spans 2 counties; nearest county centroid is 12 km away, next is 31 km (margin 19 km)"
"sycamore-shoals-state-historic-park-elizabethton-tn","Elizabethton",TN,37643,"Carter",zip_nearest_county_centroid,0.78,0.9879,"ZCTA spans 2 counties; nearest county centroid is 13 km away, next is 31 km (margin 18 km)"
"unicoi-county-ymca-erwin-tn","Erwin",TN,37650,"Unicoi",zip_nearest_county_centroid,0.78,0.9626,"ZCTA spans 2 counties; nearest county centroid is 4 km away, next is 19 km (margin 14 km)"
"fairview-recreation-center-10139","Fairview",TN,37062,"Williamson",zip_nearest_county_centroid,0.6,0.9316,"ZCTA spans 3 counties; nearest county centroid is 22 km away, next is 28 km (margin 6 km)"
"fayetteville-recreation-center-fayetteville-tn","Fayetteville",TN,37334,"Lincoln",zip_nearest_county_centroid,0.78,0.9311,"ZCTA spans 3 counties; nearest county centroid is 5 km away, next is 22 km (margin 17 km)"
"flintville-first-baptist-church-flintville-tn","Flintville",TN,37335,"Lincoln",zip_nearest_county_centroid,0.78,0.9722,"ZCTA spans 2 counties; nearest county centroid is 18 km away, next is 31 km (margin 13 km)"
"franklin-rec-center-franklin-tn","Franklin",TN,37064,"Williamson",zip_nearest_county_centroid,0.78,0.9922,"ZCTA spans 2 counties; nearest county centroid is 6 km away, next is 26 km (margin 20 km)"
"franklin-recreation-complex","Franklin",TN,37064,"Williamson",zip_nearest_county_centroid,0.78,0.9922,"ZCTA spans 2 counties; nearest county centroid is 6 km away, next is 26 km (margin 20 km)"
"pickleball-franklin","Franklin",TN,,"",none,0,,"no postal_code"
"peay-park","Goodlettsville",TN,37072,"Davidson",zip_nearest_county_centroid,0.78,0.5069,"ZCTA spans 3 counties; nearest county centroid is 18 km away, next is 27 km (margin 8 km)"
"hermitage-community-center","Hermitage",TN,37076,"Davidson",zip_nearest_county_centroid,0.78,0.919,"ZCTA spans 2 counties; nearest county centroid is 15 km away, next is 30 km (margin 15 km)"
"ace-pickleball-club-hixson","Hixson",TN,,"",none,0,,"no postal_code"
"first-baptist-church-jacksboro-tn","Jacksboro",TN,76458,"Wise",zip_nearest_county_centroid,0,0.0054,"derived county is in TX but the row says TN - ZIP or state is wrong"
"jamestown-first-baptist-jamestown-tn","Jamestown",TN,38556,"Fentress",zip_nearest_county_centroid,0.78,0.994,"ZCTA spans 2 counties; nearest county centroid is 6 km away, next is 20 km (margin 13 km)"
"memorial-park-community-center-senior-services","Johnson City",TN,37601,"Washington",zip_nearest_county_centroid,0.6,0.5257,"ZCTA spans 3 counties; nearest county centroid is 13 km away, next is 21 km (margin 8 km)"
"metro-kiwanis-park-johnson-city-tn","Johnson City",TN,37604,"Washington",zip_nearest_county_centroid,0.78,0.9433,"ZCTA spans 2 counties; nearest county centroid is 11 km away, next is 23 km (margin 12 km)"
"eastman-recreation-area-at-bays-mountain-kingsport-tn","Kingsport",TN,37660,"Sullivan",zip_nearest_county_centroid,0.6,0.9086,"ZCTA spans 2 counties; nearest county centroid is 28 km away, next is 29 km (margin 1 km)"
"kingsport-senior-center","Kingsport",TN,37660,"Sullivan",zip_nearest_county_centroid,0.78,0.9086,"ZCTA spans 2 counties; nearest county centroid is 20 km away, next is 38 km (margin 18 km)"
"riverview-park-9194","Kingsport",TN,37660,"Sullivan",zip_nearest_county_centroid,0.78,0.9086,"ZCTA spans 2 counties; nearest county centroid is 23 km away, next is 35 km (margin 12 km)"
"tnt-sportsplex","Kingsport",TN,37660,"Sullivan",zip_nearest_county_centroid,0.78,0.9086,"ZCTA spans 2 counties; nearest county centroid is 23 km away, next is 35 km (margin 12 km)"
"v-o-dobbins-sr-complex","Kingsport",TN,37660,"Sullivan",zip_nearest_county_centroid,0.78,0.9086,"ZCTA spans 2 counties; nearest county centroid is 23 km away, next is 35 km (margin 12 km)"
"charter-e-doyle-park","Knoxville",TN,37920,"Knox",zip_nearest_county_centroid,0.78,0.9944,"ZCTA spans 3 counties; nearest county centroid is 9 km away, next is 26 km (margin 17 km)"
"fort-sanders-health-and-fitness-center","Knoxville",TN,37922,"Knox",zip_nearest_county_centroid,0.6,0.9917,"ZCTA spans 2 counties; nearest county centroid is 19 km away, next is 25 km (margin 6 km)"
"ttca-tennessee-tennis-club-and-academy","Knoxville",TN,37931,"Knox",zip_nearest_county_centroid,0.6,0.9128,"ZCTA spans 2 counties; nearest county centroid is 17 km away, next is 18 km (margin 1 km)"
"lawrence-county-high-school-lawrenceburg-tn","Lawrenceburg",TN,38464,"Lawrence",zip_nearest_county_centroid,0.78,0.8117,"ZCTA spans 4 counties; nearest county centroid is 9 km away, next is 26 km (margin 18 km)"
"liberty-park-5990","Loudon",TN,37774,"Loudon",zip_nearest_county_centroid,0.78,0.8575,"ZCTA spans 3 counties; nearest county centroid is 4 km away, next is 21 km (margin 17 km)"
"tellico-village","Loudon",TN,37774,"Loudon",zip_nearest_county_centroid,0.78,0.8575,"ZCTA spans 3 counties; nearest county centroid is 2 km away, next is 21 km (margin 20 km)"
"idlewild-presbyterian-church","Memphis",TN,38014,"",none,0,,"ZIP has no ZCTA in the Census relationship file (often a PO-box or point ZIP)"
"victory-center-morrison-tn","Morrison",TN,37357,"Warren",zip_nearest_county_centroid,0.78,0.5425,"ZCTA spans 4 counties; nearest county centroid is 8 km away, next is 27 km (margin 19 km)"
"morristown-pickleball-courts-morristown-tn","Morristown",TN,,"",none,0,,"no postal_code"
"del-webb-lake-providence","Mount Juliet",TN,37122,"Wilson",zip_nearest_county_centroid,0.6,0.908,"ZCTA spans 3 counties; nearest county centroid is 20 km away, next is 25 km (margin 5 km)"
"charlie-daniels-community-center-mt-juliet-tn","Mt Juliet",TN,37122,"Wilson",zip_nearest_county_centroid,0.6,0.908,"ZCTA spans 3 counties; nearest county centroid is 21 km away, next is 25 km (margin 4 km)"
"charlie-daniels-park-outdoors-mt-juliet-tn","Mt Juliet",TN,37122,"Wilson",zip_nearest_county_centroid,0.6,0.908,"ZCTA spans 3 counties; nearest county centroid is 21 km away, next is 25 km (margin 4 km)"
"mundy-park-mt-juliet-tn","Mt Juliet",TN,37122,"Wilson",zip_nearest_county_centroid,0.78,0.908,"ZCTA spans 3 counties; nearest county centroid is 18 km away, next is 27 km (margin 9 km)"
"mt-juliet-parks-recreation","Mt. Juliet",TN,37122,"Wilson",zip_nearest_county_centroid,0.6,0.908,"ZCTA spans 3 counties; nearest county centroid is 21 km away, next is 25 km (margin 4 km)"
"mcfaden","Murfreesboro",TN,37133,"",none,0,,"ZIP has no ZCTA in the Census relationship file (often a PO-box or point ZIP)"
"patterson-park-7637","Murfreesboro",TN,37133,"",none,0,,"ZIP has no ZCTA in the Census relationship file (often a PO-box or point ZIP)"
"patterson-pickleball-courts","Murfreesboro",TN,00001,"",none,0,,"ZIP has no ZCTA in the Census relationship file (often a PO-box or point ZIP)"
"bellevue-middle-school-nashville-tn","Nashville",TN,37221,"Davidson",zip_nearest_county_centroid,0.6,0.9186,"ZCTA spans 2 counties; nearest county centroid is 17 km away, next is 20 km (margin 3 km)"
"jt-moore-green-hills-park-nashville-tn","Nashville",TN,37215,"Davidson",zip_nearest_county_centroid,0.78,0.9835,"ZCTA spans 2 counties; nearest county centroid is 8 km away, next is 24 km (margin 16 km)"
"lipscomb-raquet-club-nashville-tn","Nashville",TN,37215,"Davidson",zip_nearest_county_centroid,0.78,0.9835,"ZCTA spans 2 counties; nearest county centroid is 7 km away, next is 25 km (margin 18 km)"
"margaret-maddox-ymca-outdoor-nashville-tn","Nashville",TN,36216,"",none,0,,"ZIP has no ZCTA in the Census relationship file (often a PO-box or point ZIP)"
"sycamore-ridge-athletic-club","Nashville",TN,37027,"Davidson",zip_nearest_county_centroid,0.6,0.1356,"ZCTA spans 2 counties; nearest county centroid is 15 km away, next is 18 km (margin 2 km) — OVERRODE the larger-by-land-area candidate"
"the-volley-nashville-f50025","Nashville",TN,,"",none,0,,"no postal_code"
"two-rivers-park-pickleball-courts","Nashville",TN,,"",none,0,,"no postal_code"
"west-park-community-center-nashville-tn","Nashville",TN,37209,"Davidson",zip_nearest_county_centroid,0.78,0.9975,"ZCTA spans 2 counties; nearest county centroid is 7 km away, next is 24 km (margin 16 km)"
"newport-city-park","Newport",TN,37822,"",none,0,,"ZIP has no ZCTA in the Census relationship file (often a PO-box or point ZIP)"
"newport-community-center","Newport",TN,37822,"",none,0,,"ZIP has no ZCTA in the Census relationship file (often a PO-box or point ZIP)"
"williamson-co-recreation-center-at-nolensville","Nolensville",TN,37135,"Williamson",zip_nearest_county_centroid,0.6,0.8859,"ZCTA spans 3 counties; nearest county centroid is 22 km away, next is 26 km (margin 4 km)"
"oak-ridge-broadway-tennis-courts-oak-ridge-tn","Oak Ridge",TN,37830,"Anderson",zip_nearest_county_centroid,0.78,0.5207,"ZCTA spans 3 counties; nearest county centroid is 11 km away, next is 28 km (margin 17 km)"
"oak-ridge-civic-center","Oak Ridge",TN,37830,"Anderson",zip_nearest_county_centroid,0.78,0.5207,"ZCTA spans 3 counties; nearest county centroid is 13 km away, next is 29 km (margin 16 km)"
"oak-ridge-high-school-courts-oak-ridge-tn","Oak Ridge",TN,37830,"Anderson",zip_nearest_county_centroid,0.78,0.5207,"ZCTA spans 3 counties; nearest county centroid is 13 km away, next is 29 km (margin 17 km)"
"oak-ridge-high-school-tennis-courts","Oak Ridge",TN,37830,"Anderson",zip_nearest_county_centroid,0.78,0.5207,"ZCTA spans 3 counties; nearest county centroid is 13 km away, next is 30 km (margin 16 km)"
"old-hickory-community-center","Old Hickory",TN,37138,"Davidson",zip_nearest_county_centroid,0.78,0.7027,"ZCTA spans 2 counties; nearest county centroid is 16 km away, next is 34 km (margin 18 km)"
"pulaski-recreation-center","Pulaski",TN,33478,"Martin",zip_nearest_county_centroid,0,0.1828,"derived county is in FL but the row says TN - ZIP or state is wrong"
"rockwood-city-park-rockwood-tn","Rockwood",TN,37854,"Roane",zip_nearest_county_centroid,0.78,0.4446,"ZCTA spans 3 counties; nearest county centroid is 10 km away, next is 29 km (margin 19 km)"
"norris-dam-state-park-rocky-top-tn","Rocky Top",TN,37769,"Anderson",zip_nearest_county_centroid,0.78,0.8388,"ZCTA spans 2 counties; nearest county centroid is 12 km away, next is 20 km (margin 9 km)"
"sevierville-city-park-pickleball-courts","Sevierville",TN,,"",none,0,,"no postal_code"
"signal-mountain-town-gymnasium","Signal Mountain",TN,37377,"Hamilton",zip_nearest_county_centroid,0.78,0.5016,"ZCTA spans 3 counties; nearest county centroid is 14 km away, next is 25 km (margin 11 km)"
"signal-mountain-town-courts-signal-mtn-tn","Signal Mtn",TN,37377,"Hamilton",zip_nearest_county_centroid,0.78,0.5016,"ZCTA spans 3 counties; nearest county centroid is 14 km away, next is 25 km (margin 11 km)"
"veterans-park-11977","Soddy Daisy",TN,37379,"Hamilton",zip_nearest_county_centroid,0.78,0.8785,"ZCTA spans 3 counties; nearest county centroid is 8 km away, next is 25 km (margin 17 km)"
"soddy-daisy-ball-fields-soddy-daisy-tn","Soddy-Daisy",TN,37379-6035,"Hamilton",zip_nearest_county_centroid,0.78,0.8785,"ZCTA spans 3 counties; nearest county centroid is 15 km away, next is 25 km (margin 10 km)"
"white-county-high-school-sparta-tn","Sparta",TN,38583,"White",zip_nearest_county_centroid,0.78,0.8198,"ZCTA spans 5 counties; nearest county centroid is 2 km away, next is 22 km (margin 20 km)"
"longview-recreation-center-at-spring-hill","Spring Hill",TN,37174,"Williamson",zip_nearest_county_centroid,0.6,0.2371,"ZCTA spans 3 counties; nearest county centroid is 16 km away, next is 20 km (margin 4 km) — OVERRODE the larger-by-land-area candidate"
"southern-springs-by-del-webb","Spring Hill",TN,37174,"Maury",zip_nearest_county_centroid,0.6,0.748,"ZCTA spans 3 counties; nearest county centroid is 19 km away, next is 20 km (margin 1 km)"
"c-d-stamps-community-center-tullahoma-tn","Tullahoma",TN,37388,"Moore",zip_nearest_county_centroid,0.6,0.1978,"ZCTA spans 4 counties; nearest county centroid is 16 km away, next is 19 km (margin 3 km) — OVERRODE the larger-by-land-area candidate"
"d-w-wilson-community-center-tullahoma-tn","Tullahoma",TN,37388,"Moore",zip_nearest_county_centroid,0.6,0.1978,"ZCTA spans 4 counties; nearest county centroid is 15 km away, next is 19 km (margin 4 km) — OVERRODE the larger-by-land-area candidate"
"d-w-wilson-community-center","Tullahoma",TN,37388,"Moore",zip_nearest_county_centroid,0.6,0.1978,"ZCTA spans 4 counties; nearest county centroid is 16 km away, next is 18 km (margin 3 km) — OVERRODE the larger-by-land-area candidate"
"tullahoma-high-school-tullahoma-tn","Tullahoma",TN,37388,"Moore",zip_nearest_county_centroid,0.6,0.1978,"ZCTA spans 4 counties; nearest county centroid is 16 km away, next is 18 km (margin 2 km) — OVERRODE the larger-by-land-area candidate"
"rarity-bay-vonore-tn","Vonore",TN,37885,"Monroe",zip_nearest_county_centroid,0.6,0.984,"ZCTA spans 2 counties; nearest county centroid is 16 km away, next is 17 km (margin 2 km)"
"winchester-city-park-winchester-tn","Winchester",TN,37398,"Franklin",zip_nearest_county_centroid,0.78,0.9389,"ZCTA spans 2 counties; nearest county centroid is 6 km away, next is 23 km (margin 17 km)"
"ymca-of-abilene","Abilene",TX,79604,"",none,0,,"ZIP has no ZCTA in the Census relationship file (often a PO-box or point ZIP)"
"aledo-united-methodist-church","Aledo",TX,76008,"Parker",zip_nearest_county_centroid,0.78,0.9287,"ZCTA spans 2 counties; nearest county centroid is 21 km away, next is 30 km (margin 9 km)"
"branch-to-hope-champion-technique-sports","Aledo",TX,76008,"Parker",zip_nearest_county_centroid,0.78,0.9287,"ZCTA spans 2 counties; nearest county centroid is 21 km away, next is 30 km (margin 10 km)"
"the-church-at-the-crossing","Aledo",TX,76008,"Parker",zip_nearest_county_centroid,0.78,0.9287,"ZCTA spans 2 counties; nearest county centroid is 21 km away, next is 30 km (margin 9 km)"
"armor-brewing-pickleball-allen-tx","Allen",TX,,"",none,0,,"no postal_code"
"chicken-n-pickle-allen-f50006","Allen",TX,,"",none,0,,"no postal_code"
"ferry-peak-park-alpine-tx","Alpine",TX,83128,"Lincoln",zip_single_county,0,1,"derived county is in WY but the row says TX - ZIP or state is wrong"
"upside-sports-plex","Alvin",TX,77511,"Brazoria",zip_nearest_county_centroid,0.6,0.8656,"ZCTA spans 2 counties; nearest county centroid is 34 km away, next is 40 km (margin 7 km)"
"rock-n-tr-pickleball-barn-alvord-alvord-tx","Alvord",TX,76225,"Wise",zip_nearest_county_centroid,0.78,0.9927,"ZCTA spans 2 counties; nearest county centroid is 17 km away, next is 35 km (margin 18 km)"
"amarillo-college","Amarillo",TX,79109,"Potter",zip_nearest_county_centroid,0.6,0.2073,"ZCTA spans 2 counties; nearest county centroid is 24 km away, next is 25 km (margin 2 km) — OVERRODE the larger-by-land-area candidate"
"amarillo-country-club","Amarillo",TX,79106,"Potter",zip_nearest_county_centroid,0.6,0.9033,"ZCTA spans 2 counties; nearest county centroid is 21 km away, next is 27 km (margin 6 km)"
"amarillo-national-tennis-center","Amarillo",TX,79109,"Randall",zip_nearest_county_centroid,0.6,0.7927,"ZCTA spans 2 counties; nearest county centroid is 21 km away, next is 27 km (margin 6 km)"
"charles-e-warford-activity-center","Amarillo",TX,,"",none,0,,"no postal_code"
"olsen-school-park","Amarillo",TX,79106,"Potter",zip_nearest_county_centroid,0.6,0.9033,"ZCTA spans 2 counties; nearest county centroid is 24 km away, next is 25 km (margin 1 km)"
"tascosa-golf-club","Amarillo",TX,79124,"Potter",zip_nearest_county_centroid,0.78,0.9754,"ZCTA spans 2 counties; nearest county centroid is 18 km away, next is 30 km (margin 12 km)"
"windsor-elementary-school","Amarillo",TX,79109,"Randall",zip_nearest_county_centroid,0.78,0.7927,"ZCTA spans 2 counties; nearest county centroid is 20 km away, next is 29 km (margin 8 km)"
"aransas-pass-civic-center-aransas-pass-tx","Aransas Pass",TX,78336,"Aransas",zip_nearest_county_centroid,0.6,0.3011,"ZCTA spans 3 counties; nearest county centroid is 30 km away, next is 38 km (margin 8 km) — OVERRODE the larger-by-land-area candidate"
"windy-shores-apartments-aransas-pass-tx","Aransas Pass",TX,78336,"Aransas",zip_nearest_county_centroid,0.6,0.3011,"ZCTA spans 3 counties; nearest county centroid is 31 km away, next is 35 km (margin 4 km) — OVERRODE the larger-by-land-area candidate"
"austin-pickle-ranch-austin","Austin",TX,,"",none,0,,"no postal_code"
"dell-jcc-austin","Austin",TX,,"",none,0,,"no postal_code"
"eastside-paddle-club","Austin",TX,,"",none,0,,"no postal_code"
"electric-pickleball-austin-f50023","Austin",TX,,"",none,0,,"no postal_code"
"lifetime-gym-austin-tx","Austin",TX,13725,"",none,0,,"ZIP has no ZCTA in the Census relationship file (often a PO-box or point ZIP)"
"mountain-view-park-4062","Austin",TX,78750,"Travis",zip_nearest_county_centroid,0.6,0.7807,"ZCTA spans 2 counties; nearest county centroid is 23 km away, next is 30 km (margin 7 km)"
"northwest-family-ymca-7982","Austin",TX,78729,"Travis",zip_nearest_county_centroid,0.6,0.1165,"ZCTA spans 2 counties; nearest county centroid is 22 km away, next is 25 km (margin 3 km) — OVERRODE the larger-by-land-area candidate"
"quarries-gym-at-hyde-park-high-school-5-fee-for-non-members","Austin",TX,11400,"",none,0,,"ZIP has no ZCTA in the Census relationship file (often a PO-box or point ZIP)"
"quarries-recreation-ministry","Austin",TX,78759,"Travis",zip_nearest_county_centroid,0.78,0.9888,"ZCTA spans 2 counties; nearest county centroid is 19 km away, next is 29 km (margin 10 km)"
"quarries-sports-recreation-a-ministry-of-hyde-park-baptist","Austin",TX,78759,"Travis",zip_nearest_county_centroid,0.78,0.9888,"ZCTA spans 2 counties; nearest county centroid is 19 km away, next is 29 km (margin 10 km)"
"central-park-9858","Azle",TX,76020,"Tarrant",zip_nearest_county_centroid,0.6,0.2959,"ZCTA spans 3 counties; nearest county centroid is 27 km away, next is 28 km (margin 1 km) — OVERRODE the larger-by-land-area candidate"
"central-park-azle-azle-tx","Azle",TX,76020,"Tarrant",zip_nearest_county_centroid,0.6,0.2959,"ZCTA spans 3 counties; nearest county centroid is 27 km away, next is 28 km (margin 1 km) — OVERRODE the larger-by-land-area candidate"
"bangs-middle-school-gym","Bangs",TX,76823,"Brown",zip_nearest_county_centroid,0.78,0.8749,"ZCTA spans 2 counties; nearest county centroid is 14 km away, next is 30 km (margin 16 km)"
"benbrook-community-center-ymca","Benbrook",TX,76126,"Tarrant",zip_nearest_county_centroid,0.78,0.7275,"ZCTA spans 2 counties; nearest county centroid is 19 km away, next is 34 km (margin 15 km)"
"dutch-branch-park-tennis-court-benbrook-benbrook-tx","Benbrook",TX,76126,"Tarrant",zip_nearest_county_centroid,0.78,0.7275,"ZCTA spans 2 counties; nearest county centroid is 21 km away, next is 33 km (margin 12 km)"
"dutch-branch-park-tennis-courts","Benbrook",TX,76126,"Tarrant",zip_nearest_county_centroid,0.78,0.7275,"ZCTA spans 2 counties; nearest county centroid is 19 km away, next is 34 km (margin 15 km)"
"gem-of-the-hills-community-center-blanco-tx","Blanco",TX,78606,"Comal",zip_nearest_county_centroid,0.78,0.0351,"ZCTA spans 3 counties; nearest county centroid is 21 km away, next is 29 km (margin 8 km) — OVERRODE the larger-by-land-area candidate"
"blue-lake-poa-private-blue-lake-tx","Blue Lake",TX,78657,"Llano",zip_nearest_county_centroid,0.6,0.6922,"ZCTA spans 2 counties; nearest county centroid is 30 km away, next is 32 km (margin 2 km)"
"rayburn-country-resort","Brookeland",TX,75931,"Sabine",zip_nearest_county_centroid,0.78,0.1666,"ZCTA spans 2 counties; nearest county centroid is 25 km away, next is 45 km (margin 19 km) — OVERRODE the larger-by-land-area candidate"
"ctx-fieldhouse-at-sunfield-station","Buda",TX,78610,"Hays",zip_nearest_county_centroid,0.6,0.7142,"ZCTA spans 3 counties; nearest county centroid is 18 km away, next is 23 km (margin 4 km)"
"hays-communities-ymca","Buda",TX,78610,"Hays",zip_nearest_county_centroid,0.6,0.7142,"ZCTA spans 3 counties; nearest county centroid is 18 km away, next is 23 km (margin 4 km)"
"bulverde-city-hall-council-meeting-room-bulverde-tx","Bulverde",TX,30360,"DeKalb",zip_nearest_county_centroid,0,0.7229,"derived county is in GA but the row says TX - ZIP or state is wrong"
"lds-church-on-stahl-bulverde-tx","Bulverde",TX,31355,"",none,0,,"ZIP has no ZCTA in the Census relationship file (often a PO-box or point ZIP)"
"oak-village-north-park-bulverde-tx","Bulverde",TX,30415,"Bulloch",zip_single_county,0,1,"derived county is in GA but the row says TX - ZIP or state is wrong"
"pickandpadel-bulverde-tx","Bulverde",TX,30251,"Coweta",zip_nearest_county_centroid,0,0.0282,"derived county is in GA but the row says TX - ZIP or state is wrong"
"burleson-church-of-christ","Burleson",TX,76028,"Johnson",zip_nearest_county_centroid,0.78,0.771,"ZCTA spans 2 counties; nearest county centroid is 18 km away, next is 27 km (margin 9 km)"
"burleson-warren-park","Burleson",TX,76028,"Johnson",zip_nearest_county_centroid,0.78,0.771,"ZCTA spans 2 counties; nearest county centroid is 18 km away, next is 26 km (margin 8 km)"
"the-burleson-recreation-center","Burleson",TX,76028,"Johnson",zip_nearest_county_centroid,0.78,0.771,"ZCTA spans 2 counties; nearest county centroid is 18 km away, next is 26 km (margin 8 km)"
"davidson-creek-park","Caldwell",TX,77836,"Burleson",zip_nearest_county_centroid,0.6,0.9794,"ZCTA spans 2 counties; nearest county centroid is 119 km away, next is 122 km (margin 3 km)"
"lairds-hideaway-canyon-lake-tx","Canyon Lake",TX,14181,"",none,0,,"ZIP has no ZCTA in the Census relationship file (often a PO-box or point ZIP)"
"pickler-universe-carrollton","Carrollton",TX,75007,"Dallas",zip_nearest_county_centroid,0.6,0.0855,"ZCTA spans 3 counties; nearest county centroid is 27 km away, next is 32 km (margin 5 km) — OVERRODE the larger-by-land-area candidate"
"rosemead-recreation-center","Carrollton",TX,75007,"Dallas",zip_nearest_county_centroid,0.78,0.0855,"ZCTA spans 3 counties; nearest county centroid is 24 km away, next is 35 km (margin 11 km) — OVERRODE the larger-by-land-area candidate"
"rosemeade-recreation-center","Carrollton",TX,,"",none,0,,"no postal_code"
"cedar-hill-recreation-center","Cedar Hill",TX,75104,"Dallas",zip_nearest_county_centroid,0.6,0.9377,"ZCTA spans 2 counties; nearest county centroid is 26 km away, next is 31 km (margin 5 km)"
"cedar-park-recreation-center","Cedar Park",TX,78613,"Williamson",zip_nearest_county_centroid,0.78,0.8863,"ZCTA spans 2 counties; nearest county centroid is 25 km away, next is 35 km (margin 9 km)"
"lakeline-oaks-park","Cedar Park",TX,78613,"Williamson",zip_nearest_county_centroid,0.6,0.8863,"ZCTA spans 2 counties; nearest county centroid is 28 km away, next is 29 km (margin 1 km)"
"the-fieldhouse-crossover","Cedar Park",TX,78641,"Williamson",zip_nearest_county_centroid,0.78,0.3712,"ZCTA spans 2 counties; nearest county centroid is 23 km away, next is 37 km (margin 14 km) — OVERRODE the larger-by-land-area candidate"
"topshot-pickleball-cedar-park-tx","Cedar Park",TX,78613,"Williamson",zip_nearest_county_centroid,0.78,0.8863,"ZCTA spans 2 counties; nearest county centroid is 22 km away, next is 34 km (margin 11 km)"
"veterans-memorial-park","Cedar Park",TX,78613,"Williamson",zip_nearest_county_centroid,0.78,0.8863,"ZCTA spans 2 counties; nearest county centroid is 26 km away, next is 34 km (margin 8 km)"
"founders-station-park","Celina",TX,75009,"Collin",zip_nearest_county_centroid,0.78,0.9308,"ZCTA spans 2 counties; nearest county centroid is 24 km away, next is 34 km (margin 10 km)"
"founders-station-park-celina-celina-tx","Celina",TX,75009,"Collin",zip_nearest_county_centroid,0.78,0.9308,"ZCTA spans 2 counties; nearest county centroid is 24 km away, next is 34 km (margin 10 km)"
"wagon-wheel-tennis-pickleball-center","Coppell",TX,75019,"Denton",zip_nearest_county_centroid,0.6,0.0196,"ZCTA spans 2 counties; nearest county centroid is 29 km away, next is 30 km (margin 1 km) — OVERRODE the larger-by-land-area candidate"
"aquarius-park-corpus-christi-tx","Corpus Christi",TX,15002,"",none,0,,"ZIP has no ZCTA in the Census relationship file (often a PO-box or point ZIP)"
"commodore-park-corpus-christi-tx","Corpus Christi",TX,14202,"Erie",zip_single_county,0,1,"derived county is in NY but the row says TX - ZIP or state is wrong"
"dink-drink-corpus-christi-tx","Corpus Christi",TX,14325,"",none,0,,"ZIP has no ZCTA in the Census relationship file (often a PO-box or point ZIP)"
"don-and-sandy-billish-park-corpus-christi-tx","Corpus Christi",TX,15601,"Westmoreland",zip_single_county,0,1,"derived county is in PA but the row says TX - ZIP or state is wrong"
"flour-bluff-high-school","Corpus Christi",TX,78418,"Nueces",zip_nearest_county_centroid,0.78,0.3989,"ZCTA spans 2 counties; nearest county centroid is 24 km away, next is 43 km (margin 19 km) — OVERRODE the larger-by-land-area candidate"
"seashore-middle-academy-corpus-christi-tx","Corpus Christi",TX,15437,"Fayette",zip_single_county,0,1,"derived county is in PA but the row says TX - ZIP or state is wrong"
"fresh-af-park-cottonwood-shores-tx","Cottonwood Shores",TX,78657,"Burnet",zip_nearest_county_centroid,0.78,0.3078,"ZCTA spans 2 counties; nearest county centroid is 29 km away, next is 38 km (margin 10 km) — OVERRODE the larger-by-land-area candidate"
"crowley-recreation-center","Crowley",TX,76036,"Johnson",zip_nearest_county_centroid,0.6,0.2204,"ZCTA spans 2 counties; nearest county centroid is 22 km away, next is 22 km (margin 0 km) — OVERRODE the larger-by-land-area candidate"
"dill-dinkers-crowley-f30001","Crowley",TX,,"",none,0,,"no postal_code"
"dionne-bagsby-all-sports-complex","Crowley",TX,76036,"Johnson",zip_nearest_county_centroid,0.6,0.2204,"ZCTA spans 2 counties; nearest county centroid is 22 km away, next is 22 km (margin 0 km) — OVERRODE the larger-by-land-area candidate"
"bridgeland-lakeland-village-park-tennis-courts-cypress-tx","Cypress",TX,17330,"",none,0,,"ZIP has no ZCTA in the Census relationship file (often a PO-box or point ZIP)"
"fairfield-athletic-center-cypress-tx","Cypress",TX,16055,"Allegheny",zip_nearest_county_centroid,0,0.0002,"derived county is in PA but the row says TX - ZIP or state is wrong"
"fairwood-rc-cypress-tx","Cypress",TX,14701,"Chautauqua",zip_single_county,0,1,"derived county is in NY but the row says TX - ZIP or state is wrong"
"lakewood-glen-cypress-tx","Cypress",TX,13310,"Madison",zip_single_county,0,1,"derived county is in NY but the row says TX - ZIP or state is wrong"
"longwood-cypress-tx","Cypress",TX,14523,"",none,0,,"ZIP has no ZCTA in the Census relationship file (often a PO-box or point ZIP)"
"pickle-point-usa-cypress","Cypress",TX,,"",none,0,,"no postal_code"
"russ-poppe-family-park-cypress-tx","Cypress",TX,13634,"Jefferson",zip_single_county,0,1,"derived county is in NY but the row says TX - ZIP or state is wrong"
"dale-community-center-13835","Dale",TX,78616,"Caldwell",zip_nearest_county_centroid,0.78,0.8211,"ZCTA spans 3 counties; nearest county centroid is 12 km away, next is 31 km (margin 19 km)"
"brookhaven-country-club","Dallas",TX,,"",none,0,,"no postal_code"
"campbell-green-park-dallas-dallas-tx","Dallas",TX,16600,"",none,0,,"ZIP has no ZCTA in the Census relationship file (often a PO-box or point ZIP)"
"campbell-green-pickleball","Dallas",TX,75248,"Dallas",zip_nearest_county_centroid,0.6,0.9938,"ZCTA spans 2 counties; nearest county centroid is 23 km away, next is 31 km (margin 8 km)"
"electric-pickleball-dallas-f50024","Dallas",TX,,"",none,0,,"no postal_code"
"lb-houston-tennis-center-dallas-dallas-tx","Dallas",TX,11225,"Kings",zip_single_county,0,1,"derived county is in NY but the row says TX - ZIP or state is wrong"
"pickleball-kingdom-dallas-tx","Dallas",TX,14060,"Cattaraugus",zip_nearest_county_centroid,0,0.4477,"derived county is in NY but the row says TX - ZIP or state is wrong"
"willie-b-johnson-rec-center-dallas-dallas-tx","Dallas",TX,12225,"",none,0,,"ZIP has no ZCTA in the Census relationship file (often a PO-box or point ZIP)"
"dreamland","Dripping Springs",TX,78620,"Hays",zip_nearest_county_centroid,0.78,0.8545,"ZCTA spans 3 counties; nearest county centroid is 15 km away, next is 31 km (margin 16 km)"
"springs-family-ymca","Dripping Springs",TX,78620,"Hays",zip_nearest_county_centroid,0.78,0.8545,"ZCTA spans 3 counties; nearest county centroid is 15 km away, next is 31 km (margin 16 km)"
"armijo-rec-center-el-paso-tx","El Paso",TX,,"",none,0,,"no postal_code"
"eastside-regional-recreation-center-el-paso-tx","El Paso",TX,13501,"Oneida",zip_nearest_county_centroid,0,0.9999,"derived county is in NY but the row says TX - ZIP or state is wrong"
"marty-robbins-el-paso-tx","El Paso",TX,11620,"",none,0,,"ZIP has no ZCTA in the Census relationship file (often a PO-box or point ZIP)"
"pavo-real-recreation-center-el-paso-tx","El Paso",TX,,"",none,0,,"no postal_code"
"rotary-park-9892","Ennis",TX,75119,"Ellis",zip_nearest_county_centroid,0.78,0.9437,"ZCTA spans 2 counties; nearest county centroid is 16 km away, next is 34 km (margin 18 km)"
"fair-oaks-country-club-fair-oaks-tx","Fair Oaks",TX,78015,"Kendall",zip_nearest_county_centroid,0.78,0.4679,"ZCTA spans 3 counties; nearest county centroid is 24 km away, next is 34 km (margin 10 km)"
"urbanovsky-park","Flint Ave",TX,79409,"",none,0,,"ZIP has no ZCTA in the Census relationship file (often a PO-box or point ZIP)"
"hicv-the-villages-flint-tx","Flint",TX,18270,"",none,0,,"ZIP has no ZCTA in the Census relationship file (often a PO-box or point ZIP)"
"cross-timbers-ymca","Flower Mound",TX,75028,"Denton",zip_nearest_county_centroid,0.78,0.9769,"ZCTA spans 2 counties; nearest county centroid is 20 km away, next is 36 km (margin 16 km)"
"flower-mound-community-activity-center","Flower Mound",TX,75028,"Denton",zip_nearest_county_centroid,0.78,0.9769,"ZCTA spans 2 counties; nearest county centroid is 20 km away, next is 34 km (margin 14 km)"
"life-time-flower-mound","Flower Mound",TX,75022,"Denton",zip_nearest_county_centroid,0.78,0.9512,"ZCTA spans 2 counties; nearest county centroid is 19 km away, next is 36 km (margin 16 km)"
"fbc-sports-fitness-center","Forney",TX,75126,"Rockwall",zip_nearest_county_centroid,0.6,0.0265,"ZCTA spans 2 counties; nearest county centroid is 18 km away, next is 24 km (margin 6 km) — OVERRODE the larger-by-land-area candidate"
"travis-ranch-park-forney-forney-tx","Forney",TX,75126,"Rockwall",zip_nearest_county_centroid,0.6,0.0265,"ZCTA spans 2 counties; nearest county centroid is 18 km away, next is 24 km (margin 6 km) — OVERRODE the larger-by-land-area candidate"
"game-on-fort-worth-fort-worth-tx","Fort Worth",TX,76108,"Tarrant",zip_nearest_county_centroid,0.78,0.723,"ZCTA spans 2 counties; nearest county centroid is 19 km away, next is 30 km (margin 12 km)"
"game-on-sports-complex","Fort Worth",TX,76108,"Tarrant",zip_nearest_county_centroid,0.78,0.723,"ZCTA spans 2 counties; nearest county centroid is 19 km away, next is 30 km (margin 12 km)"
"indoor-pickleball-now","Fort Worth",TX,76177,"Tarrant",zip_nearest_county_centroid,0.78,0.6732,"ZCTA spans 2 counties; nearest county centroid is 19 km away, next is 35 km (margin 17 km)"
"life-time-fort-worth-alliance","Fort Worth",TX,76177,"Tarrant",zip_nearest_county_centroid,0.78,0.6732,"ZCTA spans 2 counties; nearest county centroid is 18 km away, next is 35 km (margin 18 km)"
"pickle-city-usa-fort-worth","Fort Worth",TX,,"",none,0,,"no postal_code"
"the-flying-pickle-fort-worth","Fort Worth",TX,,"",none,0,,"no postal_code"
"the-picklr-west-fort-worth","Fort Worth",TX,76108,"Tarrant",zip_nearest_county_centroid,0.78,0.723,"ZCTA spans 2 counties; nearest county centroid is 15 km away, next is 34 km (margin 18 km)"
"heritage-park-el-dorado-park","Friendswood",TX,77546,"Harris",zip_nearest_county_centroid,0.6,0.3093,"ZCTA spans 3 counties; nearest county centroid is 41 km away, next is 45 km (margin 4 km) — OVERRODE the larger-by-land-area candidate"
"life-time","Friendswood",TX,77546,"Harris",zip_nearest_county_centroid,0.6,0.3093,"ZCTA spans 3 counties; nearest county centroid is 41 km away, next is 45 km (margin 4 km) — OVERRODE the larger-by-land-area candidate"
"stevenson-park","Friendswood",TX,77546,"Harris",zip_nearest_county_centroid,0.6,0.3093,"ZCTA spans 3 counties; nearest county centroid is 41 km away, next is 45 km (margin 4 km) — OVERRODE the larger-by-land-area candidate"
"first-baptist-church-of-frisco","Frisco",TX,75034,"Collin",zip_nearest_county_centroid,0.6,0.5645,"ZCTA spans 2 counties; nearest county centroid is 23 km away, next is 29 km (margin 6 km)"
"life-time-frisco","Frisco",TX,75034,"Collin",zip_nearest_county_centroid,0.6,0.5645,"ZCTA spans 2 counties; nearest county centroid is 25 km away, next is 26 km (margin 1 km)"
"lifetime-fitness-frisco","Frisco",TX,75033,"Collin",zip_nearest_county_centroid,0.6,0.452,"ZCTA spans 2 counties; nearest county centroid is 25 km away, next is 26 km (margin 1 km) — OVERRODE the larger-by-land-area candidate"
"stonebriar-country-club","Frisco",TX,75033,"Collin",zip_nearest_county_centroid,0.6,0.452,"ZCTA spans 2 counties; nearest county centroid is 27 km away, next is 29 km (margin 1 km) — OVERRODE the larger-by-land-area candidate"
"the-grove-at-frisco-commons","Frisco",TX,75034,"Collin",zip_nearest_county_centroid,0.6,0.5645,"ZCTA spans 2 counties; nearest county centroid is 22 km away, next is 29 km (margin 7 km)"
"first-southern-baptist-church","Fritch",TX,79036,"Hutchinson",zip_nearest_county_centroid,0.6,0.2525,"ZCTA spans 4 counties; nearest county centroid is 31 km away, next is 34 km (margin 3 km) — OVERRODE the larger-by-land-area candidate"
"galveston-island-koa-galveston-tx","Galveston",TX,23700,"",none,0,,"ZIP has no ZCTA in the Census relationship file (often a PO-box or point ZIP)"
"duck-creek-golf-club-garland-garland-tx","Garland",TX,75044,"Dallas",zip_nearest_county_centroid,0.78,0.9959,"ZCTA spans 2 counties; nearest county centroid is 21 km away, next is 30 km (margin 8 km)"
"holdford-recreation-center","Garland",TX,75044,"Dallas",zip_nearest_county_centroid,0.78,0.9959,"ZCTA spans 2 counties; nearest county centroid is 21 km away, next is 32 km (margin 11 km)"
"holford-park-garland-garland-tx","Garland",TX,75044,"Dallas",zip_nearest_county_centroid,0.6,0.9959,"ZCTA spans 2 counties; nearest county centroid is 22 km away, next is 30 km (margin 8 km)"
"life-time-garland","Garland",TX,75044,"Dallas",zip_nearest_county_centroid,0.6,0.9959,"ZCTA spans 2 counties; nearest county centroid is 25 km away, next is 26 km (margin 1 km)"
"pickletex-georgetown","Georgetown",TX,,"",none,0,,"no postal_code"
"pickletex-georgetown-georgetown","Georgetown",TX,,"",none,0,,"no postal_code"
"the-harbor","Graford",TX,76449,"Palo Pinto",zip_nearest_county_centroid,0.78,0.992,"ZCTA spans 2 counties; nearest county centroid is 22 km away, next is 34 km (margin 12 km)"
"acton-baptist-church-granbury-tx","Granbury",TX,76049,"Hood",zip_nearest_county_centroid,0.78,0.98,"ZCTA spans 3 counties; nearest county centroid is 14 km away, next is 32 km (margin 18 km)"
"pecan-activity-center-granbury-granbury-tx","Granbury",TX,76049,"Hood",zip_nearest_county_centroid,0.78,0.98,"ZCTA spans 3 counties; nearest county centroid is 18 km away, next is 27 km (margin 10 km)"
"charley-taylor-recreation-center","Grand Prairie",TX,75050,"Dallas",zip_nearest_county_centroid,0.6,0.7887,"ZCTA spans 2 counties; nearest county centroid is 21 km away, next is 28 km (margin 7 km)"
"chicken-n-pickle-10612","Grand Prairie",TX,75052,"Dallas",zip_nearest_county_centroid,0.6,0.5933,"ZCTA spans 2 counties; nearest county centroid is 24 km away, next is 26 km (margin 2 km)"
"dalworth-recreation-center","Grand Prairie",TX,75051,"Dallas",zip_nearest_county_centroid,0.6,0.8696,"ZCTA spans 2 counties; nearest county centroid is 24 km away, next is 25 km (margin 1 km)"
"friendship-park-9077","Grand Prairie",TX,75052,"Dallas",zip_nearest_county_centroid,0.6,0.5933,"ZCTA spans 2 counties; nearest county centroid is 24 km away, next is 30 km (margin 5 km)"
"the-epic","Grand Prairie",TX,75052,"Dallas",zip_nearest_county_centroid,0.6,0.5933,"ZCTA spans 2 counties; nearest county centroid is 25 km away, next is 26 km (margin 1 km)"
"the-summit-4115","Grand Prairie",TX,75052,"Dallas",zip_nearest_county_centroid,0.6,0.5933,"ZCTA spans 2 counties; nearest county centroid is 24 km away, next is 26 km (margin 1 km)"
"tony-shotwell-life-center","Grand Prairie",TX,75050,"Dallas",zip_nearest_county_centroid,0.78,0.7887,"ZCTA spans 2 counties; nearest county centroid is 18 km away, next is 30 km (margin 13 km)"
"chicken-n-pickle-12783","Grapevine",TX,76051,"Tarrant",zip_nearest_county_centroid,0.6,0.9837,"ZCTA spans 2 counties; nearest county centroid is 27 km away, next is 34 km (margin 7 km)"
"dove-park-pickleball-courts","Grapevine",TX,76051,"Tarrant",zip_nearest_county_centroid,0.6,0.9837,"ZCTA spans 2 counties; nearest county centroid is 27 km away, next is 34 km (margin 7 km)"
"the-rec-of-grapevine","Grapevine",TX,76051,"Tarrant",zip_nearest_county_centroid,0.6,0.9837,"ZCTA spans 2 counties; nearest county centroid is 27 km away, next is 34 km (margin 7 km)"
"gun-barrel-city-park","Gun Barrel City",TX,75156,"Henderson",zip_nearest_county_centroid,0.6,0.9995,"ZCTA spans 2 counties; nearest county centroid is 28 km away, next is 34 km (margin 6 km)"
"bowie-park-pickleball-courts-harlingen-tx","Harlingen",TX,,"",none,0,,"no postal_code"
"fellowship-of-the-parks-haslet-campus","Haslet",TX,76052,"Tarrant",zip_nearest_county_centroid,0.78,0.5723,"ZCTA spans 3 counties; nearest county centroid is 23 km away, next is 36 km (margin 12 km)"
"haslet-community-park","Haslet",TX,76052,"Tarrant",zip_nearest_county_centroid,0.78,0.5723,"ZCTA spans 3 counties; nearest county centroid is 23 km away, next is 34 km (margin 11 km)"
"heritage-baptist-church-haslet-haslet-tx","Haslet",TX,76052,"Tarrant",zip_nearest_county_centroid,0.78,0.5723,"ZCTA spans 3 counties; nearest county centroid is 21 km away, next is 35 km (margin 13 km)"
"leo-adams-middle-school","Haslet",TX,76052,"Tarrant",zip_nearest_county_centroid,0.78,0.5723,"ZCTA spans 3 counties; nearest county centroid is 21 km away, next is 38 km (margin 17 km)"
"sr-hockey-rink","Haslet",TX,76052,"Tarrant",zip_nearest_county_centroid,0.78,0.5723,"ZCTA spans 3 counties; nearest county centroid is 23 km away, next is 33 km (margin 10 km)"
"first-baptist-church-13686","Hereford",TX,79045,"Deaf Smith",zip_nearest_county_centroid,0.78,0.8371,"ZCTA spans 2 counties; nearest county centroid is 23 km away, next is 35 km (margin 12 km)"
"hereford-sports-and-wellness","Hereford",TX,79045,"Deaf Smith",zip_nearest_county_centroid,0.78,0.8371,"ZCTA spans 2 counties; nearest county centroid is 23 km away, next is 35 km (margin 12 km)"
"ironwood-park-13685","Hereford",TX,79045,"Deaf Smith",zip_nearest_county_centroid,0.78,0.8371,"ZCTA spans 2 counties; nearest county centroid is 23 km away, next is 35 km (margin 12 km)"
"holly-lake-pb-courts-holly-lake-ranch-tx","Holly Lake Ranch",TX,75765,"Wood",zip_nearest_county_centroid,0.6,0.9893,"ZCTA spans 2 counties; nearest county centroid is 19 km away, next is 24 km (margin 6 km)"
"holly-lake-ranch-ne-texas","Holly Lake Ranch",TX,75765,"Wood",zip_nearest_county_centroid,0.6,0.9893,"ZCTA spans 2 counties; nearest county centroid is 19 km away, next is 24 km (margin 6 km)"
"deerhaven-hsb-private-horseshoe-bay-tx","Horseshoe Bay",TX,78657,"Burnet",zip_nearest_county_centroid,0.6,0.3078,"ZCTA spans 2 counties; nearest county centroid is 32 km away, next is 35 km (margin 4 km) — OVERRODE the larger-by-land-area candidate"
"horseshoe-bay-resort-tennis-center","Horseshoe Bay",TX,78657,"Burnet",zip_nearest_county_centroid,0.6,0.3078,"ZCTA spans 2 counties; nearest county centroid is 31 km away, next is 36 km (margin 5 km) — OVERRODE the larger-by-land-area candidate"
"hsb-city-courts-horseshoe-bay-tx","Horseshoe Bay",TX,78657,"Burnet",zip_nearest_county_centroid,0.6,0.3078,"ZCTA spans 2 counties; nearest county centroid is 32 km away, next is 35 km (margin 4 km) — OVERRODE the larger-by-land-area candidate"
"sam-martin-memorial-pickleball-courts-city-of-horseshoe-bay","Horseshoe Bay",TX,78657,"Burnet",zip_nearest_county_centroid,0.6,0.3078,"ZCTA spans 2 counties; nearest county centroid is 32 km away, next is 35 km (margin 4 km) — OVERRODE the larger-by-land-area candidate"
"tuscan-village-horseshoe-bay-tx","Horseshoe Bay",TX,78657,"Burnet",zip_nearest_county_centroid,0.6,0.3078,"ZCTA spans 2 counties; nearest county centroid is 32 km away, next is 35 km (margin 4 km) — OVERRODE the larger-by-land-area candidate"
"greentrails-ii-houston-tx","Houston",TX,18411,"Lackawanna",zip_single_county,0,1,"derived county is in PA but the row says TX - ZIP or state is wrong"
"long-point-social-club-houston","Houston",TX,,"",none,0,,"no postal_code"
"middlebrook-courts-houston-tx","Houston",TX,16201,"Armstrong",zip_single_county,0,1,"derived county is in PA but the row says TX - ZIP or state is wrong"
"northgate-country-club-houston-tx","Houston",TX,17110,"Dauphin",zip_single_county,0,1,"derived county is in PA but the row says TX - ZIP or state is wrong"
"pickleball-country-club-houston-tx","Houston",TX,10506,"Westchester",zip_single_county,0,1,"derived county is in NY but the row says TX - ZIP or state is wrong"
"royal-oaks-country-club","Houston",TX,77082,"Harris",zip_nearest_county_centroid,0.6,0.9979,"ZCTA spans 2 counties; nearest county centroid is 23 km away, next is 29 km (margin 6 km)"
"russ-poppe-family-park-houston-tx","Houston",TX,11675,"",none,0,,"ZIP has no ZCTA in the Census relationship file (often a PO-box or point ZIP)"
"the-flying-pickle-houston","Houston",TX,,"",none,0,,"no postal_code"
"willie-s-ice-house-houston-tx","Houston",TX,19905,"",none,0,,"ZIP has no ZCTA in the Census relationship file (often a PO-box or point ZIP)"
"yes-prep-brays-oaks","Houston",TX,77031,"Harris",zip_nearest_county_centroid,0.6,0.9912,"ZCTA spans 2 counties; nearest county centroid is 26 km away, next is 27 km (margin 1 km)"
"lifetime-atascocita-humble-tx","Humble",TX,13600,"",none,0,,"ZIP has no ZCTA in the Census relationship file (often a PO-box or point ZIP)"
"cane-island-katy-tx","Katy",TX,77493,"Waller",zip_nearest_county_centroid,0.6,0.318,"ZCTA spans 3 counties; nearest county centroid is 26 km away, next is 32 km (margin 6 km) — OVERRODE the larger-by-land-area candidate"
"cimarron-park-katy-tx","Katy",TX,77450,"Fort Bend",zip_nearest_county_centroid,0.78,0.3454,"ZCTA spans 2 counties; nearest county centroid is 27 km away, next is 37 km (margin 10 km) — OVERRODE the larger-by-land-area candidate"
"fireside-park-elyson-private-amenity","Katy",TX,77493,"Waller",zip_nearest_county_centroid,0.78,0.318,"ZCTA spans 3 counties; nearest county centroid is 25 km away, next is 38 km (margin 13 km) — OVERRODE the larger-by-land-area candidate"
"firethorne-community-center-katy-tx","Katy",TX,28128,"Stanly",zip_single_county,0,1,"derived county is in NC but the row says TX - ZIP or state is wrong"
"highland-knolls-memorial-parkway-katy-tx","Katy",TX,21519,"",none,0,,"ZIP has no ZCTA in the Census relationship file (often a PO-box or point ZIP)"
"life-time-cinco-ranch","Katy",TX,77494,"Fort Bend",zip_nearest_county_centroid,0.78,0.8499,"ZCTA spans 3 counties; nearest county centroid is 24 km away, next is 36 km (margin 12 km)"
"mason-creek-community-center-katy-tx","Katy",TX,20201,"",none,0,,"ZIP has no ZCTA in the Census relationship file (often a PO-box or point ZIP)"
"monty-ballard-ymca-at-cinco-ranch","Katy",TX,77494,"Fort Bend",zip_nearest_county_centroid,0.78,0.8499,"ZCTA spans 3 counties; nearest county centroid is 23 km away, next is 38 km (margin 14 km)"
"open-court-sports-complex","Katy",TX,77494,"Fort Bend",zip_nearest_county_centroid,0.6,0.8499,"ZCTA spans 3 counties; nearest county centroid is 27 km away, next is 32 km (margin 5 km)"
"pace-pickleball-katy-tx","Katy",TX,77494,"Fort Bend",zip_nearest_county_centroid,0.6,0.8499,"ZCTA spans 3 counties; nearest county centroid is 29 km away, next is 31 km (margin 2 km)"
"pickle-point-usa-katy","Katy",TX,77493,"Waller",zip_nearest_county_centroid,0.6,0.318,"ZCTA spans 3 counties; nearest county centroid is 28 km away, next is 32 km (margin 4 km) — OVERRODE the larger-by-land-area candidate"
"the-club-at-falcon-point","Katy",TX,77494,"Fort Bend",zip_nearest_county_centroid,0.6,0.8499,"ZCTA spans 3 counties; nearest county centroid is 27 km away, next is 33 km (margin 5 km)"
"the-picklr-katy","Katy",TX,,"",none,0,,"no postal_code"
"westland-baptist-church","Katy",TX,77494,"Fort Bend",zip_nearest_county_centroid,0.78,0.8499,"ZCTA spans 3 counties; nearest county centroid is 26 km away, next is 35 km (margin 9 km)"
"ymca-at-katy-main-street","Katy",TX,77494,"Fort Bend",zip_nearest_county_centroid,0.6,0.8499,"ZCTA spans 3 counties; nearest county centroid is 28 km away, next is 31 km (margin 3 km)"
"buckhorn-lake-resort","Kerrville",TX,78028,"Kerr",zip_nearest_county_centroid,0.78,0.8378,"ZCTA spans 2 counties; nearest county centroid is 21 km away, next is 36 km (margin 16 km)"
"heb-tennis-center-kerrville-tx","Kerrville",TX,78028,"Kerr",zip_nearest_county_centroid,0.78,0.8378,"ZCTA spans 2 counties; nearest county centroid is 22 km away, next is 34 km (margin 12 km)"
"kroc-center-kerrville-tx","Kerrville",TX,78028,"Kerr",zip_nearest_county_centroid,0.78,0.8378,"ZCTA spans 2 counties; nearest county centroid is 20 km away, next is 35 km (margin 14 km)"
"kroc-salvation-army-community-center","Kerrville",TX,78028,"Kerr",zip_nearest_county_centroid,0.78,0.8378,"ZCTA spans 2 counties; nearest county centroid is 21 km away, next is 36 km (margin 16 km)"
"skyline-pickleball-club-kingsland-tx","Kingsland",TX,78639,"Llano",zip_nearest_county_centroid,0.6,0.8281,"ZCTA spans 2 counties; nearest county centroid is 24 km away, next is 27 km (margin 3 km)"
"kissing-tree-private-kissing-tree-tx","Kissing Tree",TX,78666,"Hays",zip_nearest_county_centroid,0.6,0.7792,"ZCTA spans 4 counties; nearest county centroid is 25 km away, next is 26 km (margin 0 km)"
"plum-creek-private-kyle-tx","Kyle",TX,78640,"Hays",zip_nearest_county_centroid,0.78,0.8364,"ZCTA spans 3 counties; nearest county centroid is 17 km away, next is 30 km (margin 13 km)"
"sage-hill-inn-spa","Kyle",TX,78640,"Hays",zip_nearest_county_centroid,0.78,0.8364,"ZCTA spans 3 counties; nearest county centroid is 17 km away, next is 30 km (margin 13 km)"
"camden-s-adventure-zone-la-vernia-tx","La Vernia",TX,78121,"Wilson",zip_nearest_county_centroid,0.78,0.7515,"ZCTA spans 2 counties; nearest county centroid is 20 km away, next is 30 km (margin 10 km)"
"lake-kiowa-lodge","Lake Kiowa",TX,76240,"Cooke",zip_nearest_county_centroid,0.78,0.9994,"ZCTA spans 2 counties; nearest county centroid is 20 km away, next is 32 km (margin 12 km)"
"lakeside-park-lakeside-tx","Lakeside",TX,76108,"Tarrant",zip_nearest_county_centroid,0.78,0.723,"ZCTA spans 2 counties; nearest county centroid is 20 km away, next is 30 km (margin 10 km)"
"lakeside-pickleball-courts","Lakeside",TX,76108,"Tarrant",zip_nearest_county_centroid,0.78,0.723,"ZCTA spans 2 counties; nearest county centroid is 20 km away, next is 30 km (margin 10 km)"
"grace-fellowship-lampasas-tx","Lampasas",TX,76560,"",none,0,,"ZIP has no ZCTA in the Census relationship file (often a PO-box or point ZIP)"
"lavernia-city-park-lavernia-tx","LaVernia",TX,78121,"Wilson",zip_nearest_county_centroid,0.78,0.7515,"ZCTA spans 2 counties; nearest county centroid is 22 km away, next is 31 km (margin 9 km)"
"southwest-williamson-regional-park","Leander",TX,79641,"",none,0,,"ZIP has no ZCTA in the Census relationship file (often a PO-box or point ZIP)"
"veterans-memorial-park-leander-tx","Leander",TX,78641,"Williamson",zip_nearest_county_centroid,0.78,0.3712,"ZCTA spans 2 counties; nearest county centroid is 26 km away, next is 40 km (margin 15 km) — OVERRODE the larger-by-land-area candidate"
"herring-recreation-center","Lewisville",TX,75067,"Denton",zip_nearest_county_centroid,0.78,0.9616,"ZCTA spans 2 counties; nearest county centroid is 20 km away, next is 38 km (margin 18 km)"
"sun-valley","Lewisville",TX,75067,"Denton",zip_nearest_county_centroid,0.78,0.9616,"ZCTA spans 2 counties; nearest county centroid is 21 km away, next is 38 km (margin 17 km)"
"the-picklr-lewisville","Lewisville",TX,75067,"Denton",zip_nearest_county_centroid,0.6,0.9616,"ZCTA spans 2 counties; nearest county centroid is 27 km away, next is 32 km (margin 5 km)"
"thrive","Lewisville",TX,75067,"Denton",zip_nearest_county_centroid,0.78,0.9616,"ZCTA spans 2 counties; nearest county centroid is 23 km away, next is 36 km (margin 13 km)"
"vistara-sports","Lewisville",TX,75067,"Denton",zip_nearest_county_centroid,0.6,0.9616,"ZCTA spans 2 counties; nearest county centroid is 26 km away, next is 33 km (margin 7 km)"
"regency-at-santa-rita-ranch","Liberty Hill",TX,78642,"Burnet",zip_nearest_county_centroid,0.6,0.0802,"ZCTA spans 2 counties; nearest county centroid is 30 km away, next is 30 km (margin 0 km) — OVERRODE the larger-by-land-area candidate"
"urbanovsky-city-park-lubbock-tx","Lubbock",TX,79409,"",none,0,,"ZIP has no ZCTA in the Census relationship file (often a PO-box or point ZIP)"
"pinnacle-club","Mabank",TX,75156,"Henderson",zip_nearest_county_centroid,0.6,0.9995,"ZCTA spans 2 counties; nearest county centroid is 29 km away, next is 31 km (margin 2 km)"
"ace-pickleball-club-magnolia-tx","Magnolia",TX,30031,"",none,0,,"ZIP has no ZCTA in the Census relationship file (often a PO-box or point ZIP)"
"may-valley-park-magnolia-tx","Magnolia",TX,11598,"Nassau",zip_single_county,0,1,"derived county is in NY but the row says TX - ZIP or state is wrong"
"thousand-oaks-tennis-court-magnolia-tx","Magnolia",TX,12026,"",none,0,,"ZIP has no ZCTA in the Census relationship file (often a PO-box or point ZIP)"
"fieldhouse-usa-mansfield","Mansfield",TX,76063,"Tarrant",zip_nearest_county_centroid,0.6,0.7434,"ZCTA spans 3 counties; nearest county centroid is 27 km away, next is 32 km (margin 4 km)"
"first-united-methodist-church-8781","Mansfield",TX,76063,"Tarrant",zip_nearest_county_centroid,0.6,0.7434,"ZCTA spans 3 counties; nearest county centroid is 26 km away, next is 31 km (margin 4 km)"
"life-time-mansfield","Mansfield",TX,76063,"Tarrant",zip_nearest_county_centroid,0.78,0.7434,"ZCTA spans 3 counties; nearest county centroid is 25 km away, next is 35 km (margin 10 km)"
"lifetime-fitness-mansfield","Mansfield",TX,76063,"Tarrant",zip_nearest_county_centroid,0.78,0.7434,"ZCTA spans 3 counties; nearest county centroid is 25 km away, next is 35 km (margin 10 km)"
"mansfield-activities-center","Mansfield",TX,76063,"Tarrant",zip_nearest_county_centroid,0.6,0.7434,"ZCTA spans 3 counties; nearest county centroid is 28 km away, next is 31 km (margin 3 km)"
"pikla-pickleball","Mansfield",TX,76063,"Tarrant",zip_nearest_county_centroid,0.6,0.7434,"ZCTA spans 3 counties; nearest county centroid is 29 km away, next is 31 km (margin 1 km)"
"star-ranch-nudist-resort","Mcdade",TX,78650,"Bastrop",zip_nearest_county_centroid,0.6,0.7101,"ZCTA spans 2 counties; nearest county centroid is 22 km away, next is 26 km (margin 4 km)"
"the-courts-mckinney-pickleball-tennis","McKinney",TX,,"",none,0,,"no postal_code"
"the-picklr-mckinney-new","McKinney",TX,,"",none,0,,"no postal_code"
"the-racquet-club-midland-tx","Midland",TX,79705,"Midland",zip_nearest_county_centroid,0.78,0.4865,"ZCTA spans 2 counties; nearest county centroid is 25 km away, next is 35 km (margin 10 km) — OVERRODE the larger-by-land-area candidate"
"midlothian-community-park-midlothian-tx","Midlothian",TX,76065,"Ellis",zip_nearest_county_centroid,0.78,0.998,"ZCTA spans 2 counties; nearest county centroid is 21 km away, next is 40 km (margin 19 km)"
"pickleball-paradise-tx","Midlothian",TX,76065,"Ellis",zip_nearest_county_centroid,0.78,0.998,"ZCTA spans 2 counties; nearest county centroid is 24 km away, next is 38 km (margin 14 km)"
"bentwater-country-club","Montgomery",TX,77356,"Montgomery",zip_nearest_county_centroid,0.78,0.9771,"ZCTA spans 2 counties; nearest county centroid is 18 km away, next is 37 km (margin 19 km)"
"lakeside-bible-church","Montgomery",TX,77356,"Montgomery",zip_nearest_county_centroid,0.78,0.9771,"ZCTA spans 2 counties; nearest county centroid is 18 km away, next is 36 km (margin 18 km)"
"pickleball-hideout","Montgomery",TX,77356,"Montgomery",zip_nearest_county_centroid,0.78,0.9771,"ZCTA spans 2 counties; nearest county centroid is 18 km away, next is 36 km (margin 18 km)"
"first-baptist-church-navasota","Navasota",TX,77868,"Grimes",zip_nearest_county_centroid,0.78,0.7007,"ZCTA spans 4 counties; nearest county centroid is 20 km away, next is 37 km (margin 17 km)"
"nisd-auxiliary-gym","Navasota",TX,77868,"Grimes",zip_nearest_county_centroid,0.78,0.7007,"ZCTA spans 4 counties; nearest county centroid is 19 km away, next is 36 km (margin 17 km)"
"cranky-pickle-new-braunfels-tx","New Braunfels",TX,78132,"Comal",zip_nearest_county_centroid,0.6,0.9947,"ZCTA spans 2 counties; nearest county centroid is 18 km away, next is 22 km (margin 4 km)"
"das-rec-new-braunfels-recreation-center","New Braunfels",TX,78130,"Comal",zip_nearest_county_centroid,0.6,0.4347,"ZCTA spans 3 counties; nearest county centroid is 17 km away, next is 23 km (margin 6 km) — OVERRODE the larger-by-land-area candidate"
"first-united-methodist-church-8676","New Braunfels",TX,78139,"",none,0,,"ZIP has no ZCTA in the Census relationship file (often a PO-box or point ZIP)"
"nb-pickleball-club","New Braunfels",TX,78130,"Comal",zip_nearest_county_centroid,0.6,0.4347,"ZCTA spans 3 counties; nearest county centroid is 18 km away, next is 22 km (margin 4 km) — OVERRODE the larger-by-land-area candidate"
"new-braunfels-presbyterian-church","New Braunfels",TX,78130,"Comal",zip_nearest_county_centroid,0.6,0.4347,"ZCTA spans 3 counties; nearest county centroid is 16 km away, next is 23 km (margin 6 km) — OVERRODE the larger-by-land-area candidate"
"westside-communit-center-library","New Braunfels",TX,78130,"Comal",zip_nearest_county_centroid,0.6,0.4347,"ZCTA spans 3 counties; nearest county centroid is 19 km away, next is 21 km (margin 1 km) — OVERRODE the larger-by-land-area candidate"
"odessa-country-club-odessa-tx","Odessa",TX,79765,"Ector",zip_nearest_county_centroid,0.6,0.4526,"ZCTA spans 2 counties; nearest county centroid is 25 km away, next is 28 km (margin 3 km) — OVERRODE the larger-by-land-area candidate"
"truelife-pickleball-center-church-odessa-tx","Odessa",TX,12200,"",none,0,,"ZIP has no ZCTA in the Census relationship file (often a PO-box or point ZIP)"
"pearland-recreation-center","Pearland",TX,77584,"Brazoria",zip_nearest_county_centroid,0.6,0.9584,"ZCTA spans 2 counties; nearest county centroid is 46 km away, next is 47 km (margin 1 km)"
"skylar-sun-sports-complex","Pearland",TX,77584,"Brazoria",zip_nearest_county_centroid,0.6,0.9584,"ZCTA spans 2 counties; nearest county centroid is 46 km away, next is 47 km (margin 1 km)"
"the-picklr-pearland","Pearland",TX,77581,"Harris",zip_nearest_county_centroid,0.78,0.0571,"ZCTA spans 2 counties; nearest county centroid is 34 km away, next is 46 km (margin 12 km) — OVERRODE the larger-by-land-area candidate"
"vic-coppinger-family-ymca","Pearland",TX,77581,"Harris",zip_nearest_county_centroid,0.78,0.0571,"ZCTA spans 2 counties; nearest county centroid is 36 km away, next is 46 km (margin 11 km) — OVERRODE the larger-by-land-area candidate"
"pickleland","Pflugerville",TX,,"",none,0,,"no postal_code"
"carpenter-rec-ctr","Plano",TX,75024,"Collin",zip_nearest_county_centroid,0.78,0.875,"ZCTA spans 2 counties; nearest county centroid is 23 km away, next is 36 km (margin 13 km)"
"dill-dinkers-plano-f30018","Plano",TX,,"",none,0,,"no postal_code"
"life-time-plano","Plano",TX,75024,"Collin",zip_nearest_county_centroid,0.78,0.875,"ZCTA spans 2 counties; nearest county centroid is 24 km away, next is 34 km (margin 10 km)"
"life-time-plano-tennis","Plano",TX,75024,"Collin",zip_nearest_county_centroid,0.78,0.875,"ZCTA spans 2 counties; nearest county centroid is 24 km away, next is 34 km (margin 10 km)"
"plano-sports-authority-plano-plano-tx","Plano",TX,75024,"Collin",zip_nearest_county_centroid,0.78,0.875,"ZCTA spans 2 counties; nearest county centroid is 22 km away, next is 34 km (margin 12 km)"
"prestonwood-baptist-church","Plano",TX,75093,"Collin",zip_nearest_county_centroid,0.6,0.902,"ZCTA spans 2 counties; nearest county centroid is 31 km away, next is 32 km (margin 1 km)"
"the-pickleball-zone","Porter",TX,,"",none,0,,"no postal_code"
"windsong-tennis-courts-prosper-prosper-tx","Prosper",TX,75078,"Denton",zip_nearest_county_centroid,0.6,0.2989,"ZCTA spans 2 counties; nearest county centroid is 23 km away, next is 27 km (margin 4 km) — OVERRODE the larger-by-land-area candidate"
"stackers-pickleball-club-reno","Reno",TX,,"",none,0,,"no postal_code"
"power-pickle","Rhome",TX,76078,"Wise",zip_nearest_county_centroid,0.78,0.9961,"ZCTA spans 2 counties; nearest county centroid is 25 km away, next is 37 km (margin 12 km)"
"first-united-methodist-church-4178","Richardson",TX,75080,"Dallas",zip_nearest_county_centroid,0.78,0.7087,"ZCTA spans 2 counties; nearest county centroid is 21 km away, next is 31 km (margin 10 km)"
"heights-recreation-center","Richardson",TX,75080,"Dallas",zip_nearest_county_centroid,0.78,0.7087,"ZCTA spans 2 counties; nearest county centroid is 22 km away, next is 30 km (margin 8 km)"
"black-hawk-country-club-members-only-richmond-tx","Richmond",TX,12610,"",none,0,,"ZIP has no ZCTA in the Census relationship file (often a PO-box or point ZIP)"
"texas-badminton-and-pickleball-richmond-tx","Richmond",TX,18200,"",none,0,,"ZIP has no ZCTA in the Census relationship file (often a PO-box or point ZIP)"
"roanoke-recreation-center","Roanoke",TX,76262,"Denton",zip_nearest_county_centroid,0.6,0.7194,"ZCTA spans 2 counties; nearest county centroid is 24 km away, next is 26 km (margin 2 km)"
"allen-r-baca-center","Round Rock",TX,78664,"Williamson",zip_nearest_county_centroid,0.78,0.8563,"ZCTA spans 2 counties; nearest county centroid is 17 km away, next is 30 km (margin 13 km)"
"clay-madsen-recreation-center","Round Rock",TX,78664,"Williamson",zip_nearest_county_centroid,0.78,0.8563,"ZCTA spans 2 counties; nearest county centroid is 18 km away, next is 29 km (margin 11 km)"
"the-picklr-round-rock","Round Rock",TX,78664,"Williamson",zip_nearest_county_centroid,0.78,0.8563,"ZCTA spans 2 counties; nearest county centroid is 17 km away, next is 30 km (margin 13 km)"
"ymca-chasco","Round Rock",TX,78664,"Williamson",zip_nearest_county_centroid,0.78,0.8563,"ZCTA spans 2 counties; nearest county centroid is 17 km away, next is 30 km (margin 13 km)"
"herfurth-park","Rowlett",TX,75088,"Rockwall",zip_nearest_county_centroid,0.78,0.1271,"ZCTA spans 2 counties; nearest county centroid is 14 km away, next is 25 km (margin 11 km) — OVERRODE the larger-by-land-area candidate"
"rowlett-community-ctr","Rowlett",TX,75088,"Rockwall",zip_nearest_county_centroid,0.78,0.1271,"ZCTA spans 2 counties; nearest county centroid is 14 km away, next is 25 km (margin 11 km) — OVERRODE the larger-by-land-area candidate"
"michael-j-felix-community-center","Sachse",TX,75048,"Collin",zip_nearest_county_centroid,0.6,0.1936,"ZCTA spans 2 counties; nearest county centroid is 24 km away, next is 29 km (margin 5 km) — OVERRODE the larger-by-land-area candidate"
"near-home","Sachse",TX,75048,"Collin",zip_nearest_county_centroid,0.6,0.1936,"ZCTA spans 2 counties; nearest county centroid is 23 km away, next is 30 km (margin 7 km) — OVERRODE the larger-by-land-area candidate"
"blossom-athletic-center-n-central-san-antonio-tx","San Antonio",TX,12002,"",none,0,,"ZIP has no ZCTA in the Census relationship file (often a PO-box or point ZIP)"
"dill-dinkers-san-antonio-f30009","San Antonio",TX,,"",none,0,,"no postal_code"
"dill-dinkers-utsa-san-antonio","San Antonio",TX,,"",none,0,,"no postal_code"
"la-fitness-san-antonio-tx","San Antonio",TX,21044,"Howard",zip_single_county,0,1,"derived county is in MD but the row says TX - ZIP or state is wrong"
"lookout-canyon-san-antonio-tx","San Antonio",TX,26000,"",none,0,,"ZIP has no ZCTA in the Census relationship file (often a PO-box or point ZIP)"
"rio-vista-tennis-courts","San Marcos",TX,78666,"Hays",zip_nearest_county_centroid,0.78,0.7792,"ZCTA spans 4 counties; nearest county centroid is 22 km away, next is 31 km (margin 9 km)"
"san-marcos-activity-center","San Marcos",TX,78666,"Hays",zip_nearest_county_centroid,0.78,0.7792,"ZCTA spans 4 counties; nearest county centroid is 22 km away, next is 30 km (margin 8 km)"
"schatziland-rv-resort","San Marcos",TX,78667,"",none,0,,"ZIP has no ZCTA in the Census relationship file (often a PO-box or point ZIP)"
"schertz-ymca","Schertz",TX,78154,"Bexar",zip_nearest_county_centroid,0.6,0.5636,"ZCTA spans 3 counties; nearest county centroid is 27 km away, next is 28 km (margin 0 km)"
"smithville-recreation-center","Smithville",TX,78957,"Bastrop",zip_nearest_county_centroid,0.78,0.8889,"ZCTA spans 2 counties; nearest county centroid is 18 km away, next is 27 km (margin 8 km)"
"bicentennial-park-southlake-southlake-tx","Southlake",TX,76092,"Tarrant",zip_nearest_county_centroid,0.6,0.9165,"ZCTA spans 2 counties; nearest county centroid is 24 km away, next is 29 km (margin 6 km)"
"champions-club-at-the-marq","Southlake",TX,76092,"Tarrant",zip_nearest_county_centroid,0.6,0.9165,"ZCTA spans 2 counties; nearest county centroid is 24 km away, next is 29 km (margin 6 km)"
"5-soul-pickleball","Spicewood",TX,78669,"Blanco",zip_nearest_county_centroid,0.6,0.1902,"ZCTA spans 3 counties; nearest county centroid is 33 km away, next is 35 km (margin 2 km) — OVERRODE the larger-by-land-area candidate"
"bulverde-visitor-center-hampton-inn-spring-branch-tx","Spring Branch",TX,78070,"Comal",zip_nearest_county_centroid,0.78,0.822,"ZCTA spans 3 counties; nearest county centroid is 16 km away, next is 32 km (margin 16 km)"
"jumbo-evans-spring-branch-tx","Spring Branch",TX,78070,"Comal",zip_nearest_county_centroid,0.78,0.822,"ZCTA spans 3 counties; nearest county centroid is 18 km away, next is 28 km (margin 10 km)"
"jumbo-evans-tennis-facility","Spring Branch",TX,78070,"Comal",zip_nearest_county_centroid,0.78,0.822,"ZCTA spans 3 counties; nearest county centroid is 18 km away, next is 28 km (margin 10 km)"
"the-putting-mill-spring-branch-tx","Spring Branch",TX,78070,"Comal",zip_nearest_county_centroid,0.78,0.822,"ZCTA spans 3 counties; nearest county centroid is 18 km away, next is 28 km (margin 10 km)"
"braniak-gym-spring-tx","Spring",TX,20625,"Charles",zip_single_county,0,1,"derived county is in MD but the row says TX - ZIP or state is wrong"
"cypresswood-glen-spring-tx","Spring",TX,20026,"",none,0,,"ZIP has no ZCTA in the Census relationship file (often a PO-box or point ZIP)"
"pala-pickleball-spring-tx","Spring",TX,20110,"Prince William",zip_nearest_county_centroid,0,0.2332,"derived county is in VA but the row says TX - ZIP or state is wrong"
"pala-pickleball-htx","Spring",TX,,"",none,0,,"no postal_code"
"houston-badminton-center","Stafford",TX,77477,"Fort Bend",zip_nearest_county_centroid,0.78,0.9475,"ZCTA spans 2 counties; nearest county centroid is 23 km away, next is 31 km (margin 8 km)"
"ace-pickleball-club-sugar-land-sugar-land","Sugar Land",TX,,"",none,0,,"no postal_code"
"ben-gill-park-terrell-terrell-tx","Terrell",TX,75160,"Kaufman",zip_nearest_county_centroid,0.6,0.8279,"ZCTA spans 3 counties; nearest county centroid is 16 km away, next is 21 km (margin 4 km)"
"creekwood-park-pickleball-courts","The Woodlands",TX,,"",none,0,,"no postal_code"
"sundance-park-tennis-courts-the-woodlands-tx","The Woodlands",TX,,"",none,0,,"no postal_code"
"rise-pickle-tomball-tx","Tomball",TX,11703,"Suffolk",zip_single_county,0,1,"derived county is in NY but the row says TX - ZIP or state is wrong"
"harmony-park-trophy-club-trophy-club-tx","Trophy Club",TX,76262,"Denton",zip_nearest_county_centroid,0.6,0.7194,"ZCTA spans 2 counties; nearest county centroid is 23 km away, next is 28 km (margin 4 km)"
"trophy-club-tennis-pickleball-courts-trophy-club-tx","Trophy Club",TX,76262,"Denton",zip_nearest_county_centroid,0.6,0.7194,"ZCTA spans 2 counties; nearest county centroid is 22 km away, next is 28 km (margin 6 km)"
"the-picklr-waco","Waco",TX,,"",none,0,,"no postal_code"
"larry-north-fitness","Westlake",TX,76262,"Tarrant",zip_nearest_county_centroid,0.6,0.2806,"ZCTA spans 2 counties; nearest county centroid is 26 km away, next is 26 km (margin 0 km) — OVERRODE the larger-by-land-area candidate"
"life-time-westlake","Westlake",TX,76262,"Tarrant",zip_nearest_county_centroid,0.6,0.2806,"ZCTA spans 2 counties; nearest county centroid is 26 km away, next is 26 km (margin 0 km) — OVERRODE the larger-by-land-area candidate"
"vaquero-golf-club","Westlake",TX,76262,"Tarrant",zip_nearest_county_centroid,0.6,0.2806,"ZCTA spans 2 counties; nearest county centroid is 24 km away, next is 27 km (margin 3 km) — OVERRODE the larger-by-land-area candidate"
"westlake-ranch-pickleball-court-westlake-tx","Westlake",TX,76262,"Denton",zip_nearest_county_centroid,0.6,0.7194,"ZCTA spans 2 counties; nearest county centroid is 25 km away, next is 26 km (margin 1 km)"
"belair-park-wichita-falls-tx","Wichita Falls",TX,76310,"Wichita",zip_nearest_county_centroid,0.78,0.2704,"ZCTA spans 3 counties; nearest county centroid is 18 km away, next is 31 km (margin 13 km) — OVERRODE the larger-by-land-area candidate"
"bill-bartley-family-ymca","Wichita Falls",TX,76302,"Wichita",zip_nearest_county_centroid,0.6,0.9995,"ZCTA spans 2 counties; nearest county centroid is 23 km away, next is 31 km (margin 8 km)"
"hamilton-park-tennis-center-wichita-falls-tx","Wichita Falls",TX,76308,"Wichita",zip_nearest_county_centroid,0.78,0.8675,"ZCTA spans 2 counties; nearest county centroid is 22 km away, next is 34 km (margin 12 km)"
"jefferson-elementary-school","Wichita Falls",TX,76310,"Wichita",zip_nearest_county_centroid,0.78,0.2704,"ZCTA spans 3 counties; nearest county centroid is 19 km away, next is 30 km (margin 10 km) — OVERRODE the larger-by-land-area candidate"
"the-pickleball-hanger-wichita-galls-tx","Wichita Falls",TX,76302,"Wichita",zip_nearest_county_centroid,0.6,0.9995,"ZCTA spans 2 counties; nearest county centroid is 25 km away, next is 31 km (margin 6 km)"
"weeks-park-wichita-falls-tx","Wichita Falls",TX,76308,"Wichita",zip_nearest_county_centroid,0.78,0.8675,"ZCTA spans 2 counties; nearest county centroid is 22 km away, next is 33 km (margin 11 km)"
"point-aquarius-willis-tx","Willis",TX,12575,"Orange",zip_single_county,0,1,"derived county is in NY but the row says TX - ZIP or state is wrong"
"the-core-sportsplex-willis-tx","Willis",TX,12110,"Albany",zip_single_county,0,1,"derived county is in NY but the row says TX - ZIP or state is wrong"
"themission-church-willis-tx","Willis",TX,12193,"Albany",zip_single_county,0,1,"derived county is in NY but the row says TX - ZIP or state is wrong"
"five-eight-ranch","Wills Point",TX,,"",none,0,,"no postal_code"
"unity-pickleball","Wimberley",TX,78676,"Hays",zip_nearest_county_centroid,0.78,0.9246,"ZCTA spans 3 counties; nearest county centroid is 10 km away, next is 26 km (margin 16 km)"
"community-park-pickleball-courts","Wylie",TX,75098,"Rockwall",zip_nearest_county_centroid,0.6,0.03,"ZCTA spans 3 counties; nearest county centroid is 17 km away, next is 20 km (margin 3 km) — OVERRODE the larger-by-land-area candidate"
"sage-creek-hoa","Wylie",TX,75098,"Rockwall",zip_nearest_county_centroid,0.6,0.03,"ZCTA spans 3 counties; nearest county centroid is 17 km away, next is 20 km (margin 3 km) — OVERRODE the larger-by-land-area candidate"
"wylie-recreation-center","Wylie",TX,75098,"Rockwall",zip_nearest_county_centroid,0.6,0.03,"ZCTA spans 3 counties; nearest county centroid is 17 km away, next is 20 km (margin 3 km) — OVERRODE the larger-by-land-area candidate"
"day-ranch-park-bluffdale-bluffdale-ut","Bluffdale",UT,15345,"Washington",zip_nearest_county_centroid,0,0.9639,"derived county is in PA but the row says UT - ZIP or state is wrong"
"independence-pickleball-courts-bluffdale-bluffdale-ut","Bluffdale",UT,15030,"Allegheny",zip_single_county,0,1,"derived county is in PA but the row says UT - ZIP or state is wrong"
"parry-farms-park-bluffdale-bluffdale-ut","Bluffdale",UT,15505,"",none,0,,"ZIP has no ZCTA in the Census relationship file (often a PO-box or point ZIP)"
"wardle-fields-bluffdale-bluffdale-ut","Bluffdale",UT,14400,"",none,0,,"ZIP has no ZCTA in the Census relationship file (often a PO-box or point ZIP)"
"ch-church-building-cedar-hills-cedar-hills-ut","Cedar Hills",UT,10273,"",none,0,,"ZIP has no ZCTA in the Census relationship file (often a PO-box or point ZIP)"
"southfork-park-draper-draper-ut","Draper",UT,14125,"Orleans",zip_nearest_county_centroid,0,0.0139,"derived county is in NY but the row says UT - ZIP or state is wrong"
"suncrest-park-draper-draper-ut","Draper",UT,15278,"",none,0,,"ZIP has no ZCTA in the Census relationship file (often a PO-box or point ZIP)"
"north-cottonwood-commons-farmington","Farmington",UT,,"",none,0,,"no postal_code"
"heber-valley-pickleball-club","Heber City",UT,,"",none,0,,"no postal_code"
"highfield-park-herriman-herriman-ut","Herriman",UT,14390,"",none,0,,"ZIP has no ZCTA in the Census relationship file (often a PO-box or point ZIP)"
"club-pickleball-usa-midvale","Midvale",UT,,"",none,0,,"no postal_code"
"club-pickleball-usa-orem","Orem",UT,,"",none,0,,"no postal_code"
"park-city-city-park-park-city-ut","Park City",UT,84060,"Wasatch",zip_nearest_county_centroid,0.6,0.2454,"ZCTA spans 2 counties; nearest county centroid is 46 km away, next is 51 km (margin 5 km) — OVERRODE the larger-by-land-area candidate"
"park-city-marc","Park City",UT,84060,"Wasatch",zip_nearest_county_centroid,0.6,0.2454,"ZCTA spans 2 counties; nearest county centroid is 47 km away, next is 50 km (margin 3 km) — OVERRODE the larger-by-land-area candidate"
"spring-lake-park-payson-payson-ut","Payson",UT,12240,"",none,0,,"ZIP has no ZCTA in the Census relationship file (often a PO-box or point ZIP)"
"riverdale-city","Riverdale",UT,,"",none,0,,"no postal_code"
"riverton-park-riverton-ut","Riverton",UT,12600,"",none,0,,"ZIP has no ZCTA in the Census relationship file (often a PO-box or point ZIP)"
"roosevelt-outdoor-courts","Roosevelt",UT,84066,"Duchesne",zip_nearest_county_centroid,0.6,0.7896,"ZCTA spans 2 counties; nearest county centroid is 37 km away, next is 44 km (margin 7 km)"
"club-pickleball-usa-sandy","Sandy",UT,,"",none,0,,"no postal_code"
"south-jordan-city-park-south-jordan-ut","South Jordan",UT,11111,"",none,0,,"ZIP has no ZCTA in the Census relationship file (often a PO-box or point ZIP)"
"south-weber-canyon-meadows-pickleball-court-south-weber-ut","South Weber",UT,84405,"Weber",zip_nearest_county_centroid,0.6,0.663,"ZCTA spans 2 counties; nearest county centroid is 16 km away, next is 23 km (margin 7 km)"
"sunpro-tennis-and-pickleball-club","Springfield",UT,,"",none,0,,"no postal_code"
"the-picklr-uintah-uintah-ut","Uintah",UT,84405,"Weber",zip_nearest_county_centroid,0.78,0.663,"ZCTA spans 2 counties; nearest county centroid is 15 km away, next is 26 km (margin 11 km)"
"utah-city-racquet-club-vineyard","Vineyard",UT,,"",none,0,,"no postal_code"
"green-springs-park","Washington City",UT,85780,"",none,0,,"ZIP has no ZCTA in the Census relationship file (often a PO-box or point ZIP)"
"rockfish-valley-community-center-afton-va","Afton",VA,22920,"Nelson",zip_nearest_county_centroid,0.78,0.5828,"ZCTA spans 3 counties; nearest county centroid is 15 km away, next is 28 km (margin 12 km)"
"armistead-boothe-alexandria-va","Alexandria",VA,22304,"Alexandria",zip_nearest_county_centroid,0.78,0.9662,"ZCTA spans 2 counties; nearest county centroid is 4 km away, next is 13 km (margin 9 km)"
"cameron-run-regional-park-alexandria-va","Alexandria",VA,22304,"Alexandria",zip_nearest_county_centroid,0.78,0.9662,"ZCTA spans 2 counties; nearest county centroid is 2 km away, next is 15 km (margin 13 km)"
"chambliss-park-alexandria-va","Alexandria",VA,22311,"Alexandria",zip_nearest_county_centroid,0.78,0.7582,"ZCTA spans 2 counties; nearest county centroid is 4 km away, next is 13 km (margin 8 km)"
"chinquapin-rec-center-alexandria-va","Alexandria",VA,22302,"Alexandria",zip_nearest_county_centroid,0.78,0.9565,"ZCTA spans 2 counties; nearest county centroid is 0 km away, next is 17 km (margin 16 km)"
"minnie-howard-campus-alexandria-va","Alexandria",VA,22302,"Alexandria",zip_nearest_county_centroid,0.78,0.9565,"ZCTA spans 2 counties; nearest county centroid is 3 km away, next is 14 km (margin 11 km)"
"parkfairfax-condos-cml-alexandria-va","Alexandria",VA,22302,"Alexandria",zip_nearest_county_centroid,0.78,0.9565,"ZCTA spans 2 counties; nearest county centroid is 2 km away, next is 17 km (margin 15 km)"
"patrick-henry-recreation-center","Alexandria",VA,22304,"Alexandria",zip_nearest_county_centroid,0.78,0.9662,"ZCTA spans 2 counties; nearest county centroid is 2 km away, next is 14 km (margin 12 km)"
"watergate-landmark-alexandria-va","Alexandria",VA,22304,"Alexandria",zip_nearest_county_centroid,0.6,0.9662,"ZCTA spans 2 counties; nearest county centroid is 5 km away, next is 11 km (margin 6 km)"
"amelia-war-memorial","Ameila",VA,23002,"Nottoway",zip_nearest_county_centroid,0.78,0.008,"ZCTA spans 2 counties; nearest county centroid is 1572 km away, next is 1584 km (margin 12 km) — OVERRODE the larger-by-land-area candidate"
"glebe-road-park-tennis-courts","Arlington",VA,22227,"",none,0,,"ZIP has no ZCTA in the Census relationship file (often a PO-box or point ZIP)"
"gunston-park","Arlington",VA,22206,"Alexandria",zip_nearest_county_centroid,0.6,0.0295,"ZCTA spans 2 counties; nearest county centroid is 3 km away, next is 4 km (margin 1 km) — OVERRODE the larger-by-land-area candidate"
"langston-brown-community-center","Arlington",VA,22207,"Arlington",zip_nearest_county_centroid,0.78,0.9937,"ZCTA spans 2 counties; nearest county centroid is 3 km away, next is 15 km (margin 12 km)"
"lubber-run-community-center-indoors","Arlington",VA,22203,"Arlington",zip_nearest_county_centroid,0.78,0.9907,"ZCTA spans 2 counties; nearest county centroid is 1 km away, next is 15 km (margin 13 km)"
"ashburn-senior-center-ashburn-va","Ashburn",VA,20880,"Montgomery",zip_single_county,0,1,"derived county is in MD but the row says VA - ZIP or state is wrong"
"potomac-green","Ashburn",VA,22093,"",none,0,,"ZIP has no ZCTA in the Census relationship file (often a PO-box or point ZIP)"
"bent-mountain-center-bent-mountain-va","Bent Mountain",VA,10148,"",none,0,,"ZIP has no ZCTA in the Census relationship file (often a PO-box or point ZIP)"
"fincastle-bluefield-va","Bluefield",VA,24064,"Botetourt",zip_nearest_county_centroid,0.78,0.3125,"ZCTA spans 2 counties; nearest county centroid is 135 km away, next is 154 km (margin 20 km) — OVERRODE the larger-by-land-area candidate"
"braemar-clareybrook-park-bristow-va","Bristow",VA,12751,"Sullivan",zip_single_county,0,1,"derived county is in NY but the row says VA - ZIP or state is wrong"
"braemar-park-bristow-va","Bristow",VA,12401,"Ulster",zip_single_county,0,1,"derived county is in NY but the row says VA - ZIP or state is wrong"
"heritage-park-broadway-va","Broadway",VA,22815,"Rockingham",zip_nearest_county_centroid,0.78,0.9696,"ZCTA spans 2 counties; nearest county centroid is 14 km away, next is 33 km (margin 19 km)"
"southern-virginia-university-tennis-courts-buena-vista-va","Buena Vista",VA,24416,"Buena Vista",zip_nearest_county_centroid,0.78,0.1043,"ZCTA spans 2 counties; nearest county centroid is 2 km away, next is 12 km (margin 10 km) — OVERRODE the larger-by-land-area candidate"
"chalet-woods-park","Centreville",VA,20120,"Fairfax",zip_nearest_county_centroid,0.78,0.8985,"ZCTA spans 2 counties; nearest county centroid is 17 km away, next is 30 km (margin 13 km)"
"heritage-forest-centreville-va","Centreville",VA,14150,"Erie",zip_single_county,0,1,"derived county is in NY but the row says VA - ZIP or state is wrong"
"life-time-centreville","Centreville",VA,20120,"Fairfax",zip_nearest_county_centroid,0.78,0.8985,"ZCTA spans 2 counties; nearest county centroid is 15 km away, next is 32 km (margin 17 km)"
"dill-dinkers-chantilly-f30013","Chantilly",VA,,"",none,0,,"no postal_code"
"elk-lick-park-chantilly-va","Chantilly",VA,25152,"Fayette",zip_single_county,0,1,"derived county is in WV but the row says VA - ZIP or state is wrong"
"gold-s-gym-chsntilly-va","Chantilly",VA,13621,"St. Lawrence",zip_single_county,0,1,"derived county is in NY but the row says VA - ZIP or state is wrong"
"nzone-chantilly-va","Chantilly",VA,14550,"Wyoming",zip_single_county,0,1,"derived county is in NY but the row says VA - ZIP or state is wrong"
"the-fieldhouse-chantilly-chantilly-va","Chantilly",VA,14810,"Steuben",zip_single_county,0,1,"derived county is in NY but the row says VA - ZIP or state is wrong"
"acac-adventure-central-members-and-guests-only","Charlottesville",VA,22901,"Charlottesville",zip_nearest_county_centroid,0.6,0.0536,"ZCTA spans 2 counties; nearest county centroid is 5 km away, next is 9 km (margin 4 km) — OVERRODE the larger-by-land-area candidate"
"acac-fitness-wellness-center-albemarle-square","Charlottesville",VA,22901,"Charlottesville",zip_nearest_county_centroid,0.6,0.0536,"ZCTA spans 2 counties; nearest county centroid is 5 km away, next is 10 km (margin 5 km) — OVERRODE the larger-by-land-area candidate"
"agnor-hurt-elementary","Charlottesville",VA,22901,"Charlottesville",zip_nearest_county_centroid,0.6,0.0536,"ZCTA spans 2 counties; nearest county centroid is 6 km away, next is 10 km (margin 4 km) — OVERRODE the larger-by-land-area candidate"
"benjamin-tonsler-park-charlottesville-va","Charlottesville",VA,22902,"Charlottesville",zip_nearest_county_centroid,0.6,0.0431,"ZCTA spans 3 counties; nearest county centroid is 1 km away, next is 5 km (margin 4 km) — OVERRODE the larger-by-land-area candidate"
"boar-s-head-sports-club","Charlottesville",VA,22903,"Albemarle",zip_nearest_county_centroid,0.6,0.9326,"ZCTA spans 2 counties; nearest county centroid is 3 km away, next is 5 km (margin 2 km)"
"brooks-family-ymca","Charlottesville",VA,22902,"Charlottesville",zip_nearest_county_centroid,0.6,0.0431,"ZCTA spans 3 counties; nearest county centroid is 1 km away, next is 7 km (margin 6 km) — OVERRODE the larger-by-land-area candidate"
"carver-recreation-center-open-to-the-public-charlottesville","Charlottesville",VA,22903,"Charlottesville",zip_nearest_county_centroid,0.6,0.0674,"ZCTA spans 2 counties; nearest county centroid is 1 km away, next is 6 km (margin 5 km) — OVERRODE the larger-by-land-area candidate"
"charlottesville-high-school-open-to-the-public","Charlottesville",VA,22901,"Charlottesville",zip_nearest_county_centroid,0.6,0.0536,"ZCTA spans 2 counties; nearest county centroid is 2 km away, next is 8 km (margin 6 km) — OVERRODE the larger-by-land-area candidate"
"charlottesville-pickleball-courts-2026","Charlottesville",VA,,"",none,0,,"no postal_code"
"cville-smash-charlottesville-va","Charlottesville",VA,22901,"Charlottesville",zip_nearest_county_centroid,0.6,0.0536,"ZCTA spans 2 counties; nearest county centroid is 3 km away, next is 7 km (margin 5 km) — OVERRODE the larger-by-land-area candidate"
"fairview-swim-and-tennis-club-members-guests-only","Charlottesville",VA,22901,"Charlottesville",zip_nearest_county_centroid,0.6,0.0536,"ZCTA spans 2 counties; nearest county centroid is 4 km away, next is 10 km (margin 5 km) — OVERRODE the larger-by-land-area candidate"
"farmington-country-club-members-and-guests-only","Charlottesville",VA,22901,"Albemarle",zip_nearest_county_centroid,0.6,0.9464,"ZCTA spans 2 counties; nearest county centroid is 4 km away, next is 6 km (margin 1 km)"
"first-baptist-park-street-open-to-the-public","Charlottesville",VA,22902,"Charlottesville",zip_nearest_county_centroid,0.6,0.0431,"ZCTA spans 3 counties; nearest county centroid is 1 km away, next is 7 km (margin 6 km) — OVERRODE the larger-by-land-area candidate"
"fry-s-spring-beach-club-members-and-guests-only","Charlottesville",VA,22903,"Charlottesville",zip_nearest_county_centroid,0.6,0.0674,"ZCTA spans 2 counties; nearest county centroid is 3 km away, next is 4 km (margin 0 km) — OVERRODE the larger-by-land-area candidate"
"herman-key-center","Charlottesville",VA,22902,"Charlottesville",zip_nearest_county_centroid,0.6,0.0431,"ZCTA spans 3 counties; nearest county centroid is 1 km away, next is 7 km (margin 6 km) — OVERRODE the larger-by-land-area candidate"
"pen-park","Charlottesville",VA,22901,"Charlottesville",zip_nearest_county_centroid,0.6,0.0536,"ZCTA spans 2 counties; nearest county centroid is 3 km away, next is 9 km (margin 6 km) — OVERRODE the larger-by-land-area candidate"
"pen-park-open-to-the-public-charlottesville-va","Charlottesville",VA,22901,"Charlottesville",zip_nearest_county_centroid,0.6,0.0536,"ZCTA spans 2 counties; nearest county centroid is 3 km away, next is 9 km (margin 6 km) — OVERRODE the larger-by-land-area candidate"
"piedmont-va-community-college-open-to-the-public","Charlottesville",VA,22902,"Charlottesville",zip_nearest_county_centroid,0.6,0.0431,"ZCTA spans 3 counties; nearest county centroid is 3 km away, next is 6 km (margin 3 km) — OVERRODE the larger-by-land-area candidate"
"random-row-brewery-open-to-the-public-charlottesville-va","Charlottesville",VA,22903,"Charlottesville",zip_nearest_county_centroid,0.6,0.0674,"ZCTA spans 2 counties; nearest county centroid is 0 km away, next is 6 km (margin 6 km) — OVERRODE the larger-by-land-area candidate"
"snyder-tennis-courts","Charlottesville",VA,22903,"Charlottesville",zip_nearest_county_centroid,0.6,0.0674,"ZCTA spans 2 counties; nearest county centroid is 2 km away, next is 4 km (margin 2 km) — OVERRODE the larger-by-land-area candidate"
"the-greencroft-club","Charlottesville",VA,22903,"Albemarle",zip_nearest_county_centroid,0.6,0.9326,"ZCTA spans 2 counties; nearest county centroid is 4 km away, next is 9 km (margin 5 km)"
"walker-upper-elementary-school-gym-open-to-the-public","Charlottesville",VA,22903,"Charlottesville",zip_nearest_county_centroid,0.6,0.0674,"ZCTA spans 2 counties; nearest county centroid is 2 km away, next is 7 km (margin 5 km) — OVERRODE the larger-by-land-area candidate"
"harris-field-chatham-va","Chatham",VA,25531,"",none,0,,"ZIP has no ZCTA in the Census relationship file (often a PO-box or point ZIP)"
"western-branch-community-center","Chesapeake Beach",VA,20732,"Calvert",zip_single_county,0,1,"derived county is in MD but the row says VA - ZIP or state is wrong"
"marlin-club-chesapeake-va","Chesapeake",VA,23321,"Portsmouth",zip_nearest_county_centroid,0.78,0.0009,"ZCTA spans 3 counties; nearest county centroid is 7 km away, next is 18 km (margin 10 km) — OVERRODE the larger-by-land-area candidate"
"western-branch-community-center-4314","Chesapeake",VA,23321,"Chesapeake",zip_nearest_county_centroid,0.78,0.9979,"ZCTA spans 3 counties; nearest county centroid is 6 km away, next is 19 km (margin 12 km)"
"western-branch-high-school-chesapeake-va","Chesapeake",VA,23321,"Portsmouth",zip_nearest_county_centroid,0.78,0.0009,"ZCTA spans 3 counties; nearest county centroid is 5 km away, next is 21 km (margin 16 km) — OVERRODE the larger-by-land-area candidate"
"bangers-and-dinks","Chesterfield",VA,23235,"Chesterfield",zip_nearest_county_centroid,0.78,0.7364,"ZCTA spans 2 counties; nearest county centroid is 1 km away, next is 19 km (margin 17 km)"
"midlothian-middle-school-chesterfield-va","Chesterfield",VA,14248,"",none,0,,"ZIP has no ZCTA in the Census relationship file (often a PO-box or point ZIP)"
"pickleball-courts-at-ctc-hull","Chesterfield",VA,23112,"Chesterfield",zip_nearest_county_centroid,0.78,0.9926,"ZCTA spans 2 counties; nearest county centroid is 7 km away, next is 27 km (margin 20 km)"
"swift-creek-ymca","Chesterfield",VA,,"",none,0,,"no postal_code"
"the-armory-clifton-forge-va","Clifton Forge",VA,24422,"Alleghany",zip_nearest_county_centroid,0.78,0.959,"ZCTA spans 3 counties; nearest county centroid is 16 km away, next is 28 km (margin 12 km)"
"little-rocky-run-clifton-va","Clifton",VA,13910,"",none,0,,"ZIP has no ZCTA in the Census relationship file (often a PO-box or point ZIP)"
"torrey-smith-park","Colonial Beach",VA,22443,"King George",zip_nearest_county_centroid,0.6,0.0032,"ZCTA spans 2 counties; nearest county centroid is 18 km away, next is 21 km (margin 3 km) — OVERRODE the larger-by-land-area candidate"
"colonial-heights-middle-school","Colonial Heights",VA,23834,"Colonial Heights",zip_nearest_county_centroid,0.78,0.3163,"ZCTA spans 2 counties; nearest county centroid is 1 km away, next is 21 km (margin 19 km) — OVERRODE the larger-by-land-area candidate"
"altamont-park","Covington",VA,24426,"Alleghany",zip_nearest_county_centroid,0.6,0.9499,"ZCTA spans 3 counties; nearest county centroid is 1 km away, next is 2 km (margin 0 km)"
"culpeper-sport-fitness","Culpeper",VA,22701,"Culpeper",zip_nearest_county_centroid,0.78,0.7841,"ZCTA spans 3 counties; nearest county centroid is 6 km away, next is 22 km (margin 15 km)"
"lakeview-courts-culpeper-va","Culpeper",VA,22701,"Culpeper",zip_nearest_county_centroid,0.78,0.7841,"ZCTA spans 3 counties; nearest county centroid is 6 km away, next is 24 km (margin 18 km)"
"mountain-run-lake-park","Culpeper",VA,22701,"Culpeper",zip_nearest_county_centroid,0.78,0.7841,"ZCTA spans 3 counties; nearest county centroid is 10 km away, next is 20 km (margin 10 km)"
"path-recreation-fitness-center","Culpeper",VA,22701,"Culpeper",zip_nearest_county_centroid,0.78,0.7841,"ZCTA spans 3 counties; nearest county centroid is 6 km away, next is 21 km (margin 15 km)"
"providence-church-culpeper-va","Culpeper",VA,17211,"Bedford",zip_single_county,0,1,"derived county is in PA but the row says VA - ZIP or state is wrong"
"prince-george-central-wellness-center","Disputanta",VA,23842,"Prince George",zip_nearest_county_centroid,0.78,0.8258,"ZCTA spans 3 counties; nearest county centroid is 7 km away, next is 22 km (margin 15 km)"
"temple-park","Disputanta",VA,23842,"Prince George",zip_nearest_county_centroid,0.78,0.8258,"ZCTA spans 3 counties; nearest county centroid is 7 km away, next is 22 km (margin 15 km)"
"southbridge-dumfries-va","Dumfries",VA,17325,"Adams",zip_single_county,0,1,"derived county is in PA but the row says VA - ZIP or state is wrong"
"southlake-dumfries-va","Dumfries",VA,15615,"Westmoreland",zip_single_county,0,1,"derived county is in PA but the row says VA - ZIP or state is wrong"
"family-ymca-of-emporia-greensville-emporia-va","Emporia",VA,23847,"Emporia",zip_nearest_county_centroid,0.6,0.0251,"ZCTA spans 5 counties; nearest county centroid is 1 km away, next is 3 km (margin 2 km) — OVERRODE the larger-by-land-area candidate"
"ettrick-park","Ettrick",VA,23803,"Petersburg",zip_nearest_county_centroid,0.78,0.1476,"ZCTA spans 3 counties; nearest county centroid is 5 km away, next is 20 km (margin 15 km) — OVERRODE the larger-by-land-area candidate"
"down-the-line-fairfax","Fairfax",VA,22030,"Fairfax",zip_nearest_county_centroid,0.6,0.2394,"ZCTA spans 2 counties; nearest county centroid is 1 km away, next is 3 km (margin 3 km) — OVERRODE the larger-by-land-area candidate"
"fairfax-city-senior-center-green-acres","Fairfax",VA,22030,"Fairfax",zip_nearest_county_centroid,0.6,0.2394,"ZCTA spans 2 counties; nearest county centroid is 2 km away, next is 3 km (margin 1 km) — OVERRODE the larger-by-land-area candidate"
"george-mason-fairfax-va","Fairfax",VA,22032,"Fairfax",zip_nearest_county_centroid,0.6,0.0457,"ZCTA spans 2 counties; nearest county centroid is 1 km away, next is 3 km (margin 2 km) — OVERRODE the larger-by-land-area candidate"
"hampton-chase-hoa-fairfax-va","Fairfax",VA,22030,"Fairfax",zip_nearest_county_centroid,0.6,0.2394,"ZCTA spans 2 counties; nearest county centroid is 8 km away, next is 10 km (margin 2 km) — OVERRODE the larger-by-land-area candidate"
"jccnv-fairfax-va","Fairfax",VA,22031,"Fairfax",zip_nearest_county_centroid,0.6,0.8239,"ZCTA spans 2 counties; nearest county centroid is 2 km away, next is 4 km (margin 2 km)"
"life-time-fairfax","Fairfax",VA,22031,"Fairfax",zip_nearest_county_centroid,0.6,0.8239,"ZCTA spans 2 counties; nearest county centroid is 2 km away, next is 2 km (margin 1 km)"
"mott-community-center-fairfax-va","Fairfax",VA,12111,"",none,0,,"ZIP has no ZCTA in the Census relationship file (often a PO-box or point ZIP)"
"providence-community-center","Fairfax",VA,22031,"Fairfax",zip_nearest_county_centroid,0.6,0.1761,"ZCTA spans 2 counties; nearest county centroid is 1 km away, next is 3 km (margin 2 km) — OVERRODE the larger-by-land-area candidate"
"roundtree-park-fairfax-va","Fairfax",VA,22042,"Falls Church",zip_nearest_county_centroid,0.6,0.0095,"ZCTA spans 2 counties; nearest county centroid is 3 km away, next is 9 km (margin 6 km) — OVERRODE the larger-by-land-area candidate"
"van-dyke-park","Fairfax",VA,22030,"Fairfax",zip_nearest_county_centroid,0.6,0.2394,"ZCTA spans 2 counties; nearest county centroid is 0 km away, next is 3 km (margin 3 km) — OVERRODE the larger-by-land-area candidate"
"cavalier-trail-park-falls-church-va","Falls Church",VA,22046,"Falls Church",zip_nearest_county_centroid,0.78,0.6626,"ZCTA spans 2 counties; nearest county centroid is 1 km away, next is 10 km (margin 9 km)"
"falls-church-city-falls-church-va","Falls Church",VA,22046,"Falls Church",zip_nearest_county_centroid,0.78,0.6626,"ZCTA spans 2 counties; nearest county centroid is 1 km away, next is 11 km (margin 10 km)"
"providence-rec-falls-church-va","Falls Church",VA,22042,"Falls Church",zip_nearest_county_centroid,0.6,0.0095,"ZCTA spans 2 counties; nearest county centroid is 4 km away, next is 6 km (margin 2 km) — OVERRODE the larger-by-land-area candidate"
"roundtree-park","Falls Church",VA,22042,"Falls Church",zip_nearest_county_centroid,0.78,0.0095,"ZCTA spans 2 counties; nearest county centroid is 1 km away, next is 10 km (margin 9 km) — OVERRODE the larger-by-land-area candidate"
"sleepy-hollow-bath-racquet-falls-church-va","Falls Church",VA,22044,"Falls Church",zip_nearest_county_centroid,0.78,0.0578,"ZCTA spans 2 counties; nearest county centroid is 0 km away, next is 11 km (margin 10 km) — OVERRODE the larger-by-land-area candidate"
"westgate-elementary-school","Falls Church",VA,22043,"Falls Church",zip_nearest_county_centroid,0.78,0.0122,"ZCTA spans 2 counties; nearest county centroid is 0 km away, next is 11 km (margin 10 km) — OVERRODE the larger-by-land-area candidate"
"prince-edward-high-school","Farmville",VA,23901,"Prince Edward",zip_nearest_county_centroid,0.78,0.4001,"ZCTA spans 3 counties; nearest county centroid is 9 km away, next is 27 km (margin 18 km) — OVERRODE the larger-by-land-area candidate"
"forest-lake-tennis-and-pickle-ball-courts-forest-va","Forest",VA,24551,"Lynchburg",zip_nearest_county_centroid,0.78,0.0035,"ZCTA spans 3 counties; nearest county centroid is 6 km away, next is 24 km (margin 18 km) — OVERRODE the larger-by-land-area candidate"
"ivy-hill-country-club","Forest",VA,24551,"Lynchburg",zip_nearest_county_centroid,0.78,0.0035,"ZCTA spans 3 counties; nearest county centroid is 9 km away, next is 22 km (margin 12 km) — OVERRODE the larger-by-land-area candidate"
"lake-vista-courts-2-forest-va","Forest",VA,24551,"Lynchburg",zip_nearest_county_centroid,0.78,0.0035,"ZCTA spans 3 counties; nearest county centroid is 5 km away, next is 25 km (margin 19 km) — OVERRODE the larger-by-land-area candidate"
"cosner-park","Fredericksburg",VA,22408,"Fredericksburg",zip_nearest_county_centroid,0.78,0.0004,"ZCTA spans 3 counties; nearest county centroid is 2 km away, next is 22 km (margin 19 km) — OVERRODE the larger-by-land-area candidate"
"fredericksburg-field-house","Fredericksburg",VA,22408,"Fredericksburg",zip_nearest_county_centroid,0.78,0.0004,"ZCTA spans 3 counties; nearest county centroid is 3 km away, next is 17 km (margin 14 km) — OVERRODE the larger-by-land-area candidate"
"lee-s-hill-north-lhcn-fredericksburg-va","Fredericksburg",VA,22408,"Fredericksburg",zip_nearest_county_centroid,0.78,0.0004,"ZCTA spans 3 counties; nearest county centroid is 6 km away, next is 17 km (margin 11 km) — OVERRODE the larger-by-land-area candidate"
"lee-s-hill-south-lhcs-fredericksburg-va","Fredericksburg",VA,22408,"Fredericksburg",zip_nearest_county_centroid,0.78,0.0004,"ZCTA spans 3 counties; nearest county centroid is 8 km away, next is 16 km (margin 9 km) — OVERRODE the larger-by-land-area candidate"
"the-picklr-fredericksburg","Fredericksburg",VA,22407,"Fredericksburg",zip_nearest_county_centroid,0.78,0.0011,"ZCTA spans 3 counties; nearest county centroid is 2 km away, next is 22 km (margin 19 km) — OVERRODE the larger-by-land-area candidate"
"warren-county-15th-street-gym-front-royal-va-va","Front Royal VA",VA,,"",none,0,,"no postal_code"
"galax-rec-center-galax-va","Galax",VA,24333,"Galax",zip_nearest_county_centroid,0.78,0.0568,"ZCTA spans 3 counties; nearest county centroid is 1 km away, next is 19 km (margin 18 km) — OVERRODE the larger-by-land-area candidate"
"american-family-fitness-va-center-commons","Glen Allen",VA,23059,"Hanover",zip_nearest_county_centroid,0.78,0.5926,"ZCTA spans 3 counties; nearest county centroid is 10 km away, next is 30 km (margin 20 km)"
"shenandoah-crossing-resort","Gordonsville",VA,22942,"Orange",zip_nearest_county_centroid,0.6,0.3466,"ZCTA spans 3 counties; nearest county centroid is 20 km away, next is 27 km (margin 7 km) — OVERRODE the larger-by-land-area candidate"
"carilion-wellness-center-hardy-va","Hardy",VA,24101,"Bedford",zip_nearest_county_centroid,0.6,0.0731,"ZCTA spans 3 counties; nearest county centroid is 27 km away, next is 28 km (margin 1 km) — OVERRODE the larger-by-land-area candidate"
"crosswhite-athletic-club-hardy-va","Hardy",VA,24101,"Bedford",zip_nearest_county_centroid,0.6,0.0731,"ZCTA spans 3 counties; nearest county centroid is 27 km away, next is 28 km (margin 1 km) — OVERRODE the larger-by-land-area candidate"
"cecil-f-gilkerson-community-center","Harrisonburg",VA,22801,"Harrisonburg",zip_nearest_county_centroid,0.6,0.3126,"ZCTA spans 2 counties; nearest county centroid is 1 km away, next is 7 km (margin 5 km) — OVERRODE the larger-by-land-area candidate"
"emu-pickleball-courts-harrisonburg-va","Harrisonburg",VA,22802,"Rockingham",zip_nearest_county_centroid,0.6,0.9332,"ZCTA spans 2 counties; nearest county centroid is 3 km away, next is 5 km (margin 2 km)"
"horizons-edge-sports-campus","Harrisonburg",VA,22802,"Harrisonburg",zip_nearest_county_centroid,0.6,0.0668,"ZCTA spans 2 counties; nearest county centroid is 2 km away, next is 7 km (margin 5 km) — OVERRODE the larger-by-land-area candidate"
"jmu-university-recreation-center-harrisonburg-va","Harrisonburg",VA,22801,"Harrisonburg",zip_nearest_county_centroid,0.6,0.3126,"ZCTA spans 2 counties; nearest county centroid is 1 km away, next is 8 km (margin 8 km) — OVERRODE the larger-by-land-area candidate"
"morrison-park","Harrisonburg",VA,22802,"Harrisonburg",zip_nearest_county_centroid,0.6,0.0668,"ZCTA spans 2 counties; nearest county centroid is 2 km away, next is 6 km (margin 3 km) — OVERRODE the larger-by-land-area candidate"
"purcell-park-harrisonburg-va","Harrisonburg",VA,22801,"Harrisonburg",zip_nearest_county_centroid,0.6,0.3126,"ZCTA spans 2 counties; nearest county centroid is 1 km away, next is 9 km (margin 8 km) — OVERRODE the larger-by-land-area candidate"
"simms-center-harrisonburg-va","Harrisonburg",VA,22801,"Harrisonburg",zip_nearest_county_centroid,0.6,0.3126,"ZCTA spans 2 counties; nearest county centroid is 2 km away, next is 6 km (margin 4 km) — OVERRODE the larger-by-land-area candidate"
"dominion-valley-country-club","Haymarket",VA,20168,"",none,0,,"ZIP has no ZCTA in the Census relationship file (often a PO-box or point ZIP)"
"evergreen-country-club-haymarket-va","Haymarket",VA,15900,"",none,0,,"ZIP has no ZCTA in the Census relationship file (often a PO-box or point ZIP)"
"james-s-long-regional-park","Haymarket",VA,20169,"Fauquier",zip_nearest_county_centroid,0.6,0.0301,"ZCTA spans 2 counties; nearest county centroid is 20 km away, next is 22 km (margin 1 km) — OVERRODE the larger-by-land-area candidate"
"regency-at-dominion-valley","Haymarket",VA,20169,"Fauquier",zip_nearest_county_centroid,0.6,0.0301,"ZCTA spans 2 counties; nearest county centroid is 19 km away, next is 21 km (margin 2 km) — OVERRODE the larger-by-land-area candidate"
"stonewall-park-haymarket-va","Haymarket",VA,13779,"",none,0,,"ZIP has no ZCTA in the Census relationship file (often a PO-box or point ZIP)"
"northumberland-family-ymca","Heathsville",VA,22473,"Northumberland",zip_nearest_county_centroid,0.78,0.9673,"ZCTA spans 2 counties; nearest county centroid is 11 km away, next is 25 km (margin 13 km)"
"deep-run-park-recreation-center","Henrico",VA,23233,"Goochland",zip_nearest_county_centroid,0.6,0.2695,"ZCTA spans 2 counties; nearest county centroid is 31 km away, next is 33 km (margin 2 km) — OVERRODE the larger-by-land-area candidate"
"eastern-henrico-recreation-center","Henrico",VA,23223,"Richmond",zip_nearest_county_centroid,0.6,0.2339,"ZCTA spans 2 counties; nearest county centroid is 9 km away, next is 16 km (margin 7 km) — OVERRODE the larger-by-land-area candidate"
"hopewell-community-center","Hopewell",VA,23860,"Hopewell",zip_nearest_county_centroid,0.78,0.2289,"ZCTA spans 2 counties; nearest county centroid is 2 km away, next is 14 km (margin 12 km) — OVERRODE the larger-by-land-area candidate"
"indian-creek-country-club","Kilmarnock",VA,22482,"Lancaster",zip_nearest_county_centroid,0.78,0.3642,"ZCTA spans 2 counties; nearest county centroid is 3 km away, next is 16 km (margin 13 km) — OVERRODE the larger-by-land-area candidate"
"acouinton-elementary-school","King William",VA,,"",none,0,,"no postal_code"
"east-prince-william-lake-ridge-va","Lake Ridge",VA,12410,"Ulster",zip_single_county,0,1,"derived county is in NY but the row says VA - ZIP or state is wrong"
"lake-ridge-antietam-private-lake-ridge-va","Lake Ridge",VA,12428,"Ulster",zip_single_county,0,1,"derived county is in NY but the row says VA - ZIP or state is wrong"
"lake-ridge-ridgewood-private-lake-ridge-va","Lake Ridge",VA,12350,"",none,0,,"ZIP has no ZCTA in the Census relationship file (often a PO-box or point ZIP)"
"lexington-golf-country-club-lexington-va","Lexington",VA,24450,"Lexington",zip_nearest_county_centroid,0.6,0.0114,"ZCTA spans 3 counties; nearest county centroid is 2 km away, next is 5 km (margin 3 km) — OVERRODE the larger-by-land-area candidate"
"pickleball-360-indoor-studio-private-lexington-va","Lexington",VA,24450,"Lexington",zip_nearest_county_centroid,0.6,0.0114,"ZCTA spans 3 counties; nearest county centroid is 0 km away, next is 3 km (margin 3 km) — OVERRODE the larger-by-land-area candidate"
"lake-of-the-woods","Locust Grove",VA,22508,"Orange",zip_nearest_county_centroid,0.6,0.9019,"ZCTA spans 2 counties; nearest county centroid is 19 km away, next is 19 km (margin 1 km)"
"locust-grove-middle-school","Locust Grove",VA,22508,"Orange",zip_nearest_county_centroid,0.6,0.9019,"ZCTA spans 2 counties; nearest county centroid is 19 km away, next is 19 km (margin 1 km)"
"trevilians-elementary-school-tennis-courts","Louisa",VA,23093,"Louisa",zip_nearest_county_centroid,0.78,0.9494,"ZCTA spans 3 counties; nearest county centroid is 17 km away, next is 32 km (margin 15 km)"
"crosswhite-athletic-club","Lynchburg",VA,24502,"Lynchburg",zip_nearest_county_centroid,0.78,0.576,"ZCTA spans 3 counties; nearest county centroid is 5 km away, next is 23 km (margin 18 km)"
"fairview-center","Lynchburg",VA,24501,"Lynchburg",zip_nearest_county_centroid,0.78,0.3715,"ZCTA spans 2 counties; nearest county centroid is 5 km away, next is 19 km (margin 14 km) — OVERRODE the larger-by-land-area candidate"
"heritage-high-school-lynchburg-va","Lynchburg",VA,24502,"Lynchburg",zip_nearest_county_centroid,0.78,0.576,"ZCTA spans 3 counties; nearest county centroid is 4 km away, next is 20 km (margin 15 km)"
"heritage-united-methodist-church-lynchburg-va","Lynchburg",VA,24502,"Lynchburg",zip_nearest_county_centroid,0.78,0.576,"ZCTA spans 3 counties; nearest county centroid is 5 km away, next is 19 km (margin 14 km)"
"leesville-road-elementary-gym-lynchburg-va","Lynchburg",VA,24502,"Lynchburg",zip_nearest_county_centroid,0.78,0.576,"ZCTA spans 3 counties; nearest county centroid is 8 km away, next is 17 km (margin 9 km)"
"lynchburg-city-armory","Lynchburg",VA,24504,"Lynchburg",zip_nearest_county_centroid,0.78,0.1198,"ZCTA spans 3 counties; nearest county centroid is 5 km away, next is 23 km (margin 18 km) — OVERRODE the larger-by-land-area candidate"
"miller-park-lynchburg-va","Lynchburg",VA,24501,"Lynchburg",zip_nearest_county_centroid,0.78,0.3715,"ZCTA spans 2 counties; nearest county centroid is 3 km away, next is 22 km (margin 19 km) — OVERRODE the larger-by-land-area candidate"
"pleasant-view-baptist-church-lynchburg-va","Lynchburg",VA,19278,"",none,0,,"ZIP has no ZCTA in the Census relationship file (often a PO-box or point ZIP)"
"tomahawk-elementary-school","Lynchburg",VA,24502,"Lynchburg",zip_nearest_county_centroid,0.78,0.576,"ZCTA spans 3 counties; nearest county centroid is 7 km away, next is 19 km (margin 12 km)"
"ymca-downtown-4371","Lynchburg",VA,24504,"Lynchburg",zip_nearest_county_centroid,0.78,0.1198,"ZCTA spans 3 counties; nearest county centroid is 5 km away, next is 23 km (margin 18 km) — OVERRODE the larger-by-land-area candidate"
"ymca-jamerson","Lynchburg",VA,24504,"Lynchburg",zip_nearest_county_centroid,0.78,0.1198,"ZCTA spans 3 counties; nearest county centroid is 6 km away, next is 21 km (margin 15 km) — OVERRODE the larger-by-land-area candidate"
"manassas-park-community-center","Manassas Park",VA,20111,"Manassas Park",zip_nearest_county_centroid,0.6,0.1849,"ZCTA spans 2 counties; nearest county centroid is 0 km away, next is 8 km (margin 8 km) — OVERRODE the larger-by-land-area candidate"
"cavalry-run-park-manassas-va","Manassas",VA,20110,"Manassas",zip_nearest_county_centroid,0.6,0.7668,"ZCTA spans 2 counties; nearest county centroid is 2 km away, next is 6 km (margin 5 km)"
"dean-park-manassas-va","Manassas",VA,20110,"Manassas",zip_nearest_county_centroid,0.6,0.7668,"ZCTA spans 2 counties; nearest county centroid is 1 km away, next is 5 km (margin 4 km)"
"dill-dinkers-manassas-f30030","Manassas",VA,,"",none,0,,"no postal_code"
"freedom-aquatic-and-fitness-center","Manassas",VA,20110,"Manassas",zip_nearest_county_centroid,0.6,0.7668,"ZCTA spans 2 counties; nearest county centroid is 1 km away, next is 6 km (margin 5 km)"
"george-c-round-elementary-school-manassas-va","Manassas",VA,10100,"",none,0,,"ZIP has no ZCTA in the Census relationship file (often a PO-box or point ZIP)"
"hellwig-george-hellwig-memorial-park-manassas-va","Manassas",VA,14420,"Monroe",zip_nearest_county_centroid,0,0.995,"derived county is in NY but the row says VA - ZIP or state is wrong"
"lee-manor-park-manassas-va","Manassas",VA,10290,"",none,0,,"ZIP has no ZCTA in the Census relationship file (often a PO-box or point ZIP)"
"manassas-park-community-center-manassas-va","Manassas",VA,20111,"Manassas Park",zip_nearest_county_centroid,0.6,0.1849,"ZCTA spans 2 counties; nearest county centroid is 2 km away, next is 9 km (margin 7 km) — OVERRODE the larger-by-land-area candidate"
"metz-middle-school-manassas-va","Manassas",VA,20110,"Manassas",zip_nearest_county_centroid,0.6,0.7668,"ZCTA spans 2 counties; nearest county centroid is 2 km away, next is 5 km (margin 3 km)"
"osbourn-high-school-manassas-va","Manassas",VA,20110,"Manassas",zip_nearest_county_centroid,0.6,0.7668,"ZCTA spans 2 counties; nearest county centroid is 1 km away, next is 5 km (margin 4 km)"
"stonewall-park-manassas-va","Manassas",VA,20110,"Manassas",zip_nearest_county_centroid,0.6,0.7668,"ZCTA spans 2 counties; nearest county centroid is 4 km away, next is 9 km (margin 5 km)"
"wellington-community-center-manassas-va","Manassas",VA,20110,"Manassas",zip_nearest_county_centroid,0.6,0.7668,"ZCTA spans 2 counties; nearest county centroid is 1 km away, next is 4 km (margin 3 km)"
"spruce-street-courts-outdoor-martinsville-va","Martinsville",VA,24112,"Martinsville",zip_nearest_county_centroid,0.78,0.0724,"ZCTA spans 3 counties; nearest county centroid is 1 km away, next is 13 km (margin 12 km) — OVERRODE the larger-by-land-area candidate"
"ymca-martinsville-va","Martinsville",VA,24112,"Martinsville",zip_nearest_county_centroid,0.78,0.0724,"ZCTA spans 3 counties; nearest county centroid is 1 km away, next is 12 km (margin 11 km) — OVERRODE the larger-by-land-area candidate"
"lewinsville-park","McLean",VA,22101,"Arlington",zip_nearest_county_centroid,0.6,0.0051,"ZCTA spans 2 counties; nearest county centroid is 10 km away, next is 13 km (margin 3 km) — OVERRODE the larger-by-land-area candidate"
"linway-terrace-mclean-va","McLean",VA,22101,"Arlington",zip_nearest_county_centroid,0.78,0.0051,"ZCTA spans 2 counties; nearest county centroid is 7 km away, next is 15 km (margin 8 km) — OVERRODE the larger-by-land-area candidate"
"linway-terrace-park","McLean",VA,22101,"Arlington",zip_nearest_county_centroid,0.6,0.0051,"ZCTA spans 2 counties; nearest county centroid is 7 km away, next is 15 km (margin 8 km) — OVERRODE the larger-by-land-area candidate"
"mclean-central-park","McLean",VA,22101,"Arlington",zip_nearest_county_centroid,0.6,0.0051,"ZCTA spans 2 counties; nearest county centroid is 9 km away, next is 14 km (margin 5 km) — OVERRODE the larger-by-land-area candidate"
"chesterfield-technical-center-midlothian-midlothian-va","Midlothian",VA,13900,"",none,0,,"ZIP has no ZCTA in the Census relationship file (often a PO-box or point ZIP)"
"st-mark-s-united-methodist-church-midlothian-va","Midlothian",VA,11551,"",none,0,,"ZIP has no ZCTA in the Census relationship file (often a PO-box or point ZIP)"
"swift-creek-middle-school","Midlothian",VA,,"",none,0,,"no postal_code"
"woodlake-community-fitness-center","Midlothian",VA,23112,"Chesterfield",zip_nearest_county_centroid,0.78,0.9926,"ZCTA spans 2 counties; nearest county centroid is 15 km away, next is 24 km (margin 8 km)"
"sml-ymca-tennis-court-a-moneta-va","Moneta",VA,24121,"Bedford",zip_nearest_county_centroid,0.78,0.7839,"ZCTA spans 2 counties; nearest county centroid is 16 km away, next is 32 km (margin 17 km)"
"sml-ymca-tennis-courts-moneta-va","Moneta",VA,24121,"Bedford",zip_nearest_county_centroid,0.78,0.7839,"ZCTA spans 2 counties; nearest county centroid is 16 km away, next is 32 km (margin 17 km)"
"montclair-tennis-club-montclair-va","Montclair",VA,16225,"",none,0,,"ZIP has no ZCTA in the Census relationship file (often a PO-box or point ZIP)"
"hanover-parks-and-rec-the-barn-montpelier-va","Montpelier",VA,15302,"",none,0,,"ZIP has no ZCTA in the Census relationship file (often a PO-box or point ZIP)"
"westmoreland-ymca","Montross",VA,22520,"Westmoreland",zip_nearest_county_centroid,0.78,0.9739,"ZCTA spans 2 counties; nearest county centroid is 3 km away, next is 19 km (margin 16 km)"
"midlothian-athletic-club-mac","N. Chesterfield",VA,23235,"Richmond",zip_nearest_county_centroid,0.6,0.2636,"ZCTA spans 2 counties; nearest county centroid is 11 km away, next is 15 km (margin 4 km) — OVERRODE the larger-by-land-area candidate"
"randy-custis-memorial-park-nassawadox-va","Nassawadox",VA,10239,"",none,0,,"ZIP has no ZCTA in the Census relationship file (often a PO-box or point ZIP)"
"hr-sportsplex","Newport News",VA,23605,"Newport News",zip_nearest_county_centroid,0.6,0.8495,"ZCTA spans 2 counties; nearest county centroid is 10 km away, next is 13 km (margin 3 km)"
"huntington-park-tennis-center-newport-news-va","Newport News",VA,23607,"Newport News",zip_nearest_county_centroid,0.6,0.9997,"ZCTA spans 2 counties; nearest county centroid is 9 km away, next is 14 km (margin 5 km)"
"huguenot-park","North Chesterfield",VA,23235,"Richmond",zip_nearest_county_centroid,0.6,0.2636,"ZCTA spans 2 counties; nearest county centroid is 11 km away, next is 15 km (margin 4 km) — OVERRODE the larger-by-land-area candidate"
"onley-pool-onley-va","Onley",VA,26136,"Calhoun",zip_single_county,0,1,"derived county is in WV but the row says VA - ZIP or state is wrong"
"ymca-onley-va","Onley",VA,26164,"Wood",zip_nearest_county_centroid,0,0.0281,"derived county is in WV but the row says VA - ZIP or state is wrong"
"taylor-education-administration-complex-orange-va","Orange",VA,22960,"Orange",zip_nearest_county_centroid,0.78,0.8037,"ZCTA spans 3 counties; nearest county centroid is 10 km away, next is 24 km (margin 14 km)"
"parksley-park-parksley-va","Parksley",VA,18484,"",none,0,,"ZIP has no ZCTA in the Census relationship file (often a PO-box or point ZIP)"
"waters-edge-country-club-penhook-va","Penhook",VA,24137,"Franklin",zip_nearest_county_centroid,0.6,0.8023,"ZCTA spans 2 counties; nearest county centroid is 22 km away, next is 28 km (margin 6 km)"
"6th-st-park-pulaski-va","Pulaski",VA,24141,"Pulaski",zip_nearest_county_centroid,0.6,0.473,"ZCTA spans 4 counties; nearest county centroid is 6 km away, next is 12 km (margin 6 km)"
"bisset-park-radford-va","Radford",VA,24141,"Radford",zip_nearest_county_centroid,0.78,0.1458,"ZCTA spans 4 counties; nearest county centroid is 2 km away, next is 15 km (margin 13 km) — OVERRODE the larger-by-land-area candidate"
"blackhawk-pickleball-courts-radford-va","Radford",VA,24141,"Radford",zip_nearest_county_centroid,0.78,0.1458,"ZCTA spans 4 counties; nearest county centroid is 2 km away, next is 14 km (margin 12 km) — OVERRODE the larger-by-land-area candidate"
"radford-recreation-center","Radford",VA,24141,"Radford",zip_nearest_county_centroid,0.78,0.1458,"ZCTA spans 4 counties; nearest county centroid is 2 km away, next is 15 km (margin 12 km) — OVERRODE the larger-by-land-area candidate"
"autumnwood-reston-reston-va","Reston",VA,11950,"Suffolk",zip_single_county,0,1,"derived county is in NY but the row says VA - ZIP or state is wrong"
"lake-newport-courts-reston-reston-va","Reston",VA,11452,"",none,0,,"ZIP has no ZCTA in the Census relationship file (often a PO-box or point ZIP)"
"bill-robinson-park","Richmond",VA,23223,"Richmond",zip_nearest_county_centroid,0.6,0.2339,"ZCTA spans 2 counties; nearest county centroid is 6 km away, next is 14 km (margin 7 km) — OVERRODE the larger-by-land-area candidate"
"bon-air-baptist-church-chesterfield-county","Richmond",VA,23235,"Richmond",zip_nearest_county_centroid,0.78,0.2636,"ZCTA spans 2 counties; nearest county centroid is 7 km away, next is 17 km (margin 10 km) — OVERRODE the larger-by-land-area candidate"
"boushall-middle-school","Richmond",VA,23224,"Richmond",zip_nearest_county_centroid,0.78,0.9447,"ZCTA spans 2 counties; nearest county centroid is 7 km away, next is 15 km (margin 8 km)"
"broad-rock-sports-complex","Richmond",VA,23234,"Richmond",zip_nearest_county_centroid,0.78,0.3733,"ZCTA spans 2 counties; nearest county centroid is 5 km away, next is 15 km (margin 10 km) — OVERRODE the larger-by-land-area candidate"
"bryan-park","Richmond",VA,23227,"Richmond",zip_nearest_county_centroid,0.78,0.2669,"ZCTA spans 2 counties; nearest county centroid is 6 km away, next is 23 km (margin 16 km) — OVERRODE the larger-by-land-area candidate"
"bryan-park-richmond-richmond-va","Richmond",VA,23227,"Richmond",zip_nearest_county_centroid,0.78,0.2669,"ZCTA spans 2 counties; nearest county centroid is 4 km away, next is 16 km (margin 13 km) — OVERRODE the larger-by-land-area candidate"
"dill-dinkers-richmond-f10028","Richmond",VA,23233,"Henrico",zip_nearest_county_centroid,0.78,0.7305,"ZCTA spans 2 counties; nearest county centroid is 22 km away, next is 42 km (margin 20 km)"
"downtown-richmond-ymca","Richmond",VA,,"",none,0,,"no postal_code"
"forest-hill-park","Richmond",VA,23235,"Richmond",zip_nearest_county_centroid,0.78,0.2636,"ZCTA spans 2 counties; nearest county centroid is 1 km away, next is 19 km (margin 17 km) — OVERRODE the larger-by-land-area candidate"
"forrest-hill-park-richmond-richmond-va","Richmond",VA,23225,"Richmond",zip_nearest_county_centroid,0.78,0.8054,"ZCTA spans 2 counties; nearest county centroid is 1 km away, next is 19 km (margin 17 km)"
"hotchkiss-community-center","Richmond",VA,23222,"Richmond",zip_nearest_county_centroid,0.78,0.4152,"ZCTA spans 2 counties; nearest county centroid is 6 km away, next is 18 km (margin 12 km) — OVERRODE the larger-by-land-area candidate"
"hotchkiss-field","Richmond",VA,23222,"Richmond",zip_nearest_county_centroid,0.78,0.4152,"ZCTA spans 2 counties; nearest county centroid is 6 km away, next is 18 km (margin 12 km) — OVERRODE the larger-by-land-area candidate"
"huguenot-park-pickleball-courts-richmond-richmond-va","Richmond",VA,23235,"Richmond",zip_nearest_county_centroid,0.6,0.2636,"ZCTA spans 2 counties; nearest county centroid is 11 km away, next is 15 km (margin 4 km) — OVERRODE the larger-by-land-area candidate"
"manchester-ymca","Richmond",VA,,"",none,0,,"no postal_code"
"powhatan-hill-park","Richmond",VA,23222,"Richmond",zip_nearest_county_centroid,0.6,0.4152,"ZCTA spans 2 counties; nearest county centroid is 7 km away, next is 13 km (margin 6 km) — OVERRODE the larger-by-land-area candidate"
"ramsey-memorial-united-methodist-church","Richmond",VA,23224,"Richmond",zip_nearest_county_centroid,0.78,0.9447,"ZCTA spans 2 counties; nearest county centroid is 6 km away, next is 14 km (margin 8 km)"
"southside-community-center-sports-complex","Richmond",VA,23224,"Richmond",zip_nearest_county_centroid,0.78,0.9447,"ZCTA spans 2 counties; nearest county centroid is 5 km away, next is 15 km (margin 10 km)"
"u-turn-sports","Richmond",VA,23230,"Richmond",zip_nearest_county_centroid,0.78,0.2837,"ZCTA spans 2 counties; nearest county centroid is 6 km away, next is 23 km (margin 17 km) — OVERRODE the larger-by-land-area candidate"
"weinstein-jcc","Richmond",VA,23226,"Richmond",zip_nearest_county_centroid,0.78,0.5575,"ZCTA spans 2 counties; nearest county centroid is 6 km away, next is 24 km (margin 18 km)"
"town-of-ridgeway-athletic-park","Ridgeway",VA,,"",none,0,,"no postal_code"
"blue-ridge-park-roanoke-va","Roanoke",VA,24012,"Roanoke",zip_nearest_county_centroid,0.78,0.4934,"ZCTA spans 3 counties; nearest county centroid is 6 km away, next is 22 km (margin 16 km)"
"bonsack-rec-center-roanoke-va","Roanoke",VA,24019,"Roanoke",zip_nearest_county_centroid,0.78,0.1031,"ZCTA spans 3 counties; nearest county centroid is 10 km away, next is 27 km (margin 18 km) — OVERRODE the larger-by-land-area candidate"
"bumc-bonsack-united-methodist-church-gym","Roanoke",VA,24012,"Roanoke",zip_nearest_county_centroid,0.78,0.4934,"ZCTA spans 3 counties; nearest county centroid is 9 km away, next is 28 km (margin 19 km)"
"carilion-wellness-botetourt-roanoke-va","Roanoke",VA,24019,"Roanoke",zip_nearest_county_centroid,0.78,0.1031,"ZCTA spans 3 counties; nearest county centroid is 11 km away, next is 25 km (margin 14 km) — OVERRODE the larger-by-land-area candidate"
"carilion-wellness-starkey-rd-rac-roanoke-va","Roanoke",VA,24018,"Roanoke",zip_nearest_county_centroid,0.78,0.0618,"ZCTA spans 2 counties; nearest county centroid is 7 km away, next is 22 km (margin 15 km) — OVERRODE the larger-by-land-area candidate"
"carter-athletic-center","Roanoke",VA,24018,"Roanoke",zip_nearest_county_centroid,0.78,0.0618,"ZCTA spans 2 counties; nearest county centroid is 7 km away, next is 20 km (margin 13 km) — OVERRODE the larger-by-land-area candidate"
"fishburn-park-roanoke-va","Roanoke",VA,24015,"Roanoke",zip_nearest_county_centroid,0.78,0.9688,"ZCTA spans 2 counties; nearest county centroid is 4 km away, next is 21 km (margin 17 km)"
"garst-mill-park","Roanoke",VA,24018,"Roanoke",zip_nearest_county_centroid,0.78,0.0618,"ZCTA spans 2 counties; nearest county centroid is 6 km away, next is 19 km (margin 13 km) — OVERRODE the larger-by-land-area candidate"
"green-ridge-recreation-center","Roanoke",VA,24019,"Roanoke",zip_nearest_county_centroid,0.78,0.1031,"ZCTA spans 3 counties; nearest county centroid is 7 km away, next is 17 km (margin 10 km) — OVERRODE the larger-by-land-area candidate"
"hollins-road-baptist-church-roanoke-va","Roanoke",VA,24019,"Roanoke",zip_nearest_county_centroid,0.78,0.1031,"ZCTA spans 3 counties; nearest county centroid is 4 km away, next is 24 km (margin 19 km) — OVERRODE the larger-by-land-area candidate"
"hunting-hills-country-club-roanoke-va","Roanoke",VA,24018,"Roanoke",zip_nearest_county_centroid,0.78,0.0618,"ZCTA spans 2 counties; nearest county centroid is 7 km away, next is 23 km (margin 16 km) — OVERRODE the larger-by-land-area candidate"
"oak-grove-park-roanoke-va","Roanoke",VA,24018,"Roanoke",zip_nearest_county_centroid,0.78,0.0618,"ZCTA spans 2 counties; nearest county centroid is 8 km away, next is 17 km (margin 9 km) — OVERRODE the larger-by-land-area candidate"
"performance-pickleball-roa-roanoke-va","Roanoke",VA,24019,"Roanoke",zip_nearest_county_centroid,0.78,0.1031,"ZCTA spans 3 counties; nearest county centroid is 4 km away, next is 19 km (margin 15 km) — OVERRODE the larger-by-land-area candidate"
"preston-park-roanoke-va","Roanoke",VA,24012,"Roanoke",zip_nearest_county_centroid,0.78,0.4934,"ZCTA spans 3 counties; nearest county centroid is 4 km away, next is 22 km (margin 18 km)"
"raleigh-court-park-roanoke-va","Roanoke",VA,24015,"Roanoke",zip_nearest_county_centroid,0.78,0.9688,"ZCTA spans 2 counties; nearest county centroid is 3 km away, next is 20 km (margin 17 km)"
"shrine-hill-park-roanoke-va","Roanoke",VA,24015,"Roanoke",zip_nearest_county_centroid,0.78,0.9688,"ZCTA spans 2 counties; nearest county centroid is 3 km away, next is 20 km (margin 17 km)"
"virginia-western-community-college-roanoke-va","Roanoke",VA,24015,"Roanoke",zip_nearest_county_centroid,0.78,0.9688,"ZCTA spans 2 counties; nearest county centroid is 4 km away, next is 22 km (margin 18 km)"
"walrond-park","Roanoke",VA,24019,"Roanoke",zip_nearest_county_centroid,0.78,0.1031,"ZCTA spans 3 counties; nearest county centroid is 8 km away, next is 20 km (margin 12 km) — OVERRODE the larger-by-land-area candidate"
"ymca-at-tanglewood-roanoke-va","Roanoke",VA,24018,"Roanoke",zip_nearest_county_centroid,0.78,0.0618,"ZCTA spans 2 counties; nearest county centroid is 6 km away, next is 22 km (margin 16 km) — OVERRODE the larger-by-land-area candidate"
"ruckersville-elementary-school-open-to-the-public","Ruckersville",VA,22968,"Greene",zip_nearest_county_centroid,0.78,0.9102,"ZCTA spans 3 counties; nearest county centroid is 9 km away, next is 28 km (margin 19 km)"
"ruckersville-pickleball-open-to-the-public-ruckersville-va","Ruckersville",VA,22968,"Greene",zip_nearest_county_centroid,0.78,0.9102,"ZCTA spans 3 counties; nearest county centroid is 11 km away, next is 28 km (margin 17 km)"
"ymca-caroline-family","Ruther Glen",VA,22546,"Caroline",zip_nearest_county_centroid,0.6,0.9385,"ZCTA spans 3 counties; nearest county centroid is 14 km away, next is 20 km (margin 7 km)"
"hidden-valley-country-club-salem-va","Salem",VA,24153,"Salem",zip_nearest_county_centroid,0.78,0.1434,"ZCTA spans 3 counties; nearest county centroid is 3 km away, next is 15 km (margin 12 km) — OVERRODE the larger-by-land-area candidate"
"moyer-sports-complex-salem-va","Salem",VA,24153,"Salem",zip_nearest_county_centroid,0.78,0.1434,"ZCTA spans 3 counties; nearest county centroid is 0 km away, next is 13 km (margin 13 km) — OVERRODE the larger-by-land-area candidate"
"oakey-field-complex-salem-va","Salem",VA,24153,"Salem",zip_nearest_county_centroid,0.78,0.1434,"ZCTA spans 3 counties; nearest county centroid is 1 km away, next is 13 km (margin 12 km) — OVERRODE the larger-by-land-area candidate"
"salem-family-ymca","Salem",VA,24153,"Salem",zip_nearest_county_centroid,0.78,0.1434,"ZCTA spans 3 counties; nearest county centroid is 1 km away, next is 14 km (margin 13 km) — OVERRODE the larger-by-land-area candidate"
"salem-outdoor","Salem",VA,24153,"Salem",zip_nearest_county_centroid,0.78,0.1434,"ZCTA spans 3 counties; nearest county centroid is 1 km away, next is 13 km (margin 12 km) — OVERRODE the larger-by-land-area candidate"
"stonegate-swim-and-tennis","Salem",VA,24153,"Salem",zip_nearest_county_centroid,0.78,0.1434,"ZCTA spans 3 counties; nearest county centroid is 2 km away, next is 11 km (margin 9 km) — OVERRODE the larger-by-land-area candidate"
"scottsville-open-to-the-public-scottsville-va","Scottsville",VA,24590,"Fluvanna",zip_nearest_county_centroid,0.6,0.2844,"ZCTA spans 3 counties; nearest county centroid is 19 km away, next is 25 km (margin 6 km) — OVERRODE the larger-by-land-area candidate"
"shenandoah-courts-shenandoah-va","Shenandoah",VA,22849-1407,"Page",zip_nearest_county_centroid,0.6,0.8786,"ZCTA spans 2 counties; nearest county centroid is 19 km away, next is 23 km (margin 4 km)"
"town-of-shenandoah","Shenandoah",VA,22849,"Page",zip_nearest_county_centroid,0.78,0.8786,"ZCTA spans 2 counties; nearest county centroid is 27 km away, next is 47 km (margin 19 km)"
"the-waterfront-country-club","Smith Mountain Lake",VA,24121,"Bedford",zip_nearest_county_centroid,0.6,0.7839,"ZCTA spans 2 counties; nearest county centroid is 24 km away, next is 25 km (margin 0 km)"
"hooes-road-park","Springfield",VA,22161,"",none,0,,"ZIP has no ZCTA in the Census relationship file (often a PO-box or point ZIP)"
"pickleball-kingdom-springfield-va","Springfield",VA,,"",none,0,,"no postal_code"
"gypsy-hill-park-gym-staunton-va","Staunton",VA,24401,"Staunton",zip_nearest_county_centroid,0.6,0.1503,"ZCTA spans 2 counties; nearest county centroid is 2 km away, next is 6 km (margin 4 km) — OVERRODE the larger-by-land-area candidate"
"montgomery-hall-park","Staunton",VA,24401,"Staunton",zip_nearest_county_centroid,0.6,0.1503,"ZCTA spans 2 counties; nearest county centroid is 3 km away, next is 5 km (margin 2 km) — OVERRODE the larger-by-land-area candidate"
"staunton-augusta-family-ymca","Staunton",VA,24401,"Staunton",zip_nearest_county_centroid,0.6,0.1503,"ZCTA spans 2 counties; nearest county centroid is 0 km away, next is 7 km (margin 7 km) — OVERRODE the larger-by-land-area candidate"
"sherando-park-stephens-city-va","Stephens City",VA,22655,"Frederick",zip_nearest_county_centroid,0.6,0.9156,"ZCTA spans 2 counties; nearest county centroid is 14 km away, next is 19 km (margin 6 km)"
"the-picklr-sterling","Sterling",VA,,"",none,0,,"no postal_code"
"essex-intermediate-school","Tappahannock",VA,22560,"Essex",zip_nearest_county_centroid,0.78,0.8869,"ZCTA spans 2 counties; nearest county centroid is 6 km away, next is 23 km (margin 17 km)"
"river-fitness-center","Tappahannock",VA,,"",none,0,,"no postal_code"
"botetourt-country-club-troutville-va","Troutville",VA,24175,"Botetourt",zip_nearest_county_centroid,0.78,0.9529,"ZCTA spans 2 counties; nearest county centroid is 15 km away, next is 29 km (margin 14 km)"
"troutville-town-park-troutville-va","Troutville",VA,24175,"Botetourt",zip_nearest_county_centroid,0.78,0.9529,"ZCTA spans 2 counties; nearest county centroid is 18 km away, next is 29 km (margin 12 km)"
"zion-united-methodist-church","Troy",VA,22974,"Fluvanna",zip_nearest_county_centroid,0.78,0.7669,"ZCTA spans 3 counties; nearest county centroid is 14 km away, next is 25 km (margin 11 km)"
"capital-one-center-pickleball-tysons-va","Tysons",VA,,"",none,0,,"no postal_code"
"oakton-glen","Vienna",VA,,"",none,0,,"no postal_code"
"bayville-farms-park","Virginia Beach",VA,,"",none,0,,"no postal_code"
"red-wing-park","Virginia Beach",VA,23450,"",none,0,,"ZIP has no ZCTA in the Census relationship file (often a PO-box or point ZIP)"
"simon-family-jcc","Virginia Beach",VA,23462,"Norfolk",zip_nearest_county_centroid,0.6,0.0001,"ZCTA spans 2 counties; nearest county centroid is 13 km away, next is 13 km (margin 0 km) — OVERRODE the larger-by-land-area candidate"
"virginia-beach-middle-school","Virginia Beach",VA,23450,"",none,0,,"ZIP has no ZCTA in the Census relationship file (often a PO-box or point ZIP)"
"weyers-cave-community-center-weyers-cave-va","Weyers Cave",VA,24486,"Augusta",zip_nearest_county_centroid,0.6,0.9107,"ZCTA spans 2 counties; nearest county centroid is 24 km away, next is 25 km (margin 1 km)"
"greater-williamsburg-sports-and-events-center-williamsburg","Williamsburg",VA,,"",none,0,,"no postal_code"
"jamestown-high-school","Williamsburg",VA,23185,"Williamsburg",zip_nearest_county_centroid,0.6,0.1354,"ZCTA spans 4 counties; nearest county centroid is 3 km away, next is 8 km (margin 5 km) — OVERRODE the larger-by-land-area candidate"
"quarterpath-williamsburg-va","Williamsburg",VA,23188,"Williamsburg",zip_nearest_county_centroid,0.78,0.0122,"ZCTA spans 3 counties; nearest county centroid is 3 km away, next is 11 km (margin 9 km) — OVERRODE the larger-by-land-area candidate"
"quarterpath-recreation-center","Williamsburg",VA,23185,"Williamsburg",zip_nearest_county_centroid,0.78,0.1354,"ZCTA spans 4 counties; nearest county centroid is 2 km away, next is 11 km (margin 8 km) — OVERRODE the larger-by-land-area candidate"
"the-picklr-williamsburg","Williamsburg",VA,23185,"Williamsburg",zip_nearest_county_centroid,0.78,0.1354,"ZCTA spans 4 counties; nearest county centroid is 0 km away, next is 9 km (margin 8 km) — OVERRODE the larger-by-land-area candidate"
"veterans-park-williamsburg-va","Williamsburg",VA,23188,"Williamsburg",zip_nearest_county_centroid,0.6,0.0122,"ZCTA spans 3 counties; nearest county centroid is 3 km away, next is 6 km (margin 3 km) — OVERRODE the larger-by-land-area candidate"
"veterans-park-james-city-county","Williamsburg",VA,23188,"Williamsburg",zip_nearest_county_centroid,0.6,0.0122,"ZCTA spans 3 counties; nearest county centroid is 5 km away, next is 6 km (margin 2 km) — OVERRODE the larger-by-land-area candidate"
"willimsburg-indoor-sports-complex-wisc","Williamsburg",VA,23188,"James City",zip_nearest_county_centroid,0.6,0.7301,"ZCTA spans 3 counties; nearest county centroid is 1 km away, next is 8 km (margin 6 km)"
"wisc-williamsburg-va","Williamsburg",VA,23288,"",none,0,,"ZIP has no ZCTA in the Census relationship file (often a PO-box or point ZIP)"
"jim-barnett-recreation-center-war-memorial-building","Winchester",VA,22601,"Winchester",zip_nearest_county_centroid,0.6,0.9405,"ZCTA spans 2 counties; nearest county centroid is 2 km away, next is 10 km (margin 8 km)"
"jim-barnett-christianson-familyland-winchester-va","Winchester",VA,22601,"Winchester",zip_nearest_county_centroid,0.78,0.9405,"ZCTA spans 2 counties; nearest county centroid is 2 km away, next is 10 km (margin 8 km)"
"belmont-bay-community-courts-private-woodbridge-va","Woodbridge",VA,13000,"",none,0,,"ZIP has no ZCTA in the Census relationship file (often a PO-box or point ZIP)"
"eagles-pointe-private-woodbridge-va","Woodbridge",VA,16387,"",none,0,,"ZIP has no ZCTA in the Census relationship file (often a PO-box or point ZIP)"
"gar-field-high-school-woodbridge-va","Woodbridge",VA,14000,"",none,0,,"ZIP has no ZCTA in the Census relationship file (often a PO-box or point ZIP)"
"lake-ridge-middle-school-woodbridge-va","Woodbridge",VA,12350,"",none,0,,"ZIP has no ZCTA in the Census relationship file (often a PO-box or point ZIP)"
"montclair-country-club","Woodbridge",VA,22052,"",none,0,,"ZIP has no ZCTA in the Census relationship file (often a PO-box or point ZIP)"
"river-ridge-woodbridge-va","Woodbridge",VA,12410,"Ulster",zip_single_county,0,1,"derived county is in NY but the row says VA - ZIP or state is wrong"
"stonebridge-town-center-woodbridge-va","Woodbridge",VA,15201,"Allegheny",zip_single_county,0,1,"derived county is in PA but the row says VA - ZIP or state is wrong"
"veterans-memorial-park-woodbridge-va","Woodbridge",VA,14300,"",none,0,,"ZIP has no ZCTA in the Census relationship file (often a PO-box or point ZIP)"
"westridge-private-woodbridge-va","Woodbridge",VA,12649,"",none,0,,"ZIP has no ZCTA in the Census relationship file (often a PO-box or point ZIP)"
"spring-creek-members-and-guests-only-zion-crossroads-va","Zion Crossroads",VA,22942,"Louisa",zip_nearest_county_centroid,0.6,0.5189,"ZCTA spans 3 counties; nearest county centroid is 23 km away, next is 30 km (margin 7 km)"
"barre-recreation-park-barre-town-vt","Barre Town",VT,05641,"Washington",zip_nearest_county_centroid,0.6,0.6168,"ZCTA spans 2 counties; nearest county centroid is 15 km away, next is 20 km (margin 5 km)"
"recreation-area-athletic-complex-barre-town-vt","Barre Town",VT,05641,"Washington",zip_nearest_county_centroid,0.6,0.6168,"ZCTA spans 2 counties; nearest county centroid is 16 km away, next is 20 km (margin 5 km)"
"green-mountain-community-fitness-barre-barre-vt","Barre",VT,05641,"Washington",zip_nearest_county_centroid,0.78,0.6168,"ZCTA spans 2 counties; nearest county centroid is 12 km away, next is 24 km (margin 12 km)"
"smilie-elementary-school-bolton-vt","Bolton",VT,05676,"Chittenden",zip_nearest_county_centroid,0.6,0.21,"ZCTA spans 2 counties; nearest county centroid is 18 km away, next is 24 km (margin 6 km) — OVERRODE the larger-by-land-area candidate"
"otter-valley-north-campus-brandon-vt","Brandon",VT,05733,"Rutland",zip_nearest_county_centroid,0.6,0.6066,"ZCTA spans 2 counties; nearest county centroid is 23 km away, next is 24 km (margin 2 km)"
"winston-prouty-gymnasium-brattleboro-brattleboro-vt","Brattleboro",VT,50301,"",none,0,,"ZIP has no ZCTA in the Census relationship file (often a PO-box or point ZIP)"
"schmanska-park-burlington-vt","Burlington",VT,,"",none,0,,"no postal_code"
"cambridge-rec-center-cambridge-vt","Cambridge",VT,05444,"Lamoille",zip_nearest_county_centroid,0.78,0.603,"ZCTA spans 3 counties; nearest county centroid is 16 km away, next is 25 km (margin 9 km)"
"green-mountain-union-high-school-chester-chester-vt","Chester",VT,05143,"Windham",zip_nearest_county_centroid,0.6,0.2284,"ZCTA spans 2 counties; nearest county centroid is 32 km away, next is 34 km (margin 1 km) — OVERRODE the larger-by-land-area candidate"
"the-pinnacle-recreation-park-chester-chester-vt","Chester",VT,05143,"Windham",zip_nearest_county_centroid,0.6,0.2284,"ZCTA spans 2 counties; nearest county centroid is 32 km away, next is 34 km (margin 3 km) — OVERRODE the larger-by-land-area candidate"
"bayside-park-4449","Colchester",VT,,"",none,0,,"no postal_code"
"huntington-recreation-field-huntington-vt","Huntington",VT,05462,"Chittenden",zip_nearest_county_centroid,0.78,0.9988,"ZCTA spans 2 counties; nearest county centroid is 17 km away, next is 35 km (margin 18 km)"
"huntington-town-hall-huntington-vt","Huntington",VT,05462,"Chittenden",zip_nearest_county_centroid,0.78,0.9988,"ZCTA spans 2 counties; nearest county centroid is 20 km away, next is 33 km (margin 12 km)"
"lakeside-park-island-pond-island-pond-vt","Island Pond",VT,05846,"Essex",zip_nearest_county_centroid,0.78,0.9346,"ZCTA spans 2 counties; nearest county centroid is 15 km away, next is 29 km (margin 14 km)"
"cambridge-community-center-jeffersonville-vt","Jeffersonville",VT,05464,"Lamoille",zip_nearest_county_centroid,0.78,0.7561,"ZCTA spans 2 counties; nearest county centroid is 16 km away, next is 25 km (margin 9 km)"
"flood-brook-school-londonderry-vt","Londonderry",VT,,"",none,0,,"no postal_code"
"pingree-park","Londonderry",VT,05148,"Windham",zip_nearest_county_centroid,0.6,0.6344,"ZCTA spans 3 counties; nearest county centroid is 27 km away, next is 33 km (margin 6 km)"
"manchester-rec-manchester-vt","Manchester",VT,,"",none,0,,"no postal_code"
"bombardier-park-milton-vt","Milton",VT,05468,"Chittenden",zip_nearest_county_centroid,0.78,0.8281,"ZCTA spans 2 counties; nearest county centroid is 18 km away, next is 32 km (margin 14 km)"
"bombardier-park-east","Milton",VT,05468,"Chittenden",zip_nearest_county_centroid,0.78,0.8281,"ZCTA spans 2 counties; nearest county centroid is 19 km away, next is 30 km (margin 11 km)"
"randolph-tennis-and-pickleball-courts-randolph-vt","Randolph",VT,05060,"Orange",zip_nearest_county_centroid,0.78,0.8209,"ZCTA spans 3 counties; nearest county centroid is 26 km away, next is 39 km (margin 13 km)"
"browns-court-richmond-vt","Richmond",VT,04577,"",none,0,,"ZIP has no ZCTA in the Census relationship file (often a PO-box or point ZIP)"
"rochester-tennis-courts","Rochester",VT,,"",none,0,,"no postal_code"
"stratton-training-fitness-center-stfc-stratton-mountain-vt","Stratton Mountain",VT,,"",none,0,,"no postal_code"
"underhill-town-park-underhill-vt","Underhill",VT,05490,"",none,0,,"ZIP has no ZCTA in the Census relationship file (often a PO-box or point ZIP)"
"anderson-field","Waterbury",VT,05676,"Washington",zip_nearest_county_centroid,0.78,0.79,"ZCTA spans 2 counties; nearest county centroid is 14 km away, next is 29 km (margin 15 km)"
"baker-field-tennis-courts-wilmington-wilmington-vt","Wilmington",VT,05363,"Windham",zip_nearest_county_centroid,0.78,0.6574,"ZCTA spans 2 counties; nearest county centroid is 19 km away, next is 27 km (margin 8 km)"
"brook-bound-inn-padel","Wilmington",VT,05363,"Windham",zip_nearest_county_centroid,0.78,0.6574,"ZCTA spans 2 counties; nearest county centroid is 19 km away, next is 27 km (margin 8 km)"
"old-school-community-center-wilmington-wilmington-vt","Wilmington",VT,05363,"Windham",zip_nearest_county_centroid,0.78,0.6574,"ZCTA spans 2 counties; nearest county centroid is 19 km away, next is 27 km (margin 9 km)"
"federal-way-8th-ave-boys-girls-club-8th-ave-s-wa","8th Ave S",WA,30815,"Richmond",zip_nearest_county_centroid,0,0.7193,"derived county is in GA but the row says WA - ZIP or state is wrong"
"haller-middle-school-pickleball-courts","Arlington",WA,,"",none,0,,"no postal_code"
"rally-pickleball","Auburn",WA,,"",none,0,,"no postal_code"
"shaughnessy-park","Auburn",WA,98092,"Pierce",zip_nearest_county_centroid,0.6,0.0342,"ZCTA spans 2 counties; nearest county centroid is 27 km away, next is 35 km (margin 8 km) — OVERRODE the larger-by-land-area candidate"
"battle-point-founders-pickleball","Bainbridge Island",WA,,"",none,0,,"no postal_code"
"lewisville-regional-park-battleground-wa-battle-ground-wa","Battle Ground",WA,26411,"Doddridge",zip_nearest_county_centroid,0,0.9794,"derived county is in WV but the row says WA - ZIP or state is wrong"
"tukes-valley-middle-school-battle-ground-wa","Battle Ground",WA,20601,"Prince George's",zip_nearest_county_centroid,0,0.1608,"derived county is in MD but the row says WA - ZIP or state is wrong"
"bellevue-bellevue-club-bellevue-wa","Bellevue",WA,11200,"",none,0,,"ZIP has no ZCTA in the Census relationship file (often a PO-box or point ZIP)"
"bellevue-crossroads-community-center-bellevue-wa","Bellevue",WA,16000,"",none,0,,"ZIP has no ZCTA in the Census relationship file (often a PO-box or point ZIP)"
"bellevue-eastgate-park-bellevue-wa","Bellevue",WA,14500,"",none,0,,"ZIP has no ZCTA in the Census relationship file (often a PO-box or point ZIP)"
"bellevue-enatai-park-bellevue-wa","Bellevue",WA,10643,"",none,0,,"ZIP has no ZCTA in the Census relationship file (often a PO-box or point ZIP)"
"bellevue-gorin-tennis-bellevue-bellevue-wa","Bellevue",WA,13203,"Onondaga",zip_single_county,0,1,"derived county is in NY but the row says WA - ZIP or state is wrong"
"bellevue-highland-park-pickleball-and-tennis-courts","Bellevue",WA,14224,"Erie",zip_single_county,0,1,"derived county is in NY but the row says WA - ZIP or state is wrong"
"bellevue-norwood-village-neighborhood-park-bellevue-wa","Bellevue",WA,12309,"Schenectady",zip_nearest_county_centroid,0,0.815,"derived county is in NY but the row says WA - ZIP or state is wrong"
"bellevue-samena-swim-rec-club-bellevue-wa","Bellevue",WA,15231,"",none,0,,"ZIP has no ZCTA in the Census relationship file (often a PO-box or point ZIP)"
"bellevue-spiritridge-park-bellevue-wa","Bellevue",WA,16100,"",none,0,,"ZIP has no ZCTA in the Census relationship file (often a PO-box or point ZIP)"
"bellevue-the-church-of-jesus-christ-of-latter-day-saints","Bellevue",WA,14536,"Wyoming",zip_nearest_county_centroid,0,0.7946,"derived county is in NY but the row says WA - ZIP or state is wrong"
"bellevue-westminster-chapel-gym-bellevue-wa","Bellevue",WA,13646,"Jefferson",zip_nearest_county_centroid,0,0.0113,"derived county is in NY but the row says WA - ZIP or state is wrong"
"the-flying-pickle-seattle","Bellevue",WA,,"",none,0,,"no postal_code"
"lake-padden-park-bellingham-wa","Bellingham",WA,98229,"Whatcom",zip_nearest_county_centroid,0.78,0.9496,"ZCTA spans 2 counties; nearest county centroid is 48 km away, next is 57 km (margin 9 km)"
"sudden-valley-community-association-gate-2-bellingham-wa","Bellingham",WA,98229,"Whatcom",zip_nearest_county_centroid,0.78,0.9496,"ZCTA spans 2 counties; nearest county centroid is 48 km away, next is 57 km (margin 9 km)"
"sudden-valley-marina-bellingham-wa","Bellingham",WA,98229,"Whatcom",zip_nearest_county_centroid,0.78,0.9496,"ZCTA spans 2 counties; nearest county centroid is 48 km away, next is 57 km (margin 9 km)"
"sunrise-swim-racquet-club","Bellingham",WA,98229,"Whatcom",zip_nearest_county_centroid,0.78,0.9496,"ZCTA spans 2 counties; nearest county centroid is 44 km away, next is 54 km (margin 9 km)"
"bothell-northshore-senior-center-bothell-wa","Bothell",WA,10201,"",none,0,,"ZIP has no ZCTA in the Census relationship file (often a PO-box or point ZIP)"
"bothell-northshore-ymca-bothell-wa","Bothell",WA,11811,"",none,0,,"ZIP has no ZCTA in the Census relationship file (often a PO-box or point ZIP)"
"bothell-verdeaux-condominiums-bothell-wa","Bothell",WA,15730,"Jefferson",zip_single_county,0,1,"derived county is in PA but the row says WA - ZIP or state is wrong"
"bothell-william-penn-park-bothell-wa","Bothell",WA,19900,"",none,0,,"ZIP has no ZCTA in the Census relationship file (often a PO-box or point ZIP)"
"bothell-royal-oaks-park-bothell-wa","Bothell",WA,20155,"Prince William",zip_single_county,0,1,"derived county is in VA but the row says WA - ZIP or state is wrong"
"samish-island-park-bow-wa","Bow",WA,10836,"",none,0,,"ZIP has no ZCTA in the Census relationship file (often a PO-box or point ZIP)"
"fast-eddy-s-pickleball-brush-prairie-wa","Brush Prairie",WA,11808,"",none,0,,"ZIP has no ZCTA in the Census relationship file (often a PO-box or point ZIP)"
"hockinson-administration-building-brush-prairie-wa-brush","Brush Prairie",WA,17912,"",none,0,,"ZIP has no ZCTA in the Census relationship file (often a PO-box or point ZIP)"
"camas-high-school-camas-wa-camas-wa","Camas",WA,26900,"",none,0,,"ZIP has no ZCTA in the Census relationship file (often a PO-box or point ZIP)"
"mcmillan-s-home-court","Clarkston",WA,99403,"Asotin",zip_nearest_county_centroid,0.78,0.7993,"ZCTA spans 2 counties; nearest county centroid is 30 km away, next is 38 km (margin 8 km)"
"lincoln-rock-state-park-east-wenatchee-wa","East Wenatchee",WA,13253,"",none,0,,"ZIP has no ZCTA in the Census relationship file (often a PO-box or point ZIP)"
"frances-anderson-ctr","Edmonds",WA,,"",none,0,,"no postal_code"
"yost-park-pickeball-courts","Edmonds",WA,98920,"",none,0,,"ZIP has no ZCTA in the Census relationship file (often a PO-box or point ZIP)"
"elma-lds-elma-wa","Elma",WA,98541,"Grays Harbor",zip_nearest_county_centroid,0.78,0.5943,"ZCTA spans 2 counties; nearest county centroid is 34 km away, next is 43 km (margin 9 km)"
"dwight-garrett-park","Enumclaw",WA,98022,"Pierce",zip_nearest_county_centroid,0.78,0.3852,"ZCTA spans 2 counties; nearest county centroid is 21 km away, next is 34 km (margin 13 km) — OVERRODE the larger-by-land-area candidate"
"enumclaw-expo-center-activities-hall","Enumclaw",WA,98022,"Pierce",zip_nearest_county_centroid,0.78,0.3852,"ZCTA spans 2 counties; nearest county centroid is 21 km away, next is 34 km (margin 13 km) — OVERRODE the larger-by-land-area candidate"
"hour-fitness-4506","Everett Mill Creek",WA,,"",none,0,,"no postal_code"
"garfield-park-4505","Everett",WA,,"",none,0,,"no postal_code"
"mill-creek-family-ymca-everett-wa","Everett",WA,13723,"",none,0,,"ZIP has no ZCTA in the Census relationship file (often a PO-box or point ZIP)"
"the-picklr-federal-way","Federal Way",WA,,"",none,0,,"no postal_code"
"sandy-point-community-park","Ferndale",WA,,"",none,0,,"no postal_code"
"sji-cahill-court-in-friday-harbor-friday-harbor-wa","Friday Harbor",WA,97850,"Union",zip_single_county,0,1,"derived county is in OR but the row says WA - ZIP or state is wrong"
"doris-heritage-park-gig-harbor-wa","Gig Harbor",WA,10660,"",none,0,,"ZIP has no ZCTA in the Census relationship file (often a PO-box or point ZIP)"
"playground-of-dreams-kennewick","Kennewick",WA,,"",none,0,,"no postal_code"
"the-pacific-campus","Kennewick",WA,,"",none,0,,"no postal_code"
"covington-covington-community-park-kent-wa","Kent",WA,24253,"",none,0,,"ZIP has no ZCTA in the Census relationship file (often a PO-box or point ZIP)"
"happy-dell-park-kettle-falls-wa","Kettle Falls",WA,99141,"Stevens",zip_nearest_county_centroid,0.78,0.4672,"ZCTA spans 2 counties; nearest county centroid is 29 km away, next is 38 km (margin 10 km) — OVERRODE the larger-by-land-area candidate"
"eastside-tennis-center","Kirkland",WA,,"",none,0,,"no postal_code"
"kirkland-boys-and-girls-club-kirkland-wa","Kirkland",WA,10805,"Westchester",zip_single_county,0,1,"derived county is in NY but the row says WA - ZIP or state is wrong"
"kirkland-columbia-athletic-club-juanita-bay-kirkland-wa","Kirkland",WA,11450,"",none,0,,"ZIP has no ZCTA in the Census relationship file (often a PO-box or point ZIP)"
"kirkland-mark-twain-park-kirkland-wa","Kirkland",WA,10625,"",none,0,,"ZIP has no ZCTA in the Census relationship file (often a PO-box or point ZIP)"
"kirkland-north-kirkland-community-center-kirkland-wa","Kirkland",WA,12421,"Delaware",zip_single_county,0,1,"derived county is in NY but the row says WA - ZIP or state is wrong"
"lake-forest-park-horizon-view-park-court-2-lake-forest-park","Lake Forest Park",WA,19800,"",none,0,,"ZIP has no ZCTA in the Census relationship file (often a PO-box or point ZIP)"
"lake-forest-park-lake-forest-park-elementary-lake-forest","Lake Forest Park",WA,18560,"",none,0,,"ZIP has no ZCTA in the Census relationship file (often a PO-box or point ZIP)"
"lake-stevens-lundeen-park-lake-stevens-wa","Lake Stevens",WA,10020,"New York",zip_single_county,0,1,"derived county is in NY but the row says WA - ZIP or state is wrong"
"liberty-lake-athletic-club-liberty-lake-wa","Liberty Lake",WA,23410,"Accomack",zip_single_county,0,1,"derived county is in VA but the row says WA - ZIP or state is wrong"
"john-null-park","Longview",WA,98632,"Cowlitz",zip_nearest_county_centroid,0.78,0.9974,"ZCTA spans 2 counties; nearest county centroid is 22 km away, next is 40 km (margin 18 km)"
"longview-pickleball-club-at-vandercook-park","Longview",WA,98632,"Cowlitz",zip_nearest_county_centroid,0.78,0.9974,"ZCTA spans 2 counties; nearest county centroid is 21 km away, next is 41 km (margin 19 km)"
"vandercook-park-longview-wa","Longview",WA,98632,"Cowlitz",zip_nearest_county_centroid,0.78,0.9974,"ZCTA spans 2 counties; nearest county centroid is 21 km away, next is 41 km (margin 19 km)"
"ymca-longview-wa","Longview",WA,98633,"",none,0,,"ZIP has no ZCTA in the Census relationship file (often a PO-box or point ZIP)"
"maple-valley-summit-park-maple-valley-wa","Maple Valley",WA,23675,"",none,0,,"ZIP has no ZCTA in the Census relationship file (often a PO-box or point ZIP)"
"beerbower-park-mccleary-wa","McCleary",WA,98557,"Mason",zip_nearest_county_centroid,0.78,0.0213,"ZCTA spans 2 counties; nearest county centroid is 34 km away, next is 43 km (margin 9 km) — OVERRODE the larger-by-land-area candidate"
"mill-creek-highlands-park-mill-creek-wa","Mill Creek",WA,16123,"Lawrence",zip_nearest_county_centroid,0,0.1805,"derived county is in PA but the row says WA - ZIP or state is wrong"
"big-rock-pickleball-mount-vernon-wa","Mount Vernon",WA,15502,"Somerset",zip_single_county,0,1,"derived county is in PA but the row says WA - ZIP or state is wrong"
"mukilteo-mukilteo-family-ymca-mukilteo-wa","Mukilteo",WA,10601,"Westchester",zip_single_county,0,1,"derived county is in NY but the row says WA - ZIP or state is wrong"
"newcastle-coal-creek-family-ymca-newcastle-wa","Newcastle",WA,13750,"Otsego",zip_nearest_county_centroid,0,0.0942,"derived county is in NY but the row says WA - ZIP or state is wrong"
"ocean-park-elementary-school-ocean-park-wa","Ocean Park",WA,25701,"Cabell",zip_nearest_county_centroid,0,0.7407,"derived county is in WV but the row says WA - ZIP or state is wrong"
"ocean-park-retreat-center-locals-guests-ocean-park-wa","Ocean Park",WA,28511,"Carteret",zip_single_county,0,1,"derived county is in NC but the row says WA - ZIP or state is wrong"
"o-sullivan-sportsman-resort","Othello",WA,99344,"Franklin",zip_nearest_county_centroid,0.78,0.1566,"ZCTA spans 3 counties; nearest county centroid is 38 km away, next is 49 km (margin 11 km) — OVERRODE the larger-by-land-area candidate"
"elks-park","Port Angeles",WA,,"",none,0,,"no postal_code"
"jeffereson-elementary-school","Port Angeles",WA,,"",none,0,,"no postal_code"
"port-angeles-senior-center","Port Angeles",WA,,"",none,0,,"no postal_code"
"vern-burton-rec-center","Port Angeles",WA,,"",none,0,,"no postal_code"
"ymca-4546","Port Angeles",WA,,"",none,0,,"no postal_code"
"pickleball-kingdom-poulsbo-poulsbo-wa","Poulsbo",WA,21800,"",none,0,,"ZIP has no ZCTA in the Census relationship file (often a PO-box or point ZIP)"
"poulsbo-agate-pass-fitness-poulsbo-wa","Poulsbo",WA,15769,"",none,0,,"ZIP has no ZCTA in the Census relationship file (often a PO-box or point ZIP)"
"poulsbo-crosspoint-christian-school-formerly-gateway-school","Poulsbo",WA,18901,"Bucks",zip_single_county,0,1,"derived county is in PA but the row says WA - ZIP or state is wrong"
"poulsbo-first-lutheran-church-poulsbo-wa","Poulsbo",WA,18920,"Bucks",zip_single_county,0,1,"derived county is in PA but the row says WA - ZIP or state is wrong"
"gorin-tennis-redmond","Redmond",WA,,"",none,0,,"no postal_code"
"redmond-hartman-park-redmond-wa","Redmond",WA,17300,"",none,0,,"ZIP has no ZCTA in the Census relationship file (often a PO-box or point ZIP)"
"redmond-meadow-park-redmond-wa","Redmond",WA,10710,"Westchester",zip_single_county,0,1,"derived county is in NY but the row says WA - ZIP or state is wrong"
"redmond-old-redmond-schoolhouse-redmond-wa","Redmond",WA,16600,"",none,0,,"ZIP has no ZCTA in the Census relationship file (often a PO-box or point ZIP)"
"redmond-redmond-middle-school-redmond-wa","Redmond",WA,10055,"",none,0,,"ZIP has no ZCTA in the Census relationship file (often a PO-box or point ZIP)"
"westside-neighborhood-park","Redmond",WA,,"",none,0,,"no postal_code"
"renton-allen-park-renton-wa","Renton",WA,16516,"",none,0,,"ZIP has no ZCTA in the Census relationship file (often a PO-box or point ZIP)"
"renton-renton-family-first-community-center-renton-wa","Renton",WA,16200,"",none,0,,"ZIP has no ZCTA in the Census relationship file (often a PO-box or point ZIP)"
"sammamish-east-sammamish-park-sammamish-wa","Sammamish",WA,21300,"",none,0,,"ZIP has no ZCTA in the Census relationship file (often a PO-box or point ZIP)"
"sammamish-inglewood-middle-school-pickleball-and-tennis","Sammamish",WA,24120,"Carroll",zip_nearest_county_centroid,0,0.0881,"derived county is in VA but the row says WA - ZIP or state is wrong"
"seabeck-community-center-indoor-gym-seabeck-wa","Seabeck",WA,15565,"Somerset",zip_single_county,0,1,"derived county is in PA but the row says WA - ZIP or state is wrong"
"ballard-pickleball-club-seattle","Seattle",WA,,"",none,0,,"no postal_code"
"bitter-lake-community-center","Seattle",WA,,"",none,0,,"no postal_code"
"hiawatha-community-center","Seattle",WA,,"",none,0,,"no postal_code"
"meadowbrook-community-center","Seattle",WA,,"",none,0,,"no postal_code"
"pickle-at-the-palms-seattle","Seattle",WA,,"",none,0,,"no postal_code"
"rainier-community-center","Seattle",WA,,"",none,0,,"no postal_code"
"ravenna-eckstein-community-center","Seattle",WA,,"",none,0,,"no postal_code"
"seattle-lakeridge-playfield-pickleball-and-badminton-courts","Seattle",WA,10145,"",none,0,,"ZIP has no ZCTA in the Census relationship file (often a PO-box or point ZIP)"
"seattle-northgate-community-center-seattle-wa","Seattle",WA,10510,"Westchester",zip_single_county,0,1,"derived county is in NY but the row says WA - ZIP or state is wrong"
"the-picklr-fremont-seattle","Seattle",WA,,"",none,0,,"no postal_code"
"our-home-on-the-hill-sedro-woolley-wa","Sedro Woolley",WA,24497,"",none,0,,"ZIP has no ZCTA in the Census relationship file (often a PO-box or point ZIP)"
"boys-girls-clubs-of-the-olympic-peninsula-sequim-wa","Sequim",WA,98382,"Jefferson",zip_nearest_county_centroid,0.78,0.0671,"ZCTA spans 2 counties; nearest county centroid is 44 km away, next is 58 km (margin 14 km) — OVERRODE the larger-by-land-area candidate"
"carrie-blake-park","Sequim",WA,98382,"Jefferson",zip_nearest_county_centroid,0.78,0.0671,"ZCTA spans 2 counties; nearest county centroid is 45 km away, next is 60 km (margin 15 km) — OVERRODE the larger-by-land-area candidate"
"hastings-house","Sequim",WA,98382,"Jefferson",zip_nearest_county_centroid,0.78,0.0671,"ZCTA spans 2 counties; nearest county centroid is 44 km away, next is 58 km (margin 14 km) — OVERRODE the larger-by-land-area candidate"
"lavender-meadows-residents-only-sequim-wa","Sequim",WA,98382,"Jefferson",zip_nearest_county_centroid,0.78,0.0671,"ZCTA spans 2 counties; nearest county centroid is 44 km away, next is 58 km (margin 14 km) — OVERRODE the larger-by-land-area candidate"
"sequim-boys-girls-club","Sequim",WA,98382,"Jefferson",zip_nearest_county_centroid,0.78,0.0671,"ZCTA spans 2 counties; nearest county centroid is 44 km away, next is 58 km (margin 14 km) — OVERRODE the larger-by-land-area candidate"
"sunland-community-courts-sequim-wa","Sequim",WA,98382,"Jefferson",zip_nearest_county_centroid,0.78,0.0671,"ZCTA spans 2 counties; nearest county centroid is 43 km away, next is 59 km (margin 16 km) — OVERRODE the larger-by-land-area candidate"
"ymca-of-sequim-sequim-wa","Sequim",WA,98382,"Jefferson",zip_nearest_county_centroid,0.78,0.0671,"ZCTA spans 2 counties; nearest county centroid is 44 km away, next is 58 km (margin 14 km) — OVERRODE the larger-by-land-area candidate"
"shoreline-dale-turner-family-ymca-shoreline-wa","Shoreline",WA,19290,"",none,0,,"ZIP has no ZCTA in the Census relationship file (often a PO-box or point ZIP)"
"shoreline-meridian-park-elementary-shoreline-wa","Shoreline",WA,17077,"Lebanon",zip_single_county,0,1,"derived county is in PA but the row says WA - ZIP or state is wrong"
"central-kitsap-high-school-silverdale-wa","Silverdale",WA,10140,"",none,0,,"ZIP has no ZCTA in the Census relationship file (often a PO-box or point ZIP)"
"haselwood-family-ymca","Silverdale",WA,,"",none,0,,"no postal_code"
"snohomish-boys-girls-club","Snohomish",WA,,"",none,0,,"no postal_code"
"snoqualmie-community-park-snoqualmie-wa","Snoqualmie",WA,35016,"Morgan",zip_nearest_county_centroid,0,0.0455,"derived county is in AL but the row says WA - ZIP or state is wrong"
"swenson-park-snoqualmie-wa","Snoqualmie",WA,35007,"Shelby",zip_single_county,0,1,"derived county is in AL but the row says WA - ZIP or state is wrong"
"muv-fitness-valley-spokane-valley-wa","Spokane Valley",WA,14927,"",none,0,,"ZIP has no ZCTA in the Census relationship file (often a PO-box or point ZIP)"
"covenant-united-methodist-church-spokane-wa","Spokane",WA,15515,"",none,0,,"ZIP has no ZCTA in the Census relationship file (often a PO-box or point ZIP)"
"moran-prairie-elementary","Spokane",WA,99220,"",none,0,,"ZIP has no ZCTA in the Census relationship file (often a PO-box or point ZIP)"
"church-creek-park","Stanwood",WA,98292,"Snohomish",zip_nearest_county_centroid,0.6,0.9894,"ZCTA spans 2 counties; nearest county centroid is 48 km away, next is 48 km (margin 0 km)"
"heritage-park-pickleball-courts","Stanwood",WA,98292,"Skagit",zip_nearest_county_centroid,0.6,0.0106,"ZCTA spans 2 counties; nearest county centroid is 49 km away, next is 49 km (margin 0 km) — OVERRODE the larger-by-land-area candidate"
"lincoln-high-school-stanwood-wa","Stanwood",WA,98292,"Snohomish",zip_nearest_county_centroid,0.6,0.9894,"ZCTA spans 2 counties; nearest county centroid is 47 km away, next is 48 km (margin 0 km)"
"stanwood-heritage-park-stanwood-wa","Stanwood",WA,98292,"Skagit",zip_nearest_county_centroid,0.6,0.0106,"ZCTA spans 2 counties; nearest county centroid is 47 km away, next is 47 km (margin 0 km) — OVERRODE the larger-by-land-area candidate"
"warm-beach-community-association","Stanwood",WA,98292,"Snohomish",zip_nearest_county_centroid,0.6,0.9894,"ZCTA spans 2 counties; nearest county centroid is 49 km away, next is 49 km (margin 0 km)"
"south-hill-park-sunnyside-wa","Sunnyside",WA,98944,"Benton",zip_nearest_county_centroid,0.78,0.7279,"ZCTA spans 2 counties; nearest county centroid is 39 km away, next is 58 km (margin 19 km)"
"brown-s-point-aka-curly-slide-park-tacoma-tacoma-wa","Tacoma",WA,98422,"Pierce",zip_nearest_county_centroid,0.78,0.9806,"ZCTA spans 2 counties; nearest county centroid is 35 km away, next is 50 km (margin 15 km)"
"browns-point-elementary-school","Tacoma",WA,98422,"Pierce",zip_nearest_county_centroid,0.78,0.9806,"ZCTA spans 2 counties; nearest county centroid is 35 km away, next is 49 km (margin 14 km)"
"eastside-community-center","Tacoma",WA,98401,"",none,0,,"ZIP has no ZCTA in the Census relationship file (often a PO-box or point ZIP)"
"meeker-middle-school","Tacoma",WA,98422,"Pierce",zip_nearest_county_centroid,0.78,0.9806,"ZCTA spans 2 counties; nearest county centroid is 33 km away, next is 48 km (margin 15 km)"
"people-s-community-center","Tacoma",WA,98401,"",none,0,,"ZIP has no ZCTA in the Census relationship file (often a PO-box or point ZIP)"
"star-center-11856","Tacoma",WA,98401,"",none,0,,"ZIP has no ZCTA in the Census relationship file (often a PO-box or point ZIP)"
"tacoma-center-ymca","Tacoma",WA,98401,"",none,0,,"ZIP has no ZCTA in the Census relationship file (often a PO-box or point ZIP)"
"the-center-at-norpoint","Tacoma",WA,98422,"Pierce",zip_nearest_county_centroid,0.78,0.9806,"ZCTA spans 2 counties; nearest county centroid is 34 km away, next is 48 km (margin 14 km)"
"thorp-high-school-thorp-wa","Thorp",WA,10831,"",none,0,,"ZIP has no ZCTA in the Census relationship file (often a PO-box or point ZIP)"
"tukwila-crystal-springs-park-tukwila-wa","Tukwila",WA,15832,"Elk",zip_nearest_county_centroid,0,0.1074,"derived county is in PA but the row says WA - ZIP or state is wrong"
"tukwila-joseph-foster-memorial-park-tukwila-wa","Tukwila",WA,13919,"",none,0,,"ZIP has no ZCTA in the Census relationship file (often a PO-box or point ZIP)"
"tukwila-tukwila-park-tukwila-wa","Tukwila",WA,15460,"Fayette",zip_single_county,0,1,"derived county is in PA but the row says WA - ZIP or state is wrong"
"cascade-middle-school-vancouver-wa-vancouver-wa","Vancouver",WA,13900,"",none,0,,"ZIP has no ZCTA in the Census relationship file (often a PO-box or point ZIP)"
"clark-county-family-ymca-vancouver-wa-vancouver-wa","Vancouver",WA,11324,"",none,0,,"ZIP has no ZCTA in the Census relationship file (often a PO-box or point ZIP)"
"conboy-basketball-pickleball-vancouver-wa-vancouver-wa","Vancouver",WA,16303,"",none,0,,"ZIP has no ZCTA in the Census relationship file (often a PO-box or point ZIP)"
"evergreen-high-school-vancouver-wa-vancouver-wa","Vancouver",WA,14300,"",none,0,,"ZIP has no ZCTA in the Census relationship file (often a PO-box or point ZIP)"
"lds-church-18th-street-vancouver-wa-vancouver-wa","Vancouver",WA,18214,"Schuylkill",zip_single_county,0,1,"derived county is in PA but the row says WA - ZIP or state is wrong"
"lds-church-vancouver-vancouver-wa","Vancouver",WA,14219,"Erie",zip_single_county,0,1,"derived county is in NY but the row says WA - ZIP or state is wrong"
"private-open-house-ministries-gym-vancouver-wa","Vancouver",WA,98680,"",none,0,,"ZIP has no ZCTA in the Census relationship file (often a PO-box or point ZIP)"
"vashon-country-club-vashon-wa","Vashon",WA,24615,"",none,0,,"ZIP has no ZCTA in the Census relationship file (often a PO-box or point ZIP)"
"rheingarten-park-white-salmon-wa-white-salmon-wa","White Salmon",WA,98672,"Skamania",zip_nearest_county_centroid,0.78,0.0429,"ZCTA spans 2 counties; nearest county centroid is 49 km away, next is 57 km (margin 8 km) — OVERRODE the larger-by-land-area candidate"
"cottage-lake-park-woodinville-wa","Woodinville",WA,18831,"Bradford",zip_single_county,0,1,"derived county is in PA but the row says WA - ZIP or state is wrong"
"woodinville-woodin-creek-park-woodinville-wa","Woodinville",WA,98072,"King",zip_nearest_county_centroid,0.6,0.7219,"ZCTA spans 2 counties; nearest county centroid is 38 km away, next is 44 km (margin 6 km)"
"woodinville-woodinville-sports-club-woodinville-wa","Woodinville",WA,15327,"Greene",zip_single_county,0,1,"derived county is in PA but the row says WA - ZIP or state is wrong"
"woodland-community-pickleball-courts-woodland-wa","Woodland",WA,98674,"Clark",zip_nearest_county_centroid,0.6,0.367,"ZCTA spans 2 counties; nearest county centroid is 25 km away, next is 33 km (margin 8 km) — OVERRODE the larger-by-land-area candidate"
"allenton-pickle-ball-courts","Allenton",WI,53002,"Washington",zip_nearest_county_centroid,0.78,0.9793,"ZCTA spans 2 counties; nearest county centroid is 9 km away, next is 29 km (margin 20 km)"
"green-meadows-appleton-wi","Appleton",WI,54915,"Outagamie",zip_nearest_county_centroid,0.6,0.4422,"ZCTA spans 3 counties; nearest county centroid is 22 km away, next is 22 km (margin 1 km) — OVERRODE the larger-by-land-area candidate"
"hickory-park-appleton-wi","Appleton",WI,54915,"Calumet",zip_nearest_county_centroid,0.6,0.4996,"ZCTA spans 3 counties; nearest county centroid is 20 km away, next is 23 km (margin 3 km)"
"mary-beth-nienhaus-activity-center-appleton-wi","Appleton",WI,,"",none,0,,"no postal_code"
"patriot-park-appleton-wi","Appleton",WI,54914,"Outagamie",zip_nearest_county_centroid,0.78,0.9621,"ZCTA spans 2 counties; nearest county centroid is 16 km away, next is 28 km (margin 12 km)"
"pickleball-kingdom-appleton-wi","Appleton",WI,54915,"Outagamie",zip_nearest_county_centroid,0.6,0.4422,"ZCTA spans 3 counties; nearest county centroid is 21 km away, next is 22 km (margin 0 km) — OVERRODE the larger-by-land-area candidate"
"sandy-pickle-the-bar-on-lynndale-appleton-appleton-wi","Appleton",WI,54914,"Outagamie",zip_nearest_county_centroid,0.78,0.9621,"ZCTA spans 2 counties; nearest county centroid is 15 km away, next is 28 km (margin 14 km)"
"springfield-park-appleton-wi","Appleton",WI,54915,"Calumet",zip_nearest_county_centroid,0.6,0.4996,"ZCTA spans 3 counties; nearest county centroid is 21 km away, next is 21 km (margin 0 km)"
"tallulah-park-13223","Appleton",WI,54915,"Outagamie",zip_nearest_county_centroid,0.6,0.4422,"ZCTA spans 3 counties; nearest county centroid is 19 km away, next is 25 km (margin 6 km) — OVERRODE the larger-by-land-area candidate"
"telulah-park-appleton-wi","Appleton",WI,54915,"Outagamie",zip_nearest_county_centroid,0.6,0.4422,"ZCTA spans 3 counties; nearest county centroid is 18 km away, next is 25 km (margin 6 km) — OVERRODE the larger-by-land-area candidate"
"thompson-center-on-lourdes","Appleton",WI,54915,"Outagamie",zip_nearest_county_centroid,0.6,0.4422,"ZCTA spans 3 counties; nearest county centroid is 19 km away, next is 24 km (margin 4 km) — OVERRODE the larger-by-land-area candidate"
"town-hall-park-appleton-wi","Appleton",WI,54915,"Outagamie",zip_nearest_county_centroid,0.6,0.4422,"ZCTA spans 3 counties; nearest county centroid is 18 km away, next is 26 km (margin 8 km) — OVERRODE the larger-by-land-area candidate"
"town-of-buchanan-springfield-park","Appleton",WI,54915,"Outagamie",zip_nearest_county_centroid,0.6,0.4422,"ZCTA spans 3 counties; nearest county centroid is 18 km away, next is 26 km (margin 8 km) — OVERRODE the larger-by-land-area candidate"
"town-of-buchanan-hickory-park","Appleton",WI,54915,"Calumet",zip_nearest_county_centroid,0.6,0.4996,"ZCTA spans 3 counties; nearest county centroid is 20 km away, next is 23 km (margin 3 km)"
"athens-basketball-court-athens-wi","Athens",WI,54411,"Marathon",zip_nearest_county_centroid,0.78,0.9426,"ZCTA spans 2 counties; nearest county centroid is 29 km away, next is 39 km (margin 10 km)"
"the-pickle-shed-athens-wi","Athens",WI,54411,"Marathon",zip_nearest_county_centroid,0.78,0.9426,"ZCTA spans 2 counties; nearest county centroid is 29 km away, next is 39 km (margin 10 km)"
"baldwin-pickleball-courts-at-mill-pond-park","Baldwin",WI,54002,"St. Croix",zip_nearest_county_centroid,0.78,0.9694,"ZCTA spans 2 counties; nearest county centroid is 9 km away, next is 27 km (margin 18 km)"
"pierce-park-11926","Baraboo",WI,53913,"Sauk",zip_nearest_county_centroid,0.78,0.9861,"ZCTA spans 2 counties; nearest county centroid is 17 km away, next is 33 km (margin 17 km)"
"barnes-courts-barnes-wi","Barnes",WI,54873,"Douglas",zip_nearest_county_centroid,0.6,0.639,"ZCTA spans 2 counties; nearest county centroid is 35 km away, next is 43 km (margin 8 km)"
"town-of-barnes-park","Barnes",WI,54873,"Douglas",zip_nearest_county_centroid,0.6,0.639,"ZCTA spans 2 counties; nearest county centroid is 35 km away, next is 43 km (margin 8 km)"
"ellsworth-park-bayside-wi","Bayside",WI,53217,"Milwaukee",zip_nearest_county_centroid,0.6,0.9937,"ZCTA spans 2 counties; nearest county centroid is 31 km away, next is 35 km (margin 5 km)"
"birchwood-pickleball-courts-birchwood-wi","Birchwood",WI,54817,"Washburn",zip_nearest_county_centroid,0.6,0.339,"ZCTA spans 4 counties; nearest county centroid is 32 km away, next is 34 km (margin 1 km)"
"birchwood-tennis-pickleball-court","Birchwood",WI,54817,"Washburn",zip_nearest_county_centroid,0.6,0.339,"ZCTA spans 4 counties; nearest county centroid is 32 km away, next is 34 km (margin 1 km)"
"community-building-blue-river-wi","Blue River",WI,53518,"Richland",zip_nearest_county_centroid,0.6,0.7995,"ZCTA spans 3 counties; nearest county centroid is 24 km away, next is 30 km (margin 7 km)"
"albrecht-elementary-school","Brodhead",WI,53520,"Green",zip_nearest_county_centroid,0.6,0.4666,"ZCTA spans 2 counties; nearest county centroid is 20 km away, next is 26 km (margin 6 km) — OVERRODE the larger-by-land-area candidate"
"brodhead-middle-school","Brodhead",WI,53520,"Green",zip_nearest_county_centroid,0.6,0.4666,"ZCTA spans 2 counties; nearest county centroid is 20 km away, next is 25 km (margin 6 km) — OVERRODE the larger-by-land-area candidate"
"st-dominic-gym-brookfield-wi","Brookfield",WI,18255,"Luzerne",zip_nearest_county_centroid,0,0.1122,"derived county is in PA but the row says WI - ZIP or state is wrong"
"town-hall-park-town-of-buchanan","Buchanan",WI,54915,"Calumet",zip_nearest_county_centroid,0.6,0.4996,"ZCTA spans 3 counties; nearest county centroid is 20 km away, next is 27 km (margin 6 km)"
"cable-recreation-park-cable-wi","Cable",WI,12955,"Clinton",zip_single_county,0,1,"derived county is in NY but the row says WI - ZIP or state is wrong"
"namakagon-town-hall-cable-wi","Cable",WI,23845,"Brunswick",zip_single_county,0,1,"derived county is in VA but the row says WI - ZIP or state is wrong"
"adlai-horn-park","Cedarburg",WI,53012,"Washington",zip_nearest_county_centroid,0.6,0.3148,"ZCTA spans 2 counties; nearest county centroid is 22 km away, next is 25 km (margin 3 km) — OVERRODE the larger-by-land-area candidate"
"cedarburg-ap-sports-complex-cedarburg-wi","Cedarburg",WI,53012,"Washington",zip_nearest_county_centroid,0.6,0.3148,"ZCTA spans 2 counties; nearest county centroid is 22 km away, next is 25 km (margin 3 km) — OVERRODE the larger-by-land-area candidate"
"cedarburg-community-gym","Cedarburg",WI,53012,"Washington",zip_nearest_county_centroid,0.6,0.3148,"ZCTA spans 2 counties; nearest county centroid is 22 km away, next is 25 km (margin 3 km) — OVERRODE the larger-by-land-area candidate"
"herman-zeunert-park-tennis-pickleball-courts","Cedarburg",WI,53012,"Washington",zip_nearest_county_centroid,0.6,0.3148,"ZCTA spans 2 counties; nearest county centroid is 22 km away, next is 25 km (margin 3 km) — OVERRODE the larger-by-land-area candidate"
"buchanan-park","Chippewa Falls",WI,54729,"Chippewa",zip_nearest_county_centroid,0.6,0.9694,"ZCTA spans 2 counties; nearest county centroid is 17 km away, next is 25 km (margin 8 km)"
"buchanan-park-chippewa-falls-chippewa-falls-wi","Chippewa Falls",WI,54729,"Chippewa",zip_nearest_county_centroid,0.6,0.9694,"ZCTA spans 2 counties; nearest county centroid is 17 km away, next is 25 km (margin 8 km)"
"chippewa-valley-family-ymca","Chippewa Falls",WI,54729,"Chippewa",zip_nearest_county_centroid,0.78,0.9694,"ZCTA spans 2 counties; nearest county centroid is 16 km away, next is 26 km (margin 10 km)"
"grace-mj-memorial-courts-clayton-wi","Clayton",WI,54004,"Polk",zip_nearest_county_centroid,0.6,0.3282,"ZCTA spans 2 counties; nearest county centroid is 26 km away, next is 28 km (margin 2 km) — OVERRODE the larger-by-land-area candidate"
"crivitz-youth-inc-community-center-crivitz-wi","Crivitz",WI,54114,"Marinette",zip_nearest_county_centroid,0.78,0.9182,"ZCTA spans 2 counties; nearest county centroid is 13 km away, next is 31 km (margin 18 km)"
"fireman-s-park-deforest-deforest-wi","DeForest",WI,53532,"Dane",zip_nearest_county_centroid,0.6,0.8513,"ZCTA spans 2 counties; nearest county centroid is 21 km away, next is 25 km (margin 4 km)"
"riverview-park-4622","Eagle River",WI,54521,"Vilas",zip_nearest_county_centroid,0.6,0.6419,"ZCTA spans 3 counties; nearest county centroid is 24 km away, next is 31 km (margin 7 km)"
"delong-middle-school","Eau Claire",WI,54703,"Eau Claire",zip_nearest_county_centroid,0.78,0.7759,"ZCTA spans 3 counties; nearest county centroid is 22 km away, next is 32 km (margin 10 km)"
"eau-claire-indoor-sports-center","Eau Claire",WI,54701,"Eau Claire",zip_nearest_county_centroid,0.78,0.9528,"ZCTA spans 2 counties; nearest county centroid is 20 km away, next is 35 km (margin 15 km)"
"eau-claire-ymca","Eau Claire",WI,54701,"Eau Claire",zip_nearest_county_centroid,0.78,0.9528,"ZCTA spans 2 counties; nearest county centroid is 19 km away, next is 35 km (margin 16 km)"
"mcdonough-park","Eau Claire",WI,54701,"Eau Claire",zip_nearest_county_centroid,0.78,0.9528,"ZCTA spans 2 counties; nearest county centroid is 19 km away, next is 35 km (margin 16 km)"
"mcdonough-park-eau-claire-eau-claire-wi","Eau Claire",WI,54701,"Eau Claire",zip_nearest_county_centroid,0.78,0.9528,"ZCTA spans 2 counties; nearest county centroid is 19 km away, next is 35 km (margin 16 km)"
"owen-park-eau-claire-eau-claire-wi","Eau Claire",WI,54703,"Eau Claire",zip_nearest_county_centroid,0.78,0.7759,"ZCTA spans 3 counties; nearest county centroid is 19 km away, next is 34 km (margin 15 km)"
"elkhart-lake-glenbeulah-high-school","Elkhart Lake",WI,53020,"Sheboygan",zip_nearest_county_centroid,0.6,0.9519,"ZCTA spans 3 counties; nearest county centroid is 25 km away, next is 31 km (margin 6 km)"
"femmimore-municipal-building","Fennimore",WI,05068,"Windsor",zip_nearest_county_centroid,0,0.9969,"derived county is in VT but the row says WI - ZIP or state is wrong"
"frederic-community-pickleball-assoc-frederic-elementary","Frederic",WI,54837,"Polk",zip_nearest_county_centroid,0.6,0.8239,"ZCTA spans 2 counties; nearest county centroid is 22 km away, next is 24 km (margin 1 km)"
"frederic-community-pickleball-association-outdoor-village","Frederic",WI,54837,"Polk",zip_nearest_county_centroid,0.6,0.8239,"ZCTA spans 2 counties; nearest county centroid is 22 km away, next is 24 km (margin 2 km)"
"frederic-pickleball-courts","Frederic",WI,54837,"Polk",zip_nearest_county_centroid,0.6,0.8239,"ZCTA spans 2 counties; nearest county centroid is 22 km away, next is 24 km (margin 2 km)"
"waubedonia-park","Fredonia",WI,53021,"Ozaukee",zip_nearest_county_centroid,0.78,0.81,"ZCTA spans 3 counties; nearest county centroid is 9 km away, next is 25 km (margin 16 km)"
"xcel-sports-grand-chute-wi","Grand Chute",WI,54914,"Outagamie",zip_nearest_county_centroid,0.78,0.9621,"ZCTA spans 2 counties; nearest county centroid is 15 km away, next is 28 km (margin 13 km)"
"grantsburg-courts-grantsburg-wi","Grantsburg",WI,54840,"Burnett",zip_nearest_county_centroid,0.78,0.8812,"ZCTA spans 2 counties; nearest county centroid is 26 km away, next is 39 km (margin 14 km)"
"james-mc-nally-campground-grantsburg-wi","Grantsburg",WI,54840,"Burnett",zip_nearest_county_centroid,0.78,0.8812,"ZCTA spans 2 counties; nearest county centroid is 26 km away, next is 40 km (margin 14 km)"
"four-seasons-green-bay-wi","Green Bay",WI,54310,"",none,0,,"ZIP has no ZCTA in the Census relationship file (often a PO-box or point ZIP)"
"green-bay-tennis-center-green-bay-wi","Green Bay",WI,54115,"Brown",zip_nearest_county_centroid,0.78,0.8488,"ZCTA spans 2 counties; nearest county centroid is 10 km away, next is 28 km (margin 18 km)"
"hartford-recreation-center","Hartford",WI,53027,"Washington",zip_nearest_county_centroid,0.78,0.8268,"ZCTA spans 2 counties; nearest county centroid is 14 km away, next is 29 km (margin 14 km)"
"hartford-west-side-park-hartford-wi","Hartford",WI,53027,"Washington",zip_nearest_county_centroid,0.78,0.8268,"ZCTA spans 2 counties; nearest county centroid is 14 km away, next is 29 km (margin 15 km)"
"hartford-willowbrook-park-hartford-wi","Hartford",WI,53027,"Washington",zip_nearest_county_centroid,0.78,0.8268,"ZCTA spans 2 counties; nearest county centroid is 14 km away, next is 30 km (margin 16 km)"
"fiddler-s-creek-golf-range","Hayward",WI,54843,"Washburn",zip_nearest_county_centroid,0.6,0.0793,"ZCTA spans 2 counties; nearest county centroid is 28 km away, next is 31 km (margin 3 km) — OVERRODE the larger-by-land-area candidate"
"fiddlers-creek-hayward-wi","Hayward",WI,16427,"Erie",zip_single_county,0,1,"derived county is in PA but the row says WI - ZIP or state is wrong"
"hayward-primary-school","Hayward",WI,54843,"Washburn",zip_nearest_county_centroid,0.6,0.0793,"ZCTA spans 2 counties; nearest county centroid is 28 km away, next is 31 km (margin 3 km) — OVERRODE the larger-by-land-area candidate"
"tamarack-hayward-wi","Hayward",WI,10320,"",none,0,,"ZIP has no ZCTA in the Census relationship file (often a PO-box or point ZIP)"
"treeland-resort","Hayward",WI,54843,"Washburn",zip_nearest_county_centroid,0.6,0.0793,"ZCTA spans 2 counties; nearest county centroid is 28 km away, next is 31 km (margin 3 km) — OVERRODE the larger-by-land-area candidate"
"la-follotte-park-kaukauna-wi","Kaukauna",WI,54130,"Outagamie",zip_nearest_county_centroid,0.6,0.7876,"ZCTA spans 3 counties; nearest county centroid is 22 km away, next is 23 km (margin 1 km)"
"kewaskum-kiwanis-community-park-kewaskum-wi","Kewaskum",WI,53040,"Washington",zip_nearest_county_centroid,0.78,0.7692,"ZCTA spans 3 counties; nearest county centroid is 14 km away, next is 34 km (margin 19 km)"
"dutch-hollow-club-house-fees-apply-la-valle-wi","La Valle",WI,53941,"Sauk",zip_nearest_county_centroid,0.78,0.9391,"ZCTA spans 3 counties; nearest county centroid is 23 km away, next is 34 km (margin 11 km)"
"the-la-valle-center-fees-apply-call-for-times-608-386","La Valle",WI,53941,"Sauk",zip_nearest_county_centroid,0.78,0.9391,"ZCTA spans 3 counties; nearest county centroid is 23 km away, next is 33 km (margin 10 km)"
"lac-du-flambeau-public-school","Lac Du Flambeau",WI,54538,"Vilas",zip_nearest_county_centroid,0.78,0.7657,"ZCTA spans 4 counties; nearest county centroid is 32 km away, next is 40 km (margin 8 km)"
"geneva-lakes-ymca","Lake Geneva",WI,,"",none,0,,"no postal_code"
"gower-park-lake-hallie-lake-hallie-wi","Lake Hallie",WI,54729,"Eau Claire",zip_nearest_county_centroid,0.6,0.0306,"ZCTA spans 2 counties; nearest county centroid is 21 km away, next is 24 km (margin 3 km) — OVERRODE the larger-by-land-area candidate"
"lake-nebagamon-park-lake-nebagamon-wi","Lake Nebagamon",WI,11859,"",none,0,,"ZIP has no ZCTA in the Census relationship file (often a PO-box or point ZIP)"
"lakewood-lakewood-wi","Lakewood",WI,54461,"",none,0,,"ZIP has no ZCTA in the Census relationship file (often a PO-box or point ZIP)"
"goeres-park-lodi-lodi-wi","Lodi",WI,53555,"Columbia",zip_nearest_county_centroid,0.6,0.7838,"ZCTA spans 2 counties; nearest county centroid is 23 km away, next is 30 km (margin 7 km)"
"lodi-high-school-lodi-wi","Lodi",WI,53555,"Columbia",zip_nearest_county_centroid,0.6,0.7838,"ZCTA spans 2 counties; nearest county centroid is 24 km away, next is 29 km (margin 4 km)"
"lodi-sports-and-recreation-center-lodi-wi","Lodi",WI,53555,"Columbia",zip_nearest_county_centroid,0.6,0.7838,"ZCTA spans 2 counties; nearest county centroid is 24 km away, next is 30 km (margin 6 km)"
"dill-dinkers-madison-f30019","Madison",WI,,"",none,0,,"no postal_code"
"elvehjem-park","Madison",WI,,"",none,0,,"no postal_code"
"sherman-middle-school","Madison",WI,53701,"",none,0,,"ZIP has no ZCTA in the Census relationship file (often a PO-box or point ZIP)"
"tenney-park","Madison",WI,,"",none,0,,"no postal_code"
"manitowish-waters-manitowish-waters-wi","Manitowish Waters",WI,54545,"Vilas",zip_nearest_county_centroid,0.78,0.9988,"ZCTA spans 2 counties; nearest county centroid is 29 km away, next is 39 km (margin 10 km)"
"braem-park-marshfield-wi","Marshfield",WI,54449,"Wood",zip_nearest_county_centroid,0.78,0.7139,"ZCTA spans 3 counties; nearest county centroid is 26 km away, next is 36 km (margin 10 km)"
"marshfield-area-ymca","Marshfield",WI,54472,"",none,0,,"ZIP has no ZCTA in the Census relationship file (often a PO-box or point ZIP)"
"marshfield-middle-school-marshfield-wi","Marshfield",WI,54449,"Wood",zip_nearest_county_centroid,0.78,0.7139,"ZCTA spans 3 counties; nearest county centroid is 24 km away, next is 36 km (margin 12 km)"
"oak-avenue-community-center","Marshfield",WI,54449,"Wood",zip_nearest_county_centroid,0.78,0.7139,"ZCTA spans 3 counties; nearest county centroid is 25 km away, next is 35 km (margin 10 km)"
"steve-j-miller-recreation-area","Marshfield",WI,54449,"Wood",zip_nearest_county_centroid,0.78,0.7139,"ZCTA spans 3 counties; nearest county centroid is 25 km away, next is 35 km (margin 10 km)"
"the-grove-regional-community-center-mazomanie-mazomanie-wi","Mazomanie",WI,53560,"Dane",zip_nearest_county_centroid,0.6,0.9175,"ZCTA spans 2 counties; nearest county centroid is 33 km away, next is 34 km (margin 1 km)"
"barker-farms-menasha-wi","Menasha",WI,54952,"Calumet",zip_nearest_county_centroid,0.6,0.7722,"ZCTA spans 2 counties; nearest county centroid is 22 km away, next is 27 km (margin 5 km)"
"fritsch-park-menasha-wi","Menasha",WI,54952,"Winnebago",zip_nearest_county_centroid,0.6,0.2278,"ZCTA spans 2 counties; nearest county centroid is 22 km away, next is 23 km (margin 1 km) — OVERRODE the larger-by-land-area candidate"
"lake-park-swim-fitness-menasha-wi","Menasha",WI,54952,"Calumet",zip_nearest_county_centroid,0.78,0.7722,"ZCTA spans 2 counties; nearest county centroid is 19 km away, next is 28 km (margin 9 km)"
"palisades-park-menasha-wi","Menasha",WI,54915,"Winnebago",zip_nearest_county_centroid,0.6,0.0582,"ZCTA spans 3 counties; nearest county centroid is 22 km away, next is 23 km (margin 1 km) — OVERRODE the larger-by-land-area candidate"
"smith-park-menasha-wi","Menasha",WI,54952,"Winnebago",zip_nearest_county_centroid,0.6,0.2278,"ZCTA spans 2 counties; nearest county centroid is 22 km away, next is 23 km (margin 1 km) — OVERRODE the larger-by-land-area candidate"
"menomonie-pickleball-club","Menomonie",WI,,"",none,0,,"no postal_code"
"elite-mequon-mequon-wi","Mequon",WI,11616,"",none,0,,"ZIP has no ZCTA in the Census relationship file (often a PO-box or point ZIP)"
"juneau-park-tennis-courts","Milwaukee",WI,,"",none,0,,"no postal_code"
"mineral-point-high-school-gym-mineral-point-wi","Mineral Point",WI,53565,"Iowa",zip_nearest_county_centroid,0.6,0.7077,"ZCTA spans 2 counties; nearest county centroid is 16 km away, next is 24 km (margin 8 km)"
"soldiers-memorial-park-mineral-point-wi","Mineral Point",WI,53565,"Iowa",zip_nearest_county_centroid,0.6,0.7077,"ZCTA spans 2 counties; nearest county centroid is 16 km away, next is 23 km (margin 8 km)"
"jack-link-s-aquatic-activity-center","Minong",WI,54859,"Washburn",zip_nearest_county_centroid,0.78,0.8095,"ZCTA spans 3 counties; nearest county centroid is 23 km away, next is 41 km (margin 17 km)"
"twining-park","Monroe",WI,,"",none,0,,"no postal_code"
"viking-park-mt-horeb-mt-horeb-wi","Mt Horeb",WI,53572,"Dane",zip_nearest_county_centroid,0.78,0.9934,"ZCTA spans 2 counties; nearest county centroid is 27 km away, next is 39 km (margin 12 km)"
"mukwonago-high-school","Mukwonago",WI,53149,"Waukesha",zip_nearest_county_centroid,0.78,0.8438,"ZCTA spans 3 counties; nearest county centroid is 17 km away, next is 28 km (margin 11 km)"
"lions-park-9974","Muskego",WI,53150,"Waukesha",zip_nearest_county_centroid,0.78,0.9471,"ZCTA spans 2 counties; nearest county centroid is 18 km away, next is 34 km (margin 16 km)"
"st-paul-s-muskego-wi","Muskego",WI,53150,"Waukesha",zip_nearest_county_centroid,0.78,0.9471,"ZCTA spans 2 counties; nearest county centroid is 20 km away, next is 31 km (margin 10 km)"
"batley-s-grill-bar-neenah-wi","Neenah",WI,54956,"Winnebago",zip_nearest_county_centroid,0.78,0.9649,"ZCTA spans 2 counties; nearest county centroid is 18 km away, next is 28 km (margin 10 km)"
"doty-park-doty-island-neenah-wi","Neenah",WI,54956,"Winnebago",zip_nearest_county_centroid,0.6,0.9649,"ZCTA spans 2 counties; nearest county centroid is 20 km away, next is 26 km (margin 6 km)"
"green-park-neenah-neenah-wi","Neenah",WI,54956,"Winnebago",zip_nearest_county_centroid,0.6,0.9649,"ZCTA spans 2 counties; nearest county centroid is 20 km away, next is 26 km (margin 6 km)"
"neenah-ymca-neenah-wi","Neenah",WI,54956,"Winnebago",zip_nearest_county_centroid,0.6,0.9649,"ZCTA spans 2 counties; nearest county centroid is 20 km away, next is 25 km (margin 5 km)"
"o-hauser-park-neenah-wi","Neenah",WI,54956,"Winnebago",zip_nearest_county_centroid,0.6,0.9649,"ZCTA spans 2 counties; nearest county centroid is 20 km away, next is 26 km (margin 6 km)"
"valley-fitness-racquet","Neenah",WI,54956,"Winnebago",zip_nearest_county_centroid,0.6,0.9649,"ZCTA spans 2 counties; nearest county centroid is 20 km away, next is 26 km (margin 6 km)"
"washington-park-11608","Neenah",WI,54956,"Winnebago",zip_nearest_county_centroid,0.6,0.9649,"ZCTA spans 2 counties; nearest county centroid is 19 km away, next is 27 km (margin 8 km)"
"rome-town-hall","Nekoosa",WI,54457,"Wood",zip_nearest_county_centroid,0.78,0.3462,"ZCTA spans 3 counties; nearest county centroid is 20 km away, next is 39 km (margin 19 km) — OVERRODE the larger-by-land-area candidate"
"fortify-pickleball-club-oconomowoc-wi","Oconomowoc",WI,53066,"Waukesha",zip_dominant_county,0.55,0.6894,"ZCTA spans 4 counties; dominant county holds 68.9% of land area (no coordinates to disambiguate)"
"oconomowoc-northeast-regional-park","Oconomowoc",WI,53066,"Waukesha",zip_nearest_county_centroid,0.6,0.6894,"ZCTA spans 4 counties; nearest county centroid is 19 km away, next is 25 km (margin 6 km)"
"westover-park","Oconomowoc",WI,53066,"Waukesha",zip_nearest_county_centroid,0.6,0.6894,"ZCTA spans 4 counties; nearest county centroid is 18 km away, next is 25 km (margin 7 km)"
"ymca-at-pabst-farms","Oconomowoc",WI,53066,"Waukesha",zip_nearest_county_centroid,0.6,0.6894,"ZCTA spans 4 counties; nearest county centroid is 19 km away, next is 22 km (margin 4 km)"
"oostburg-elementary-school","Oostburg",WI,,"",none,0,,"no postal_code"
"bellhaven-oshkosh-wi","Oshkosh",WI,54904,"Winnebago",zip_nearest_county_centroid,0.78,0.9949,"ZCTA spans 2 counties; nearest county centroid is 12 km away, next is 30 km (margin 17 km)"
"jones-park-oshkosh-wi","Oshkosh",WI,54904,"Winnebago",zip_nearest_county_centroid,0.78,0.9949,"ZCTA spans 2 counties; nearest county centroid is 12 km away, next is 30 km (margin 17 km)"
"oshkosh-community-ymca","Oshkosh",WI,54904,"Winnebago",zip_nearest_county_centroid,0.78,0.9949,"ZCTA spans 2 counties; nearest county centroid is 11 km away, next is 28 km (margin 18 km)"
"pickles-bags-oshkosh-wi","Oshkosh",WI,54904,"Winnebago",zip_nearest_county_centroid,0.78,0.9949,"ZCTA spans 2 counties; nearest county centroid is 14 km away, next is 27 km (margin 13 km)"
"westhaven-circle-park-oshkosh-wi","Oshkosh",WI,54904,"Winnebago",zip_nearest_county_centroid,0.78,0.9949,"ZCTA spans 2 counties; nearest county centroid is 11 km away, next is 29 km (margin 18 km)"
"osseo-schools-outside-courts","Osseo",WI,54758,"Eau Claire",zip_nearest_county_centroid,0.78,0.2265,"ZCTA spans 3 counties; nearest county centroid is 17 km away, next is 32 km (margin 15 km) — OVERRODE the larger-by-land-area candidate"
"indoor-open-play-oxford-oxford-wi","Oxford",WI,53952,"Marquette",zip_nearest_county_centroid,0.78,0.5025,"ZCTA spans 2 counties; nearest county centroid is 14 km away, next is 26 km (margin 12 km)"
"pickerel-area-lions-park-pickerel-wi","Pickerel",WI,54465,"Langlade",zip_nearest_county_centroid,0.78,0.3771,"ZCTA spans 2 counties; nearest county centroid is 17 km away, next is 36 km (margin 19 km) — OVERRODE the larger-by-land-area candidate"
"platteville-armory-platteville-wi","Platteville",WI,53818,"Grant",zip_nearest_county_centroid,0.6,0.8111,"ZCTA spans 3 counties; nearest county centroid is 23 km away, next is 29 km (margin 6 km)"
"sanders-trine-pickleball-complex","Platteville",WI,53818,"Grant",zip_nearest_county_centroid,0.6,0.8111,"ZCTA spans 3 counties; nearest county centroid is 23 km away, next is 30 km (margin 7 km)"
"uw-platteville-pickleball-court-at-the-memorial-park","Platteville",WI,53818,"Grant",zip_nearest_county_centroid,0.78,0.8111,"ZCTA spans 3 counties; nearest county centroid is 22 km away, next is 31 km (margin 9 km)"
"westview-park-platteville-wi","Platteville",WI,53818,"Grant",zip_nearest_county_centroid,0.6,0.8111,"ZCTA spans 3 counties; nearest county centroid is 23 km away, next is 30 km (margin 7 km)"
"pine-meadow-park","Portage",WI,53901,"Columbia",zip_nearest_county_centroid,0.78,0.9874,"ZCTA spans 2 counties; nearest county centroid is 13 km away, next is 31 km (margin 17 km)"
"rusch-elementary-school-boys-girls-club-portage-portage-wi","Portage",WI,53901,"Columbia",zip_nearest_county_centroid,0.78,0.9874,"ZCTA spans 2 counties; nearest county centroid is 13 km away, next is 32 km (margin 18 km)"
"hoffman-hall-recreation-center-prairie-du-chien-wi","Prairie Du Chien",WI,53821,"Crawford",zip_nearest_county_centroid,0.78,0.7737,"ZCTA spans 2 counties; nearest county centroid is 27 km away, next is 42 km (margin 15 km)"
"bryant-community-center","Racine",WI,53403,"Racine",zip_nearest_county_centroid,0.6,0.908,"ZCTA spans 2 counties; nearest county centroid is 9 km away, next is 15 km (margin 6 km)"
"tyler-domer-community-center","Racine",WI,53403,"Racine",zip_nearest_county_centroid,0.78,0.908,"ZCTA spans 2 counties; nearest county centroid is 7 km away, next is 16 km (margin 8 km)"
"random-lake-entertainment-district-court-random-lake-wi","Random Lake",WI,53075,"Ozaukee",zip_nearest_county_centroid,0.78,0.1005,"ZCTA spans 3 counties; nearest county centroid is 11 km away, next is 28 km (margin 17 km) — OVERRODE the larger-by-land-area candidate"
"justagame-fieldhouse-reedsburg","Reedsburg",WI,53958,"",none,0,,"ZIP has no ZCTA in the Census relationship file (often a PO-box or point ZIP)"
"ripon-area-school-district-courts","Ripon",WI,54971,"Green Lake",zip_nearest_county_centroid,0.78,0.2067,"ZCTA spans 3 counties; nearest county centroid is 13 km away, next is 29 km (margin 17 km) — OVERRODE the larger-by-land-area candidate"
"glen-park-4846","River Falls",WI,54022,"Pierce",zip_nearest_county_centroid,0.6,0.6116,"ZCTA spans 2 counties; nearest county centroid is 22 km away, next is 23 km (margin 2 km)"
"meyer-middle-school","River Falls",WI,54022,"Pierce",zip_nearest_county_centroid,0.6,0.6116,"ZCTA spans 2 counties; nearest county centroid is 21 km away, next is 23 km (margin 2 km)"
"river-falls-river-falls-wi","River Falls",WI,54022,"Pierce",zip_nearest_county_centroid,0.6,0.6116,"ZCTA spans 2 counties; nearest county centroid is 21 km away, next is 23 km (margin 2 km)"
"river-tennis-club","River Hills",WI,53217,"Milwaukee",zip_nearest_county_centroid,0.78,0.9937,"ZCTA spans 2 counties; nearest county centroid is 29 km away, next is 38 km (margin 9 km)"
"sauk-prairie-community-center","Sauk City",WI,53583,"Sauk",zip_nearest_county_centroid,0.78,0.7212,"ZCTA spans 3 counties; nearest county centroid is 25 km away, next is 34 km (margin 9 km)"
"gateway-sports-complex-saukville-wi","Saukville",WI,,"",none,0,,"no postal_code"
"silverthorne-lake-park-seeley-wi","Seeley",WI,13317,"Otsego",zip_nearest_county_centroid,0,0.0578,"derived county is in NY but the row says WI - ZIP or state is wrong"
"seneca-town-hall-court-seneca-wi","Seneca",WI,21041,"",none,0,,"ZIP has no ZCTA in the Census relationship file (often a PO-box or point ZIP)"
"shell-lake-elementary-school-washburn-county-shell-lake-wi","Shell Lake",WI,54871,"Washburn",zip_nearest_county_centroid,0.78,0.5758,"ZCTA spans 2 counties; nearest county centroid is 19 km away, next is 38 km (margin 19 km)"
"shell-lake-arts-center-slac-shell-lake-wi","Shell Lake",WI,54871,"Washburn",zip_nearest_county_centroid,0.78,0.5758,"ZCTA spans 2 counties; nearest county centroid is 19 km away, next is 38 km (margin 18 km)"
"shell-lake-tip-town-park-pickleball-tennis-courts-washburn","Shell Lake",WI,54871,"Washburn",zip_nearest_county_centroid,0.78,0.5758,"ZCTA spans 2 counties; nearest county centroid is 20 km away, next is 38 km (margin 18 km)"
"st-john-s-lutheran-school-gym","Sparta",WI,54656,"Monroe",zip_nearest_county_centroid,0.6,0.9989,"ZCTA spans 2 counties; nearest county centroid is 19 km away, next is 22 km (margin 3 km)"
"spring-green-courts-spring-green-wi","Spring Green",WI,53588,"Iowa",zip_nearest_county_centroid,0.78,0.3309,"ZCTA spans 3 counties; nearest county centroid is 20 km away, next is 30 km (margin 9 km) — OVERRODE the larger-by-land-area candidate"
"stone-lake-stone-lake-wi","Stone Lake",WI,54876,"Washburn",zip_nearest_county_centroid,0.78,0.4175,"ZCTA spans 2 counties; nearest county centroid is 20 km away, next is 31 km (margin 10 km) — OVERRODE the larger-by-land-area candidate"
"stone-lake-indoor-stone-lake-wi","Stone Lake",WI,54876,"Washburn",zip_nearest_county_centroid,0.78,0.4175,"ZCTA spans 2 counties; nearest county centroid is 21 km away, next is 30 km (margin 10 km) — OVERRODE the larger-by-land-area candidate"
"mandt-park-stoughton-stoughton-wi","Stoughton",WI,53589,"Dane",zip_nearest_county_centroid,0.6,0.9794,"ZCTA spans 2 counties; nearest county centroid is 24 km away, next is 29 km (margin 5 km)"
"sea-stoughton-sports-enhancement-academy-stoughton-wi","Stoughton",WI,53589,"Dane",zip_nearest_county_centroid,0.78,0.9794,"ZCTA spans 2 counties; nearest county centroid is 21 km away, next is 31 km (margin 10 km)"
"veterans-memorial-park-stoughton-stoughton-wi","Stoughton",WI,53589,"Dane",zip_nearest_county_centroid,0.6,0.9794,"ZCTA spans 2 counties; nearest county centroid is 23 km away, next is 30 km (margin 6 km)"
"three-lakes-high-school","Three Lakes",WI,54562,"Oneida",zip_nearest_county_centroid,0.6,0.6277,"ZCTA spans 2 counties; nearest county centroid is 30 km away, next is 34 km (margin 3 km)"
"kahle-park","Tomahawk",WI,54487,"Lincoln",zip_nearest_county_centroid,0.78,0.7375,"ZCTA spans 2 counties; nearest county centroid is 15 km away, next is 31 km (margin 16 km)"
"sara-park","Tomahawk",WI,54487,"Lincoln",zip_nearest_county_centroid,0.78,0.7375,"ZCTA spans 2 counties; nearest county centroid is 16 km away, next is 32 km (margin 16 km)"
"tomahawk-middle-school","Tomahawk",WI,54487,"Lincoln",zip_nearest_county_centroid,0.78,0.7375,"ZCTA spans 2 counties; nearest county centroid is 15 km away, next is 31 km (margin 16 km)"
"ralph-hines-memorial-park","W Delavan St",WI,53965,"Sauk",zip_nearest_county_centroid,0.78,0.1677,"ZCTA spans 4 counties; nearest county centroid is 21 km away, next is 40 km (margin 18 km) — OVERRODE the larger-by-land-area candidate"
"wascott-ball-park-wascott-wi","Wascott",WI,16380,"",none,0,,"ZIP has no ZCTA in the Census relationship file (often a PO-box or point ZIP)"
"wauwatosa-west-high-school-wauwatosa-wi","Wauwatosa",WI,11400,"",none,0,,"ZIP has no ZCTA in the Census relationship file (often a PO-box or point ZIP)"
"gandy-dance-courts","Webster",WI,12125,"Columbia",zip_single_county,0,1,"derived county is in NY but the row says WI - ZIP or state is wrong"
"the-picklr-west-allis","West Allis",WI,53227,"Milwaukee",zip_nearest_county_centroid,0.6,0.9958,"ZCTA spans 2 counties; nearest county centroid is 17 km away, next is 24 km (margin 8 km)"
"wisconsin-athletic-club-west-allis","West Allis",WI,53227,"Milwaukee",zip_nearest_county_centroid,0.6,0.9958,"ZCTA spans 2 counties; nearest county centroid is 19 km away, next is 21 km (margin 2 km)"
"quaas-creek-park","West Bend",WI,53090,"Washington",zip_nearest_county_centroid,0.78,0.9688,"ZCTA spans 2 counties; nearest county centroid is 7 km away, next is 26 km (margin 19 km)"
"adult-clinic-westfield-wi","Westfield",WI,53964,"Marquette",zip_nearest_county_centroid,0.78,0.9023,"ZCTA spans 3 counties; nearest county centroid is 9 km away, next is 24 km (margin 15 km)"
"indoor-open-play-westfield-westfield-wi","Westfield",WI,53964,"Marquette",zip_nearest_county_centroid,0.78,0.9023,"ZCTA spans 3 counties; nearest county centroid is 9 km away, next is 25 km (margin 15 km)"
"indoor-play-westfield-hs-aux-gym-westfield-wi","Westfield",WI,53964,"Marquette",zip_nearest_county_centroid,0.78,0.9023,"ZCTA spans 3 counties; nearest county centroid is 9 km away, next is 24 km (margin 15 km)"
"klode-park-whitefish-bay-wi","Whitefish Bay",WI,53217,"Milwaukee",zip_nearest_county_centroid,0.78,0.9937,"ZCTA spans 2 counties; nearest county centroid is 23 km away, next is 43 km (margin 20 km)"
"whitewater-armory","Whitewater",WI,53190,"Jefferson",zip_nearest_county_centroid,0.6,0.2379,"ZCTA spans 3 counties; nearest county centroid is 20 km away, next is 24 km (margin 4 km) — OVERRODE the larger-by-land-area candidate"
"whitewater-high-school-whitewater-wi","Whitewater",WI,53190,"Jefferson",zip_nearest_county_centroid,0.6,0.2379,"ZCTA spans 3 counties; nearest county centroid is 21 km away, next is 25 km (margin 4 km) — OVERRODE the larger-by-land-area candidate"
"windsor-community-park-deforest-windsor-wi","Windsor",WI,53532,"Dane",zip_nearest_county_centroid,0.78,0.8513,"ZCTA spans 2 counties; nearest county centroid is 18 km away, next is 29 km (margin 12 km)"
"just-a-game-fieldhouse-wi-dells-wisconsin-dells-wi","Wisconsin Dells",WI,53965,"Sauk",zip_nearest_county_centroid,0.78,0.1677,"ZCTA spans 4 counties; nearest county centroid is 26 km away, next is 39 km (margin 13 km) — OVERRODE the larger-by-land-area candidate"
"justagame-fieldhouse","Wisconsin Dells",WI,53965,"Sauk",zip_nearest_county_centroid,0.78,0.1677,"ZCTA spans 4 counties; nearest county centroid is 26 km away, next is 39 km (margin 13 km) — OVERRODE the larger-by-land-area candidate"
"ralph-hines-memorial-park-wisconsin-dells-wi","Wisconsin Dells",WI,53965,"Sauk",zip_nearest_county_centroid,0.78,0.1677,"ZCTA spans 4 counties; nearest county centroid is 26 km away, next is 39 km (margin 13 km) — OVERRODE the larger-by-land-area candidate"
"ymca-south-wood-county","Wisconsin Rapids",WI,54494,"Wood",zip_nearest_county_centroid,0.78,0.5682,"ZCTA spans 3 counties; nearest county centroid is 19 km away, next is 27 km (margin 9 km)"
"wrightstown-wrightstown-wi","Wrightstown",WI,54180,"Brown",zip_nearest_county_centroid,0.6,0.8503,"ZCTA spans 2 counties; nearest county centroid is 21 km away, next is 26 km (margin 5 km)"
"the-bridge","Bridgeport",WV,26330,"Harrison",zip_nearest_county_centroid,0.6,0.7134,"ZCTA spans 3 counties; nearest county centroid is 11 km away, next is 19 km (margin 7 km)"
"ymca-of-kanawha-valley","Charleston",WV,,"",none,0,,"no postal_code"
"central-christian-church","Fairmont",WV,26554,"Marion",zip_nearest_county_centroid,0.78,0.8726,"ZCTA spans 4 counties; nearest county centroid is 8 km away, next is 18 km (margin 11 km)"
"east-marion-park-wave-tec","Fairmont",WV,26554,"Marion",zip_nearest_county_centroid,0.6,0.8726,"ZCTA spans 4 counties; nearest county centroid is 10 km away, next is 17 km (margin 7 km)"
"ceredo-pickleball-courts-huntington-wv","Huntington",WV,25704,"Cabell",zip_nearest_county_centroid,0.78,0.0586,"ZCTA spans 2 counties; nearest county centroid is 11 km away, next is 31 km (margin 20 km) — OVERRODE the larger-by-land-area candidate"
"ritter-park-pickleball-courts-huntington-wv","Huntington",WV,25701,"Cabell",zip_nearest_county_centroid,0.78,0.7407,"ZCTA spans 2 counties; nearest county centroid is 16 km away, next is 28 km (margin 12 km)"
"ritter-park-tennis-center","Huntington",WV,25701,"Cabell",zip_nearest_county_centroid,0.78,0.7407,"ZCTA spans 2 counties; nearest county centroid is 17 km away, next is 29 km (margin 12 km)"
"ritter-park-tennis-courts","Huntington",WV,25701,"Cabell",zip_nearest_county_centroid,0.78,0.7407,"ZCTA spans 2 counties; nearest county centroid is 17 km away, next is 29 km (margin 13 km)"
"hurricane-bridge-park-hurricane-wv","Hurricane",WV,25526,"Putnam",zip_nearest_county_centroid,0.78,0.9863,"ZCTA spans 3 counties; nearest county centroid is 14 km away, next is 29 km (margin 15 km)"
"hurricane-bridge-park","Hurricane",WV,25526,"Putnam",zip_nearest_county_centroid,0.78,0.9863,"ZCTA spans 3 counties; nearest county centroid is 13 km away, next is 30 km (margin 17 km)"
"james-hite-park-pickleball-courts-leetown","Leetown",WV,,"",none,0,,"no postal_code"
"brooklyn-park-new-martinsville-wv","New Martinsville",WV,26155,"Tyler",zip_nearest_county_centroid,0.6,0.1273,"ZCTA spans 3 counties; nearest county centroid is 19 km away, next is 20 km (margin 1 km) — OVERRODE the larger-by-land-area candidate"
"bruce-park-new-martinsville-wv","New Martinsville",WV,26155,"Tyler",zip_nearest_county_centroid,0.6,0.1273,"ZCTA spans 3 counties; nearest county centroid is 20 km away, next is 20 km (margin 0 km) — OVERRODE the larger-by-land-area candidate"
"nitro-athletic-complex","Nitro",WV,25143,"Putnam",zip_nearest_county_centroid,0.78,0.3214,"ZCTA spans 2 counties; nearest county centroid is 11 km away, next is 30 km (margin 19 km) — OVERRODE the larger-by-land-area candidate"
"nitro-city-park-indoor-courts-nitro-wv","Nitro",WV,25143,"Putnam",zip_nearest_county_centroid,0.78,0.3214,"ZCTA spans 2 counties; nearest county centroid is 11 km away, next is 30 km (margin 19 km) — OVERRODE the larger-by-land-area candidate"
"avalon-resort","Paw Paw",WV,25434,"Morgan",zip_nearest_county_centroid,0.78,0.1411,"ZCTA spans 2 counties; nearest county centroid is 17 km away, next is 28 km (margin 10 km) — OVERRODE the larger-by-land-area candidate"
"princeton-recreation-center","Princeton",WV,,"",none,0,,"no postal_code"
"bane-harris-community-park-shepherdstown-wv","Shepherdstown",WV,25443,"Jefferson",zip_nearest_county_centroid,0.6,0.8985,"ZCTA spans 2 counties; nearest county centroid is 15 km away, next is 19 km (margin 5 km)"
"shepherd-u-wellness-center-shepherdstown-wv","Shepherdstown",WV,25443,"Jefferson",zip_nearest_county_centroid,0.6,0.8985,"ZCTA spans 2 counties; nearest county centroid is 15 km away, next is 19 km (margin 4 km)"
"boys-girls-club-weirton-wv","Weirton",WV,26062,"Hancock",zip_nearest_county_centroid,0.6,0.767,"ZCTA spans 2 counties; nearest county centroid is 13 km away, next is 14 km (margin 1 km)"
"marland-heights-park-weirton-wv","Weirton",WV,26062,"Hancock",zip_nearest_county_centroid,0.6,0.767,"ZCTA spans 2 counties; nearest county centroid is 13 km away, next is 15 km (margin 2 km)"
"starvaggi-memorial-pool-park-weirton-wv","Weirton",WV,26062,"Hancock",zip_nearest_county_centroid,0.6,0.767,"ZCTA spans 2 counties; nearest county centroid is 12 km away, next is 16 km (margin 4 km)"
"starvaggi-park","Weirton",WV,26062,"Hancock",zip_nearest_county_centroid,0.6,0.767,"ZCTA spans 2 counties; nearest county centroid is 13 km away, next is 14 km (margin 1 km)"
"weirton-community-center-weirton-wv","Weirton",WV,26062,"Hancock",zip_nearest_county_centroid,0.6,0.767,"ZCTA spans 2 counties; nearest county centroid is 13 km away, next is 14 km (margin 1 km)"
"linkous-park-welch-wv","Welch",WV,24801,"McDowell",zip_nearest_county_centroid,0.78,0.4725,"ZCTA spans 2 counties; nearest county centroid is 9 km away, next is 19 km (margin 11 km) — OVERRODE the larger-by-land-area candidate"
"chambers-ymca-wheeling-wv","Wheeling",WV,26003,"Ohio",zip_nearest_county_centroid,0.78,0.6149,"ZCTA spans 3 counties; nearest county centroid is 7 km away, next is 21 km (margin 14 km)"
"edgington-lane-wheeling-wv","Wheeling",WV,26003,"Ohio",zip_nearest_county_centroid,0.78,0.6149,"ZCTA spans 3 counties; nearest county centroid is 9 km away, next is 24 km (margin 14 km)"
"hampton-inn-wheeling-wv","Wheeling",WV,26003,"Ohio",zip_nearest_county_centroid,0.78,0.6149,"ZCTA spans 3 counties; nearest county centroid is 7 km away, next is 24 km (margin 17 km)"
"highlands-sports-complex-wheeling-wv","Wheeling",WV,26003,"Ohio",zip_nearest_county_centroid,0.78,0.6149,"ZCTA spans 3 counties; nearest county centroid is 9 km away, next is 24 km (margin 14 km)"
"howard-long-wellness-center-court-2-large-gym-up-to-2-hours","Wheeling",WV,26003,"Ohio",zip_nearest_county_centroid,0.78,0.6149,"ZCTA spans 3 counties; nearest county centroid is 9 km away, next is 24 km (margin 14 km)"
"howard-long-wellness-center-mt-de-chantal-wheeling-wv","Wheeling",WV,26003,"Ohio",zip_nearest_county_centroid,0.78,0.6149,"ZCTA spans 3 counties; nearest county centroid is 7 km away, next is 24 km (margin 17 km)"
"oglebay-park-wheeling-wv","Wheeling",WV,26003,"Ohio",zip_nearest_county_centroid,0.78,0.6149,"ZCTA spans 3 counties; nearest county centroid is 4 km away, next is 20 km (margin 17 km)"
"pat-s-pickleball-courts","Wheeling",WV,26003,"Ohio",zip_nearest_county_centroid,0.78,0.6149,"ZCTA spans 3 counties; nearest county centroid is 9 km away, next is 24 km (margin 14 km)"
"the-pat-carroll-pickleball-courts-patterson-elm-grove","Wheeling",WV,26003,"Ohio",zip_nearest_county_centroid,0.78,0.6149,"ZCTA spans 3 counties; nearest county centroid is 8 km away, next is 20 km (margin 12 km)"
"warwood-wheeling-wv","Wheeling",WV,26003,"Ohio",zip_nearest_county_centroid,0.78,0.6149,"ZCTA spans 3 counties; nearest county centroid is 7 km away, next is 21 km (margin 13 km)"
"wheeling-university-wheeling-wv","Wheeling",WV,26003,"Ohio",zip_nearest_county_centroid,0.78,0.6149,"ZCTA spans 3 counties; nearest county centroid is 7 km away, next is 24 km (margin 17 km)"
"lifetime-health-fitness","Casper",WY,,"",none,0,,"no postal_code"
"pine-bluffs-community-center","Pine Bluffs",WY,82082,"Kimball",zip_nearest_county_centroid,0,0.1069,"derived county is in NE but the row says WY - ZIP or state is wrong"
"powell-outdoor-courts","Powell",WY,82435,"Big Horn",zip_nearest_county_centroid,0.6,0.0449,"ZCTA spans 2 counties; nearest county centroid is 66 km away, next is 72 km (margin 7 km) — OVERRODE the larger-by-land-area candidate"
"svr-association-courts-star-valley-ranch-wy","Star Valley Ranch",WY,83127,"Caribou",zip_nearest_county_centroid,0,0.4781,"derived county is in ID but the row says WY - ZIP or state is wrong"
"star-valley-ranch-rv-resort","Thayne",WY,83127,"Caribou",zip_nearest_county_centroid,0,0.4781,"derived county is in ID but the row says WY - ZIP or state is wrong"
"thayne-community-center-gym-thayne-wy","Thayne",WY,83127,"Caribou",zip_nearest_county_centroid,0,0.4781,"derived county is in ID but the row says WY - ZIP or state is wrong"
"worland-wy-pickleball","Worland",WY,,"",none,0,,"no postal_code"